# Blender 5.0.1
# www.blender.org
mtllib pit_plane.mtl
o Cylinder
v -1.000000 0.000000 1.000000
v 1.000000 0.000000 1.000000
v -1.000000 0.000000 -1.000000
v 1.000000 0.000000 -1.000000
v -1.000000 0.000000 -0.960784
v -1.000000 0.000000 -0.921569
v -1.000000 0.000000 -0.882353
v -1.000000 0.000000 -0.843137
v -1.000000 0.000000 -0.803922
v -1.000000 0.000000 -0.764706
v -1.000000 0.000000 -0.725490
v -1.000000 0.000000 -0.686275
v -1.000000 0.000000 -0.647059
v -1.000000 0.000000 -0.607843
v -1.000000 0.000000 -0.568627
v -1.000000 0.000000 -0.529412
v -1.000000 0.000000 -0.490196
v -1.000000 0.000000 -0.450980
v -1.000000 0.000000 -0.411765
v -1.000000 0.000000 -0.372549
v -1.000000 0.000053 -0.333333
v -1.000000 0.000204 -0.294118
v -1.000000 0.000401 -0.254902
v -1.000000 0.000601 -0.215686
v -1.000000 0.000770 -0.176471
v -1.000000 0.000882 -0.137255
v -1.000000 0.000921 -0.098039
v -1.000000 0.000882 -0.058824
v -1.000000 0.000770 -0.019608
v -1.000000 0.000601 0.019608
v -1.000000 0.000401 0.058823
v -1.000000 0.000204 0.098039
v -1.000000 0.000053 0.137255
v -1.000000 0.000000 0.176471
v -1.000000 0.000000 0.215686
v -1.000000 0.000000 0.254902
v -1.000000 0.000000 0.294118
v -1.000000 0.000000 0.333333
v -1.000000 0.000000 0.372549
v -1.000000 0.000000 0.411765
v -1.000000 0.000000 0.450980
v -1.000000 0.000000 0.490196
v -1.000000 0.000000 0.529412
v -1.000000 0.000000 0.568627
v -1.000000 0.000000 0.607843
v -1.000000 0.000000 0.647059
v -1.000000 0.000000 0.686274
v -1.000000 0.000000 0.725490
v -1.000000 0.000000 0.764706
v -1.000000 0.000000 0.803922
v -1.000000 0.000000 0.843137
v -1.000000 0.000000 0.882353
v -1.000000 0.000000 0.921569
v -1.000000 0.000000 0.960784
v 1.000000 0.000000 0.960784
v 1.000000 0.000000 0.921569
v 1.000000 0.000000 0.882353
v 1.000000 0.000001 0.843137
v 1.000000 0.000204 0.803922
v 1.000000 0.000700 0.764706
v 1.000000 0.001408 0.725490
v 1.000000 0.002247 0.686275
v 1.000000 0.003146 0.647059
v 1.000000 0.004035 0.607843
v 1.000000 0.004854 0.568627
v 1.000000 0.005549 0.529412
v 1.000000 0.006077 0.490196
v 1.000000 0.006408 0.450980
v 1.000000 0.006520 0.411765
v 1.000000 0.006408 0.372549
v 1.000000 0.006077 0.333333
v 1.000000 0.005549 0.294118
v 1.000000 0.004854 0.254902
v 1.000000 0.004035 0.215686
v 1.000000 0.003146 0.176471
v 1.000000 0.002642 0.137255
v 1.000000 0.003781 0.098039
v 1.000000 0.004950 0.058824
v 1.000000 0.006077 0.019608
v 1.000000 0.007098 -0.019608
v 1.000000 0.007956 -0.058823
v 1.000000 0.008603 -0.098039
v 1.000000 0.009006 -0.137255
v 1.000000 0.009143 -0.176471
v 1.000000 0.009006 -0.215686
v 1.000000 0.008603 -0.254902
v 1.000000 0.007956 -0.294118
v 1.000000 0.007098 -0.333333
v 1.000000 0.006077 -0.372549
v 1.000000 0.004950 -0.411765
v 1.000000 0.003781 -0.450980
v 1.000000 0.002642 -0.490196
v 1.000000 0.001611 -0.529412
v 1.000000 0.000770 -0.568627
v 1.000000 0.000204 -0.607843
v 1.000000 0.000000 -0.647059
v 1.000000 0.000000 -0.686274
v 1.000000 0.000000 -0.725490
v 1.000000 0.000000 -0.764706
v 1.000000 0.000000 -0.803922
v 1.000000 0.000000 -0.843137
v 1.000000 0.000000 -0.882353
v 1.000000 0.000000 -0.921569
v 1.000000 0.000000 -0.960784
v -0.960784 0.000000 1.000000
v -0.921569 0.000000 1.000000
v -0.882353 0.000000 1.000000
v -0.843137 0.000000 1.000000
v -0.803922 0.000000 1.000000
v -0.764706 0.000000 1.000000
v -0.725490 0.000000 1.000000
v -0.686275 0.000000 1.000000
v -0.647059 0.000000 1.000000
v -0.607843 0.000000 1.000000
v -0.568627 0.000000 1.000000
v -0.529412 0.000000 1.000000
v -0.490196 0.000000 1.000000
v -0.450980 0.000000 1.000000
v -0.411765 0.000000 1.000000
v -0.372549 0.000292 1.000000
v -0.333333 0.001707 1.000000
v -0.294118 0.004133 1.000000
v -0.254902 0.007390 1.000000
v -0.215686 0.011299 1.000000
v -0.176471 0.015682 1.000000
v -0.137255 0.020361 1.000000
v -0.098039 0.025164 1.000000
v -0.058824 0.029919 1.000000
v -0.019608 0.034462 1.000000
v 0.019608 0.038633 1.000000
v 0.058823 0.042286 1.000000
v 0.098039 0.045286 1.000000
v 0.137255 0.047519 1.000000
v 0.176471 0.048897 1.000000
v 0.215686 0.049362 1.000000
v 0.254902 0.048897 1.000000
v 0.294118 0.047519 1.000000
v 0.333333 0.045286 1.000000
v 0.372549 0.042286 1.000000
v 0.411765 0.038636 1.000000
v 0.450980 0.034498 1.000000
v 0.490196 0.030004 1.000000
v 0.529412 0.025287 1.000000
v 0.568627 0.020499 1.000000
v 0.607843 0.015805 1.000000
v 0.647059 0.011384 1.000000
v 0.686274 0.007427 1.000000
v 0.725490 0.004136 1.000000
v 0.764706 0.001707 1.000000
v 0.803922 0.000292 1.000000
v 0.843137 0.000000 1.000000
v 0.882353 0.000000 1.000000
v 0.921569 0.000000 1.000000
v 0.960784 0.000000 1.000000
v 0.960784 0.000000 -1.000000
v 0.921569 0.000000 -1.000000
v 0.882353 0.000000 -1.000000
v 0.843137 0.000000 -1.000000
v 0.803922 0.000000 -1.000000
v 0.764706 0.000000 -1.000000
v 0.725490 0.000000 -1.000000
v 0.686275 0.000000 -1.000000
v 0.647059 0.000000 -1.000000
v 0.607843 0.000000 -1.000000
v 0.568627 0.000000 -1.000000
v 0.529412 0.000000 -1.000000
v 0.490196 0.000000 -1.000000
v 0.450980 0.000000 -1.000000
v 0.411765 0.000000 -1.000000
v 0.372549 0.000000 -1.000000
v 0.333333 0.000000 -1.000000
v 0.294118 0.000000 -1.000000
v 0.254902 0.000000 -1.000000
v 0.215686 0.000000 -1.000000
v 0.176471 0.000000 -1.000000
v 0.137255 0.000000 -1.000000
v 0.098039 0.000000 -1.000000
v 0.058824 0.000000 -1.000000
v 0.019608 0.000000 -1.000000
v -0.019608 0.000000 -1.000000
v -0.058823 0.000000 -1.000000
v -0.098039 0.000000 -1.000000
v -0.137255 0.000000 -1.000000
v -0.176471 0.000000 -1.000000
v -0.215686 0.000000 -1.000000
v -0.254902 0.000000 -1.000000
v -0.294118 0.000000 -1.000000
v -0.333333 0.000000 -1.000000
v -0.372549 0.000000 -1.000000
v -0.411765 0.000000 -1.000000
v -0.450980 0.000000 -1.000000
v -0.490196 0.000000 -1.000000
v -0.529412 0.000000 -1.000000
v -0.568627 0.000000 -1.000000
v -0.607843 0.000000 -1.000000
v -0.647059 0.000000 -1.000000
v -0.686274 0.000000 -1.000000
v -0.725490 0.000000 -1.000000
v -0.764706 0.000000 -1.000000
v -0.803922 0.000000 -1.000000
v -0.843137 0.000000 -1.000000
v -0.882353 0.000000 -1.000000
v -0.921569 0.000000 -1.000000
v -0.960784 0.000000 -1.000000
v 0.960784 0.000000 0.960784
v 0.921569 0.000000 0.960784
v 0.882353 0.000000 0.960784
v 0.843137 0.000005 0.960784
v 0.803922 0.000831 0.960784
v 0.764706 0.002942 0.960784
v 0.725490 0.006103 0.960784
v 0.686275 0.010091 0.960784
v 0.647059 0.014688 0.960784
v 0.607843 0.019690 0.960784
v 0.568627 0.024901 0.960784
v 0.529412 0.030139 0.960784
v 0.490196 0.035233 0.960784
v 0.450980 0.040029 0.960784
v 0.411765 0.044385 0.960784
v 0.372549 0.048180 0.960784
v 0.333333 0.051311 0.960784
v 0.294118 0.053705 0.960784
v 0.254902 0.055216 0.960784
v 0.215686 0.055727 0.960784
v 0.176471 0.055216 0.960784
v 0.137255 0.053705 0.960784
v 0.098039 0.051258 0.960784
v 0.058824 0.047975 0.960784
v 0.019608 0.043983 0.960784
v -0.019608 0.039426 0.960784
v -0.058823 0.034462 0.960784
v -0.098039 0.029256 0.960784
v -0.137255 0.023979 0.960784
v -0.176471 0.018807 0.960784
v -0.215686 0.013918 0.960784
v -0.254902 0.009489 0.960784
v -0.294118 0.005702 0.960784
v -0.333333 0.002738 0.960784
v -0.372549 0.000778 0.960784
v -0.411765 0.000005 0.960784
v -0.450980 0.000000 0.960784
v -0.490196 0.000000 0.960784
v -0.529412 0.000000 0.960784
v -0.568627 0.000000 0.960784
v -0.607843 0.000000 0.960784
v -0.647059 0.000000 0.960784
v -0.686274 0.000000 0.960784
v -0.725490 0.000000 0.960784
v -0.764706 0.000000 0.960784
v -0.803922 0.000000 0.960784
v -0.843137 0.000000 0.960784
v -0.882353 0.000000 0.960784
v -0.921569 0.000000 0.960784
v -0.960784 0.000000 0.960784
v 0.960784 0.000000 0.921569
v 0.921569 0.000000 0.921569
v 0.882353 0.000045 0.921569
v 0.843137 0.000390 0.921569
v 0.803922 0.001978 0.921569
v 0.764706 0.004811 0.921569
v 0.725490 0.008649 0.921569
v 0.686275 0.013265 0.921569
v 0.647059 0.018439 0.921569
v 0.607843 0.023961 0.921569
v 0.568627 0.029634 0.921569
v 0.529412 0.035271 0.921569
v 0.490196 0.040699 0.921569
v 0.450980 0.045760 0.921569
v 0.411765 0.050307 0.921569
v 0.372549 0.054212 0.921569
v 0.333333 0.057364 0.921569
v 0.294118 0.059679 0.921569
v 0.254902 0.061105 0.921569
v 0.215686 0.061617 0.921569
v 0.176471 0.061060 0.921569
v 0.137255 0.059416 0.921569
v 0.098039 0.056761 0.921569
v 0.058824 0.053208 0.921569
v 0.019608 0.048897 0.921569
v -0.019608 0.043983 0.921569
v -0.058823 0.038633 0.921569
v -0.098039 0.033020 0.921569
v -0.137255 0.027320 0.921569
v -0.176471 0.021711 0.921569
v -0.215686 0.016374 0.921569
v -0.254902 0.011490 0.921569
v -0.294118 0.007241 0.921569
v -0.333333 0.003809 0.921569
v -0.372549 0.001377 0.921569
v -0.411765 0.000128 0.921569
v -0.450980 0.000000 0.921569
v -0.490196 0.000000 0.921569
v -0.529412 0.000000 0.921569
v -0.568627 0.000000 0.921569
v -0.607843 0.000000 0.921569
v -0.647059 0.000000 0.921569
v -0.686274 0.000000 0.921569
v -0.725490 0.000000 0.921569
v -0.764706 0.000000 0.921569
v -0.803922 0.000000 0.921569
v -0.843137 0.000000 0.921569
v -0.882353 0.000000 0.921569
v -0.921569 0.000000 0.921569
v -0.960784 0.000000 0.921569
v 0.960784 0.000000 0.882353
v 0.921569 0.000138 0.882353
v 0.882353 0.000510 0.882353
v 0.843137 0.001395 0.882353
v 0.803922 0.003662 0.882353
v 0.764706 0.007136 0.882353
v 0.725490 0.011574 0.882353
v 0.686275 0.016744 0.882353
v 0.647059 0.022422 0.882353
v 0.607843 0.028397 0.882353
v 0.568627 0.034468 0.882353
v 0.529412 0.040445 0.882353
v 0.490196 0.046155 0.882353
v 0.450980 0.051436 0.882353
v 0.411765 0.056137 0.882353
v 0.372549 0.060127 0.882353
v 0.333333 0.063285 0.882353
v 0.294118 0.065518 0.882353
v 0.254902 0.066758 0.882353
v 0.215686 0.066986 0.882353
v 0.176471 0.066246 0.882353
v 0.137255 0.064472 0.882353
v 0.098039 0.061617 0.882353
v 0.058824 0.057811 0.882353
v 0.019608 0.053208 0.882353
v -0.019608 0.047975 0.882353
v -0.058823 0.042286 0.882353
v -0.098039 0.036319 0.882353
v -0.137255 0.030254 0.882353
v -0.176471 0.024272 0.882353
v -0.215686 0.018555 0.882353
v -0.254902 0.013286 0.882353
v -0.294118 0.008648 0.882353
v -0.333333 0.004824 0.882353
v -0.372549 0.001997 0.882353
v -0.411765 0.000351 0.882353
v -0.450980 0.000000 0.882353
v -0.490196 0.000000 0.882353
v -0.529412 0.000000 0.882353
v -0.568627 0.000000 0.882353
v -0.607843 0.000000 0.882353
v -0.647059 0.000000 0.882353
v -0.686274 0.000000 0.882353
v -0.725490 0.000000 0.882353
v -0.764706 0.000000 0.882353
v -0.803922 0.000000 0.882353
v -0.843137 0.000000 0.882353
v -0.882353 0.000000 0.882353
v -0.921569 0.000000 0.882353
v -0.960784 0.000000 0.882353
v 0.960784 0.000204 0.843137
v 0.921569 0.000700 0.843137
v 0.882353 0.001408 0.843137
v 0.843137 0.002851 0.843137
v 0.803922 0.005710 0.843137
v 0.764706 0.009738 0.843137
v 0.725490 0.014693 0.843137
v 0.686275 0.020336 0.843137
v 0.647059 0.026441 0.843137
v 0.607843 0.032793 0.843137
v 0.568627 0.039189 0.843137
v 0.529412 0.045439 0.843137
v 0.490196 0.051367 0.843137
v 0.450980 0.056811 0.843137
v 0.411765 0.061620 0.843137
v 0.372549 0.065658 0.843137
v 0.333333 0.068801 0.843137
v 0.294118 0.070943 0.843137
v 0.254902 0.072001 0.843137
v 0.215686 0.071939 0.843137
v 0.176471 0.070794 0.843137
v 0.137255 0.068691 0.843137
v 0.098039 0.065649 0.843137
v 0.058824 0.061617 0.843137
v 0.019608 0.056761 0.843137
v -0.019608 0.051258 0.843137
v -0.058823 0.045286 0.843137
v -0.098039 0.039028 0.843137
v -0.137255 0.032666 0.843137
v -0.176471 0.026383 0.843137
v -0.215686 0.020361 0.843137
v -0.254902 0.014785 0.843137
v -0.294118 0.009837 0.843137
v -0.333333 0.005702 0.843137
v -0.372549 0.002563 0.843137
v -0.411765 0.000603 0.843137
v -0.450980 0.000135 0.843137
v -0.490196 0.000239 0.843137
v -0.529412 0.000135 0.843137
v -0.568627 0.000000 0.843137
v -0.607843 0.000000 0.843137
v -0.647059 0.000000 0.843137
v -0.686274 0.000000 0.843137
v -0.725490 0.000000 0.843137
v -0.764706 0.000000 0.843137
v -0.803922 0.000000 0.843137
v -0.843137 0.000000 0.843137
v -0.882353 0.000000 0.843137
v -0.921569 0.000000 0.843137
v -0.960784 0.000000 0.843137
v 0.960784 0.000770 0.803922
v 0.921569 0.001611 0.803922
v 0.882353 0.002644 0.803922
v 0.843137 0.004606 0.803922
v 0.803922 0.007962 0.803922
v 0.764706 0.012455 0.803922
v 0.725490 0.017837 0.803922
v 0.686275 0.023867 0.803922
v 0.647059 0.030314 0.803922
v 0.607843 0.036961 0.803922
v 0.568627 0.043603 0.803922
v 0.529412 0.050048 0.803922
v 0.490196 0.056122 0.803922
v 0.450980 0.061661 0.803922
v 0.411765 0.066517 0.803922
v 0.372549 0.070554 0.803922
v 0.333333 0.073646 0.803922
v 0.294118 0.075679 0.803922
v 0.254902 0.076556 0.803922
v 0.215686 0.076215 0.803922
v 0.176471 0.074680 0.803922
v 0.137255 0.072096 0.803922
v 0.098039 0.068690 0.803922
v 0.058824 0.064472 0.803922
v 0.019608 0.059416 0.803922
v -0.019608 0.053705 0.803922
v -0.058823 0.047519 0.803922
v -0.098039 0.041044 0.803922
v -0.137255 0.034462 0.803922
v -0.176471 0.027956 0.803922
v -0.215686 0.021711 0.803922
v -0.254902 0.015911 0.803922
v -0.294118 0.010738 0.803922
v -0.333333 0.006392 0.803922
v -0.372549 0.003978 0.803922
v -0.411765 0.003418 0.803922
v -0.450980 0.003971 0.803922
v -0.490196 0.004498 0.803922
v -0.529412 0.003969 0.803922
v -0.568627 0.002592 0.803922
v -0.607843 0.000966 0.803922
v -0.647059 0.000015 0.803922
v -0.686274 0.000000 0.803922
v -0.725490 0.000000 0.803922
v -0.764706 0.000000 0.803922
v -0.803922 0.000000 0.803922
v -0.843137 0.000000 0.803922
v -0.882353 0.000000 0.803922
v -0.921569 0.000000 0.803922
v -0.960784 0.000000 0.803922
v 0.960784 0.001611 0.764706
v 0.921569 0.002781 0.764706
v 0.882353 0.004137 0.764706
v 0.843137 0.006525 0.764706
v 0.803922 0.010280 0.764706
v 0.764706 0.015142 0.764706
v 0.725490 0.020858 0.764706
v 0.686275 0.027184 0.764706
v 0.647059 0.033884 0.764706
v 0.607843 0.040738 0.764706
v 0.568627 0.047539 0.764706
v 0.529412 0.054095 0.764706
v 0.490196 0.060231 0.764706
v 0.450980 0.065786 0.764706
v 0.411765 0.070616 0.764706
v 0.372549 0.074586 0.764706
v 0.333333 0.077573 0.764706
v 0.294118 0.079462 0.764706
v 0.254902 0.080147 0.764706
v 0.215686 0.079539 0.764706
v 0.176471 0.077634 0.764706
v 0.137255 0.074610 0.764706
v 0.098039 0.070727 0.764706
v 0.058824 0.066246 0.764706
v 0.019608 0.061060 0.764706
v -0.019608 0.055216 0.764706
v -0.058823 0.048897 0.764706
v -0.098039 0.042286 0.764706
v -0.137255 0.035569 0.764706
v -0.176471 0.028927 0.764706
v -0.215686 0.022546 0.764706
v -0.254902 0.016609 0.764706
v -0.294118 0.011434 0.764706
v -0.333333 0.009004 0.764706
v -0.372549 0.008962 0.764706
v -0.411765 0.010197 0.764706
v -0.450980 0.011843 0.764706
v -0.490196 0.012779 0.764706
v -0.529412 0.011825 0.764706
v -0.568627 0.009222 0.764706
v -0.607843 0.005662 0.764706
v -0.647059 0.002201 0.764706
v -0.686274 0.000135 0.764706
v -0.725490 0.000000 0.764706
v -0.764706 0.000000 0.764706
v -0.803922 0.000000 0.764706
v -0.843137 0.000000 0.764706
v -0.882353 0.000000 0.764706
v -0.921569 0.000000 0.764706
v -0.960784 0.000000 0.764706
v 0.960784 0.002642 0.725490
v 0.921569 0.004122 0.725490
v 0.882353 0.005779 0.725490
v 0.843137 0.008488 0.725490
v 0.803922 0.012540 0.725490
v 0.764706 0.017673 0.725490
v 0.725490 0.023628 0.725490
v 0.686275 0.030155 0.725490
v 0.647059 0.037016 0.725490
v 0.607843 0.043986 0.725490
v 0.568627 0.050855 0.725490
v 0.529412 0.057431 0.725490
v 0.490196 0.063540 0.725490
v 0.450980 0.069025 0.725490
v 0.411765 0.073743 0.725490
v 0.372549 0.077567 0.725490
v 0.333333 0.080376 0.725490
v 0.294118 0.082060 0.725490
v 0.254902 0.082514 0.725490
v 0.215686 0.081639 0.725490
v 0.176471 0.079399 0.725490
v 0.137255 0.076010 0.725490
v 0.098039 0.071749 0.725490
v 0.058824 0.066893 0.725490
v 0.019608 0.061617 0.725490
v -0.019608 0.055727 0.725490
v -0.058823 0.049362 0.725490
v -0.098039 0.042706 0.725490
v -0.137255 0.035943 0.725490
v -0.176471 0.029256 0.725490
v -0.215686 0.022829 0.725490
v -0.254902 0.016861 0.725490
v -0.294118 0.013693 0.725490
v -0.333333 0.013919 0.725490
v -0.372549 0.016173 0.725490
v -0.411765 0.019047 0.725490
v -0.450980 0.020568 0.725490
v -0.490196 0.020506 0.725490
v -0.529412 0.018589 0.725490
v -0.568627 0.015426 0.725490
v -0.607843 0.011464 0.725490
v -0.647059 0.006870 0.725490
v -0.686274 0.002201 0.725490
v -0.725490 0.000015 0.725490
v -0.764706 0.000000 0.725490
v -0.803922 0.000000 0.725490
v -0.843137 0.000000 0.725490
v -0.882353 0.000000 0.725490
v -0.921569 0.000000 0.725490
v -0.960784 0.000000 0.725490
v 0.960784 0.003781 0.686275
v 0.921569 0.005549 0.686275
v 0.882353 0.007474 0.686275
v 0.843137 0.010395 0.686275
v 0.803922 0.014641 0.686275
v 0.764706 0.019943 0.686275
v 0.725490 0.026039 0.686275
v 0.686275 0.032672 0.686275
v 0.647059 0.039600 0.686275
v 0.607843 0.046593 0.686275
v 0.568627 0.053438 0.686275
v 0.529412 0.059942 0.686275
v 0.490196 0.065933 0.686275
v 0.450980 0.071257 0.686275
v 0.411765 0.075777 0.686275
v 0.372549 0.079369 0.686275
v 0.333333 0.081919 0.686275
v 0.294118 0.083322 0.686275
v 0.254902 0.083479 0.686275
v 0.215686 0.082306 0.686275
v 0.176471 0.079806 0.686275
v 0.137255 0.076160 0.686275
v 0.098039 0.071635 0.686275
v 0.058824 0.066509 0.686275
v 0.019608 0.061060 0.686275
v -0.019608 0.055216 0.686275
v -0.058823 0.048897 0.686275
v -0.098039 0.042286 0.686275
v -0.137255 0.035569 0.686275
v -0.176471 0.028927 0.686275
v -0.215686 0.022546 0.686275
v -0.254902 0.017576 0.686275
v -0.294118 0.016963 0.686275
v -0.333333 0.019575 0.686275
v -0.372549 0.023410 0.686275
v -0.411765 0.025234 0.686275
v -0.450980 0.025391 0.686275
v -0.490196 0.024091 0.686275
v -0.529412 0.021196 0.686275
v -0.568627 0.017502 0.686275
v -0.607843 0.013588 0.686275
v -0.647059 0.009589 0.686275
v -0.686274 0.005280 0.686275
v -0.725490 0.000966 0.686275
v -0.764706 0.000000 0.686275
v -0.803922 0.000000 0.686275
v -0.843137 0.000000 0.686275
v -0.882353 0.000000 0.686275
v -0.921569 0.000000 0.686275
v -0.960784 0.000000 0.686275
v 0.960784 0.004950 0.647059
v 0.921569 0.006980 0.647059
v 0.882353 0.009145 0.647059
v 0.843137 0.012169 0.647059
v 0.803922 0.016501 0.647059
v 0.764706 0.021869 0.647059
v 0.725490 0.028006 0.647059
v 0.686275 0.034650 0.647059
v 0.647059 0.041552 0.647059
v 0.607843 0.048476 0.647059
v 0.568627 0.055207 0.647059
v 0.529412 0.061549 0.647059
v 0.490196 0.067333 0.647059
v 0.450980 0.072409 0.647059
v 0.411765 0.076648 0.647059
v 0.372549 0.079932 0.647059
v 0.333333 0.082155 0.647059
v 0.294118 0.083221 0.647059
v 0.254902 0.083046 0.647059
v 0.215686 0.081583 0.647059
v 0.176471 0.078864 0.647059
v 0.137255 0.075044 0.647059
v 0.098039 0.070302 0.647059
v 0.058824 0.064548 0.647059
v 0.019608 0.058402 0.647059
v -0.019608 0.052363 0.647059
v -0.058823 0.046309 0.647059
v -0.098039 0.040307 0.647059
v -0.137255 0.034274 0.647059
v -0.176471 0.027956 0.647059
v -0.215686 0.021711 0.647059
v -0.254902 0.018505 0.647059
v -0.294118 0.019959 0.647059
v -0.333333 0.024361 0.647059
v -0.372549 0.027224 0.647059
v -0.411765 0.027778 0.647059
v -0.450980 0.026822 0.647059
v -0.490196 0.024378 0.647059
v -0.529412 0.020493 0.647059
v -0.568627 0.016279 0.647059
v -0.607843 0.012518 0.647059
v -0.647059 0.009283 0.647059
v -0.686274 0.006133 0.647059
v -0.725490 0.002513 0.647059
v -0.764706 0.000000 0.647059
v -0.803922 0.000000 0.647059
v -0.843137 0.000000 0.647059
v -0.882353 0.000000 0.647059
v -0.921569 0.000000 0.647059
v -0.960784 0.000000 0.647059
v 0.960784 0.006077 0.607843
v 0.921569 0.008341 0.607843
v 0.882353 0.010729 0.607843
v 0.843137 0.013749 0.607843
v 0.803922 0.018059 0.607843
v 0.764706 0.023389 0.607843
v 0.725490 0.029467 0.607843
v 0.686275 0.036027 0.607843
v 0.647059 0.042812 0.607843
v 0.607843 0.049580 0.607843
v 0.568627 0.056110 0.607843
v 0.529412 0.062206 0.607843
v 0.490196 0.067701 0.607843
v 0.450980 0.072453 0.607843
v 0.411765 0.076341 0.607843
v 0.372549 0.079257 0.607843
v 0.333333 0.081108 0.607843
v 0.294118 0.081812 0.607843
v 0.254902 0.081307 0.607843
v 0.215686 0.079081 0.607843
v 0.176471 0.073706 0.607843
v 0.137255 0.066117 0.607843
v 0.098039 0.057418 0.607843
v 0.058824 0.048605 0.607843
v 0.019608 0.040515 0.607843
v -0.019608 0.033779 0.607843
v -0.058823 0.028321 0.607843
v -0.098039 0.024052 0.607843
v -0.137255 0.020877 0.607843
v -0.176471 0.018481 0.607843
v -0.215686 0.016481 0.607843
v -0.254902 0.017734 0.607843
v -0.294118 0.021660 0.607843
v -0.333333 0.026153 0.607843
v -0.372549 0.027851 0.607843
v -0.411765 0.027380 0.607843
v -0.450980 0.025566 0.607843
v -0.490196 0.022097 0.607843
v -0.529412 0.017242 0.607843
v -0.568627 0.012634 0.607843
v -0.607843 0.009252 0.607843
v -0.647059 0.006960 0.607843
v -0.686274 0.005068 0.607843
v -0.725490 0.002819 0.607843
v -0.764706 0.000135 0.607843
v -0.803922 0.000000 0.607843
v -0.843137 0.000000 0.607843
v -0.882353 0.000000 0.607843
v -0.921569 0.000000 0.607843
v -0.960784 0.000000 0.607843
v 0.960784 0.007098 0.568627
v 0.921569 0.009560 0.568627
v 0.882353 0.012144 0.568627
v 0.843137 0.015100 0.568627
v 0.803922 0.019276 0.568627
v 0.764706 0.024462 0.568627
v 0.725490 0.030382 0.568627
v 0.686275 0.036764 0.568627
v 0.647059 0.043344 0.568627
v 0.607843 0.049874 0.568627
v 0.568627 0.056124 0.568627
v 0.529412 0.061897 0.568627
v 0.490196 0.067031 0.568627
v 0.450980 0.071394 0.568627
v 0.411765 0.074878 0.568627
v 0.372549 0.077389 0.568627
v 0.333333 0.078847 0.568627
v 0.294118 0.078231 0.568627
v 0.254902 0.072879 0.568627
v 0.215686 0.063818 0.568627
v 0.176471 0.052323 0.568627
v 0.137255 0.039558 0.568627
v 0.098039 0.026491 0.568627
v 0.058824 0.014724 0.568627
v 0.019608 0.005150 0.568627
v -0.019608 -0.002187 0.568627
v -0.058823 -0.006937 0.568627
v -0.098039 -0.009357 0.568627
v -0.137255 -0.009565 0.568627
v -0.176471 -0.007906 0.568627
v -0.215686 -0.004704 0.568627
v -0.254902 0.003081 0.568627
v -0.294118 0.014457 0.568627
v -0.333333 0.023609 0.568627
v -0.372549 0.026005 0.568627
v -0.411765 0.024694 0.568627
v -0.450980 0.022097 0.568627
v -0.490196 0.017724 0.568627
v -0.529412 0.012094 0.568627
v -0.568627 0.007571 0.568627
v -0.607843 0.004960 0.568627
v -0.647059 0.003752 0.568627
v -0.686274 0.003078 0.568627
v -0.725490 0.002082 0.568627
v -0.764706 0.000239 0.568627
v -0.803922 0.000000 0.568627
v -0.843137 0.000000 0.568627
v -0.882353 0.000000 0.568627
v -0.921569 0.000000 0.568627
v -0.960784 0.000000 0.568627
v 0.960784 0.007956 0.529412
v 0.921569 0.010579 0.529412
v 0.882353 0.013320 0.529412
v 0.843137 0.016209 0.529412
v 0.803922 0.020137 0.529412
v 0.764706 0.025072 0.529412
v 0.725490 0.030732 0.529412
v 0.686275 0.036844 0.529412
v 0.647059 0.043136 0.529412
v 0.607843 0.049350 0.529412
v 0.568627 0.055248 0.529412
v 0.529412 0.060631 0.529412
v 0.490196 0.065343 0.529412
v 0.450980 0.069269 0.529412
v 0.411765 0.072314 0.529412
v 0.372549 0.074251 0.529412
v 0.333333 0.071074 0.529412
v 0.294118 0.062152 0.529412
v 0.254902 0.048910 0.529412
v 0.215686 0.030215 0.529412
v 0.176471 0.007256 0.529412
v 0.137255 -0.016348 0.529412
v 0.098039 -0.037015 0.529412
v 0.058824 -0.052095 0.529412
v 0.019608 -0.062066 0.529412
v -0.019608 -0.065876 0.529412
v -0.058823 -0.064154 0.529412
v -0.098039 -0.060867 0.529412
v -0.137255 -0.056354 0.529412
v -0.176471 -0.049139 0.529412
v -0.215686 -0.040652 0.529412
v -0.254902 -0.027148 0.529412
v -0.294118 -0.009148 0.529412
v -0.333333 0.006942 0.529412
v -0.372549 0.016920 0.529412
v -0.411765 0.020183 0.529412
v -0.450980 0.017242 0.529412
v -0.490196 0.012094 0.529412
v -0.529412 0.006411 0.529412
v -0.568627 0.002650 0.529412
v -0.607843 0.001013 0.529412
v -0.647059 0.000787 0.529412
v -0.686274 0.001080 0.529412
v -0.725490 0.001045 0.529412
v -0.764706 0.000135 0.529412
v -0.803922 0.000000 0.529412
v -0.843137 0.000000 0.529412
v -0.882353 0.000000 0.529412
v -0.921569 0.000000 0.529412
v -0.960784 0.000000 0.529412
v 0.960784 0.008603 0.490196
v 0.921569 0.011345 0.490196
v 0.882353 0.014203 0.490196
v 0.843137 0.017086 0.490196
v 0.803922 0.020653 0.490196
v 0.764706 0.025225 0.490196
v 0.725490 0.030524 0.490196
v 0.686275 0.036271 0.490196
v 0.647059 0.042192 0.490196
v 0.607843 0.048019 0.490196
v 0.568627 0.053502 0.490196
v 0.529412 0.058436 0.490196
v 0.490196 0.062679 0.490196
v 0.450980 0.066134 0.490196
v 0.411765 0.067782 0.490196
v 0.372549 0.062184 0.490196
v 0.333333 0.049876 0.490196
v 0.294118 0.030922 0.490196
v 0.254902 0.001210 0.490196
v 0.215686 -0.036181 0.490196
v 0.176471 -0.076812 0.490196
v 0.137255 -0.125532 0.490196
v 0.098039 -0.176210 0.490196
v 0.058824 -0.216942 0.490196
v 0.019608 -0.238888 0.490196
v -0.019608 -0.236510 0.490196
v -0.058823 -0.214262 0.490196
v -0.098039 -0.182681 0.490196
v -0.137255 -0.151055 0.490196
v -0.176471 -0.126892 0.490196
v -0.215686 -0.102884 0.490196
v -0.254902 -0.076350 0.490196
v -0.294118 -0.046645 0.490196
v -0.333333 -0.023221 0.490196
v -0.372549 -0.005189 0.490196
v -0.411765 0.006760 0.490196
v -0.450980 0.011317 0.490196
v -0.490196 0.007675 0.490196
v -0.529412 0.002720 0.490196
v -0.568627 -0.000406 0.490196
v -0.607843 -0.001457 0.490196
v -0.647059 -0.001119 0.490196
v -0.686274 -0.000291 0.490196
v -0.725490 0.000233 0.490196
v -0.764706 0.000000 0.490196
v -0.803922 0.000000 0.490196
v -0.843137 0.000000 0.490196
v -0.882353 0.000000 0.490196
v -0.921569 0.000000 0.490196
v -0.960784 0.000000 0.490196
v 0.960784 0.009006 0.450980
v 0.921569 0.011820 0.450980
v 0.882353 0.014751 0.450980
v 0.843137 0.017701 0.450980
v 0.803922 0.020860 0.450980
v 0.764706 0.024958 0.450980
v 0.725490 0.029789 0.450980
v 0.686275 0.035073 0.450980
v 0.647059 0.040536 0.450980
v 0.607843 0.045906 0.450980
v 0.568627 0.050918 0.450980
v 0.529412 0.055356 0.450980
v 0.490196 0.059098 0.450980
v 0.450980 0.060634 0.450980
v 0.411765 0.053484 0.450980
v 0.372549 0.038411 0.450980
v 0.333333 0.014580 0.450980
v 0.294118 -0.025234 0.450980
v 0.254902 -0.078993 0.450980
v 0.215686 -0.160090 0.450980
v 0.176471 -0.265025 0.450980
v 0.137255 -0.370783 0.450980
v 0.098039 -0.449114 0.450980
v 0.058824 -0.485686 0.450980
v 0.019608 -0.485021 0.450980
v -0.019608 -0.461909 0.450980
v -0.058823 -0.423652 0.450980
v -0.098039 -0.374355 0.450980
v -0.137255 -0.318230 0.450980
v -0.176471 -0.262052 0.450980
v -0.215686 -0.214281 0.450980
v -0.254902 -0.167696 0.450980
v -0.294118 -0.116577 0.450980
v -0.333333 -0.066942 0.450980
v -0.372549 -0.037034 0.450980
v -0.411765 -0.015925 0.450980
v -0.450980 -0.001963 0.450980
v -0.490196 0.003868 0.450980
v -0.529412 0.001722 0.450980
v -0.568627 -0.000909 0.450980
v -0.607843 -0.001842 0.450980
v -0.647059 -0.001552 0.450980
v -0.686274 -0.000767 0.450980
v -0.725490 -0.000123 0.450980
v -0.764706 0.000000 0.450980
v -0.803922 0.000000 0.450980
v -0.843137 0.000000 0.450980
v -0.882353 0.000000 0.450980
v -0.921569 0.000000 0.450980
v -0.960784 0.000000 0.450980
v 0.960784 0.009143 0.411765
v 0.921569 0.011981 0.411765
v 0.882353 0.014937 0.411765
v 0.843137 0.017911 0.411765
v 0.803922 0.020828 0.411765
v 0.764706 0.024340 0.411765
v 0.725490 0.028594 0.411765
v 0.686275 0.033313 0.411765
v 0.647059 0.038224 0.411765
v 0.607843 0.043056 0.411765
v 0.568627 0.047542 0.411765
v 0.529412 0.051451 0.411765
v 0.490196 0.053555 0.411765
v 0.450980 0.046155 0.411765
v 0.411765 0.029389 0.411765
v 0.372549 0.003729 0.411765
v 0.333333 -0.041621 0.411765
v 0.294118 -0.118595 0.411765
v 0.254902 -0.247055 0.411765
v 0.215686 -0.406433 0.411765
v 0.162803 -0.571187 0.430973
v 0.135905 -0.575469 0.445014
v 0.096525 -0.601370 0.457183
v 0.043234 -0.604526 0.462758
v 0.007147 -0.613507 0.465765
v -0.025783 -0.614555 0.462516
v -0.065346 -0.599538 0.460905
v -0.118961 -0.566298 0.452469
v -0.156997 -0.522826 0.450165
v -0.193449 -0.503919 0.447170
v -0.215686 -0.587598 0.411765
v -0.263348 -0.439104 0.415788
v -0.294118 -0.364719 0.411765
v -0.333333 -0.150860 0.411765
v -0.372549 -0.085092 0.411765
v -0.411765 -0.045807 0.411765
v -0.450980 -0.022207 0.411765
v -0.490196 -0.006221 0.411765
v -0.529412 0.001269 0.411765
v -0.568627 0.000531 0.411765
v -0.607843 -0.000428 0.411765
v -0.647059 -0.000455 0.411765
v -0.686274 -0.000083 0.411765
v -0.725490 0.000210 0.411765
v -0.764706 0.000045 0.411765
v -0.803922 0.000000 0.411765
v -0.843137 0.000000 0.411765
v -0.882353 0.000000 0.411765
v -0.921569 0.000000 0.411765
v -0.960784 0.000000 0.411765
v 0.960784 0.009006 0.372549
v 0.921569 0.011820 0.372549
v 0.882353 0.014751 0.372549
v 0.843137 0.017701 0.372549
v 0.803922 0.020573 0.372549
v 0.764706 0.023475 0.372549
v 0.725490 0.027046 0.372549
v 0.686275 0.031098 0.372549
v 0.647059 0.035361 0.372549
v 0.607843 0.039566 0.372549
v 0.568627 0.043459 0.372549
v 0.529412 0.046513 0.372549
v 0.490196 0.040585 0.372549
v 0.450980 0.023644 0.372549
v 0.411765 -0.002327 0.372549
v 0.372549 -0.045880 0.372549
v 0.333333 -0.139709 0.372549
v 0.294118 -0.309635 0.372549
v 0.254902 -0.487072 0.372549
v 0.228071 -0.557288 0.401964
v 0.205214 -0.552251 0.417877
v -0.284341 -0.493894 0.396213
v -0.302749 -0.514078 0.378034
v -0.333333 -0.409007 0.372549
v -0.372549 -0.170665 0.372549
v -0.411765 -0.093091 0.372549
v -0.450980 -0.048157 0.372549
v -0.490196 -0.022315 0.372549
v -0.529412 -0.004935 0.372549
v -0.568627 0.002542 0.372549
v -0.607843 0.001967 0.372549
v -0.647059 0.001570 0.372549
v -0.686274 0.001460 0.372549
v -0.725490 0.001043 0.372549
v -0.764706 0.000510 0.372549
v -0.803922 0.000138 0.372549
v -0.843137 0.000000 0.372549
v -0.882353 0.000000 0.372549
v -0.921569 0.000000 0.372549
v -0.960784 0.000000 0.372549
v 0.960784 0.008603 0.333333
v 0.921569 0.011345 0.333333
v 0.882353 0.014203 0.333333
v 0.843137 0.017082 0.333333
v 0.803922 0.019882 0.333333
v 0.764706 0.022506 0.333333
v 0.725490 0.025298 0.333333
v 0.686275 0.028592 0.333333
v 0.647059 0.032123 0.333333
v 0.607843 0.035634 0.333333
v 0.568627 0.038890 0.333333
v 0.529412 0.036391 0.333333
v 0.490196 0.021188 0.333333
v 0.450980 -0.004773 0.333333
v 0.411765 -0.041833 0.333333
v 0.372549 -0.133796 0.333333
v 0.333333 -0.354437 0.333333
v 0.313272 -0.590810 0.343262
v 0.293353 -0.591829 0.364336
v 0.277025 -0.565130 0.380760
v -0.330787 -0.573293 0.351311
v -0.351246 -0.558257 0.339863
v -0.372549 -0.289424 0.333333
v -0.411765 -0.171077 0.333333
v -0.450980 -0.088489 0.333333
v -0.490196 -0.043383 0.333333
v -0.529412 -0.016660 0.333333
v -0.568627 -0.000041 0.333333
v -0.607843 0.004633 0.333333
v -0.647059 0.003963 0.333333
v -0.686274 0.003146 0.333333
v -0.725490 0.002247 0.333333
v -0.764706 0.001408 0.333333
v -0.803922 0.000700 0.333333
v -0.843137 0.000204 0.333333
v -0.882353 0.000001 0.333333
v -0.921569 0.000000 0.333333
v -0.960784 0.000000 0.333333
v 0.960784 0.007956 0.294118
v 0.921569 0.010579 0.294118
v 0.882353 0.013320 0.294118
v 0.843137 0.016083 0.294118
v 0.803922 0.018769 0.294118
v 0.764706 0.021282 0.294118
v 0.725490 0.023540 0.294118
v 0.686275 0.025999 0.294118
v 0.647059 0.028736 0.294118
v 0.607843 0.031507 0.294118
v 0.568627 0.032545 0.294118
v 0.529412 0.021271 0.294118
v 0.490196 -0.002591 0.294118
v 0.450980 -0.036978 0.294118
v 0.411765 -0.107856 0.294118
v 0.372549 -0.306701 0.294118
v 0.348508 -0.575487 0.302730
v 0.340215 -0.580850 0.323730
v -0.370613 -0.602859 0.301606
v -0.379006 -0.605317 0.289902
v -0.411765 -0.273674 0.294118
v -0.450980 -0.151178 0.294118
v -0.490196 -0.072659 0.294118
v -0.529412 -0.032723 0.294118
v -0.568627 -0.007525 0.294118
v -0.607843 0.005431 0.294118
v -0.647059 0.006077 0.294118
v -0.686274 0.004950 0.294118
v -0.725490 0.003781 0.294118
v -0.764706 0.002642 0.294118
v -0.803922 0.001611 0.294118
v -0.843137 0.000770 0.294118
v -0.882353 0.000204 0.294118
v -0.921569 0.000000 0.294118
v -0.960784 0.000000 0.294118
v 0.960784 0.007098 0.254902
v 0.921569 0.009560 0.254902
v 0.882353 0.012144 0.254902
v 0.843137 0.014751 0.254902
v 0.803922 0.017287 0.254902
v 0.764706 0.019655 0.254902
v 0.725490 0.021765 0.254902
v 0.686275 0.023555 0.254902
v 0.647059 0.025449 0.254902
v 0.607843 0.027444 0.254902
v 0.568627 0.022470 0.254902
v 0.529412 0.003053 0.254902
v 0.490196 -0.028767 0.254902
v 0.450980 -0.080732 0.254902
v 0.411765 -0.204574 0.254902
v 0.388109 -0.558660 0.260823
v 0.377313 -0.564978 0.282619
v -0.394546 -0.587853 0.268961
v -0.406029 -0.559284 0.260694
v -0.450980 -0.226867 0.254902
v -0.490196 -0.113942 0.254902
v -0.529412 -0.050394 0.254902
v -0.568627 -0.017719 0.254902
v -0.607843 0.002526 0.254902
v -0.647059 0.008341 0.254902
v -0.686274 0.006980 0.254902
v -0.725490 0.005549 0.254902
v -0.764706 0.004122 0.254902
v -0.803922 0.002781 0.254902
v -0.843137 0.001611 0.254902
v -0.882353 0.000700 0.254902
v -0.921569 0.000138 0.254902
v -0.960784 0.000000 0.254902
v 0.960784 0.006077 0.215686
v 0.921569 0.008341 0.215686
v 0.882353 0.010729 0.215686
v 0.843137 0.013148 0.215686
v 0.803922 0.015502 0.215686
v 0.764706 0.017701 0.215686
v 0.725490 0.019655 0.215686
v 0.686275 0.021282 0.215686
v 0.647059 0.022520 0.215686
v 0.607843 0.022706 0.215686
v 0.568627 0.010283 0.215686
v 0.529412 -0.016471 0.215686
v 0.490196 -0.057528 0.215686
v 0.450980 -0.141945 0.215686
v 0.411765 -0.382395 0.215686
v 0.404670 -0.547563 0.234030
v -0.426900 -0.516833 0.226552
v -0.450980 -0.312848 0.215686
v -0.490196 -0.164814 0.215686
v -0.529412 -0.073522 0.215686
v -0.568627 -0.029318 0.215686
v -0.607843 -0.002607 0.215686
v -0.647059 0.009691 0.215686
v -0.686274 0.009143 0.215686
v -0.725490 0.007459 0.215686
v -0.764706 0.005757 0.215686
v -0.803922 0.004122 0.215686
v -0.843137 0.002642 0.215686
v -0.882353 0.001408 0.215686
v -0.921569 0.000510 0.215686
v -0.960784 0.000045 0.215686
v 0.960784 0.004950 0.176471
v 0.921569 0.006980 0.176471
v 0.882353 0.009143 0.176471
v 0.843137 0.011345 0.176471
v 0.803922 0.013494 0.176471
v 0.764706 0.015502 0.176471
v 0.725490 0.017287 0.176471
v 0.686275 0.018769 0.176471
v 0.647059 0.019882 0.176471
v 0.607843 0.016558 0.176471
v 0.568627 -0.002447 0.176471
v 0.529412 -0.035654 0.176471
v 0.490196 -0.094965 0.176471
v 0.450980 -0.212913 0.176471
v 0.435577 -0.497295 0.182579
v 0.429403 -0.569284 0.200091
v -0.423083 -0.617703 0.211118
v -0.434271 -0.624189 0.179964
v -0.490196 -0.220611 0.176471
v -0.529412 -0.101987 0.176471
v -0.568627 -0.041086 0.176471
v -0.607843 -0.008798 0.176471
v -0.647059 0.009095 0.176471
v -0.686274 0.011345 0.176471
v -0.725490 0.009420 0.176471
v -0.764706 0.007459 0.176471
v -0.803922 0.005549 0.176471
v -0.843137 0.003781 0.176471
v -0.882353 0.002247 0.176471
v -0.921569 0.001043 0.176471
v -0.960784 0.000262 0.176471
v 0.960784 0.004122 0.137255
v 0.921569 0.005757 0.137255
v 0.882353 0.007459 0.137255
v 0.843137 0.009420 0.137255
v 0.803922 0.011345 0.137255
v 0.764706 0.013148 0.137255
v 0.725490 0.014751 0.137255
v 0.686275 0.016083 0.137255
v 0.647059 0.017082 0.137255
v 0.607843 0.009707 0.137255
v 0.568627 -0.014399 0.137255
v 0.529412 -0.053802 0.137255
v 0.490196 -0.136549 0.137255
v 0.450980 -0.322967 0.137255
v 0.446313 -0.516620 0.151258
v -0.448262 -0.619989 0.134040
v -0.490196 -0.275655 0.137255
v -0.529412 -0.132053 0.137255
v -0.568627 -0.052608 0.137255
v -0.607843 -0.015033 0.137255
v -0.647059 0.007493 0.137255
v -0.686274 0.013494 0.137255
v -0.725490 0.011345 0.137255
v -0.764706 0.009143 0.137255
v -0.803922 0.006980 0.137255
v -0.843137 0.004950 0.137255
v -0.882353 0.003146 0.137255
v -0.921569 0.001665 0.137255
v -0.960784 0.000601 0.137255
v 0.960784 0.005549 0.098039
v 0.921569 0.007459 0.098039
v 0.882353 0.009420 0.098039
v 0.843137 0.011345 0.098039
v 0.803922 0.013148 0.098039
v 0.764706 0.014751 0.098039
v 0.725490 0.016083 0.098039
v 0.686275 0.017082 0.098039
v 0.647059 0.017478 0.098039
v 0.607843 0.005888 0.098039
v 0.568627 -0.022464 0.098039
v 0.529412 -0.069727 0.098039
v 0.490196 -0.172408 0.098039
v 0.450980 -0.531347 0.098039
v 0.458554 -0.586144 0.114387
v -0.456553 -0.604869 0.099366
v -0.490196 -0.324301 0.098039
v -0.529412 -0.159764 0.098039
v -0.568627 -0.064280 0.098039
v -0.607843 -0.020472 0.098039
v -0.647059 0.005676 0.098039
v -0.686274 0.015277 0.098039
v -0.725490 0.013148 0.098039
v -0.764706 0.010729 0.098039
v -0.803922 0.008341 0.098039
v -0.843137 0.006077 0.098039
v -0.882353 0.004035 0.098039
v -0.921569 0.002311 0.098039
v -0.960784 0.001001 0.098039
v 0.960784 0.006980 0.058824
v 0.921569 0.009143 0.058824
v 0.882353 0.011345 0.058824
v 0.843137 0.013494 0.058824
v 0.803922 0.015502 0.058824
v 0.764706 0.017287 0.058824
v 0.725490 0.018769 0.058824
v 0.686275 0.019882 0.058824
v 0.647059 0.019730 0.058824
v 0.607843 0.005426 0.058824
v 0.568627 -0.025687 0.058824
v 0.529412 -0.079066 0.058824
v 0.490196 -0.194269 0.058824
v 0.458910 -0.625797 0.063639
v 0.454767 -0.649652 0.086803
v -0.465608 -0.615930 0.055861
v -0.490196 -0.361612 0.058824
v -0.529412 -0.181515 0.058824
v -0.568627 -0.073959 0.058824
v -0.607843 -0.024464 0.058824
v -0.647059 0.004259 0.058824
v -0.686274 0.016435 0.058824
v -0.725490 0.014751 0.058824
v -0.764706 0.012144 0.058823
v -0.803922 0.009560 0.058823
v -0.843137 0.007098 0.058823
v -0.882353 0.004854 0.058823
v -0.921569 0.002924 0.058823
v -0.960784 0.001408 0.058823
v 0.960784 0.008341 0.019608
v 0.921569 0.010729 0.019608
v 0.882353 0.013148 0.019608
v 0.843137 0.015502 0.019608
v 0.803922 0.017701 0.019608
v 0.764706 0.019655 0.019608
v 0.725490 0.021282 0.019608
v 0.686275 0.022506 0.019608
v 0.647059 0.021866 0.019608
v 0.607843 0.005947 0.019608
v 0.568627 -0.026831 0.019608
v 0.529412 -0.084037 0.019608
v 0.490196 -0.206596 0.019608
v 0.470195 -0.602768 0.031232
v -0.463835 -0.648934 0.016584
v -0.490196 -0.383872 0.019608
v -0.529412 -0.194526 0.019608
v -0.568627 -0.079793 0.019608
v -0.607843 -0.026564 0.019608
v -0.647059 0.003666 0.019608
v -0.686274 0.017349 0.019608
v -0.725490 0.016083 0.019608
v -0.764706 0.013320 0.019608
v -0.803922 0.010579 0.019608
v -0.843137 0.007956 0.019608
v -0.882353 0.005549 0.019608
v -0.921569 0.003455 0.019608
v -0.960784 0.001774 0.019608
v 0.960784 0.009560 -0.019608
v 0.921569 0.012144 -0.019608
v 0.882353 0.014751 -0.019608
v 0.843137 0.017287 -0.019608
v 0.803922 0.019655 -0.019608
v 0.764706 0.021765 -0.019608
v 0.725490 0.023526 -0.019608
v 0.686275 0.024857 -0.019608
v 0.647059 0.024078 -0.019608
v 0.607843 0.007657 -0.019608
v 0.568627 -0.025673 -0.019608
v 0.529412 -0.083606 -0.019608
v 0.490196 -0.207779 -0.019608
v 0.467345 -0.610583 -0.006078
v -0.462435 -0.656998 -0.022762
v -0.490196 -0.388940 -0.019608
v -0.529412 -0.197173 -0.019608
v -0.568627 -0.080680 -0.019608
v -0.607843 -0.026532 -0.019608
v -0.647059 0.004128 -0.019608
v -0.686274 0.018243 -0.019608
v -0.725490 0.017082 -0.019608
v -0.764706 0.014203 -0.019608
v -0.803922 0.011345 -0.019608
v -0.843137 0.008603 -0.019608
v -0.882353 0.006077 -0.019608
v -0.921569 0.003864 -0.019608
v -0.960784 0.002063 -0.019608
v 0.960784 0.010579 -0.058823
v 0.921569 0.013320 -0.058823
v 0.882353 0.016083 -0.058823
v 0.843137 0.018769 -0.058823
v 0.803922 0.021282 -0.058823
v 0.764706 0.023526 -0.058823
v 0.725490 0.025408 -0.058823
v 0.686275 0.026837 -0.058823
v 0.647059 0.026358 -0.058823
v 0.607843 0.010552 -0.058824
v 0.568627 -0.022213 -0.058824
v 0.529412 -0.077721 -0.058824
v 0.490196 -0.197628 -0.058824
v 0.462997 -0.664428 -0.048525
v 0.460836 -0.674584 -0.069637
v -0.459899 -0.639265 -0.073000
v -0.490196 -0.376428 -0.058824
v -0.529412 -0.189165 -0.058824
v -0.568627 -0.076425 -0.058824
v -0.607843 -0.024334 -0.058824
v -0.647059 0.005684 -0.058824
v -0.686274 0.019160 -0.058824
v -0.725490 0.017701 -0.058824
v -0.764706 0.014751 -0.058824
v -0.803922 0.011820 -0.058824
v -0.843137 0.009006 -0.058824
v -0.882353 0.006407 -0.058824
v -0.921569 0.004122 -0.058824
v -0.960784 0.002247 -0.058824
v 0.960784 0.011345 -0.098039
v 0.921569 0.014203 -0.098039
v 0.882353 0.017082 -0.098039
v 0.843137 0.019882 -0.098039
v 0.803922 0.022506 -0.098039
v 0.764706 0.024857 -0.098039
v 0.725490 0.026837 -0.098039
v 0.686275 0.028353 -0.098039
v 0.647059 0.028505 -0.098039
v 0.607843 0.014421 -0.098039
v 0.568627 -0.016673 -0.098039
v 0.529412 -0.067321 -0.098039
v 0.490196 -0.177381 -0.098039
v 0.450980 -0.496664 -0.098039
v 0.455567 -0.644060 -0.100157
v -0.462616 -0.598459 -0.103568
v -0.490196 -0.347703 -0.098039
v -0.529412 -0.171540 -0.098039
v -0.568627 -0.067744 -0.098039
v -0.607843 -0.020135 -0.098039
v -0.647059 0.008186 -0.098039
v -0.686274 0.019965 -0.098039
v -0.725490 0.017911 -0.098039
v -0.764706 0.014936 -0.098039
v -0.803922 0.011981 -0.098039
v -0.843137 0.009143 -0.098039
v -0.882353 0.006520 -0.098039
v -0.921569 0.004210 -0.098039
v -0.960784 0.002311 -0.098039
v 0.960784 0.011820 -0.137255
v 0.921569 0.014751 -0.137255
v 0.882353 0.017701 -0.137255
v 0.843137 0.020573 -0.137255
v 0.803922 0.023267 -0.137255
v 0.764706 0.025688 -0.137255
v 0.725490 0.027735 -0.137255
v 0.686275 0.029313 -0.137255
v 0.647059 0.030125 -0.137255
v 0.607843 0.018844 -0.137255
v 0.568627 -0.009493 -0.137255
v 0.529412 -0.054190 -0.137255
v 0.490196 -0.149551 -0.137255
v 0.450980 -0.382430 -0.137255
v 0.447943 -0.635992 -0.135054
v -0.454180 -0.536845 -0.139791
v -0.490196 -0.305645 -0.137255
v -0.529412 -0.146486 -0.137255
v -0.568627 -0.056136 -0.137255
v -0.607843 -0.014285 -0.137255
v -0.647059 0.011309 -0.137255
v -0.686274 0.020354 -0.137255
v -0.725490 0.017701 -0.137255
v -0.764706 0.014751 -0.137255
v -0.803922 0.011820 -0.137255
v -0.843137 0.009006 -0.137255
v -0.882353 0.006407 -0.137255
v -0.921569 0.004122 -0.137255
v -0.960784 0.002247 -0.137255
v 0.960784 0.011981 -0.176471
v 0.921569 0.014937 -0.176471
v 0.882353 0.017911 -0.176471
v 0.843137 0.020807 -0.176471
v 0.803922 0.023526 -0.176471
v 0.764706 0.025970 -0.176471
v 0.725490 0.028042 -0.176471
v 0.686275 0.029643 -0.176471
v 0.647059 0.030676 -0.176471
v 0.607843 0.023210 -0.176471
v 0.568627 -0.001315 -0.176471
v 0.529412 -0.040668 -0.176471
v 0.490196 -0.117605 -0.176471
v 0.450980 -0.277980 -0.176471
v 0.437110 -0.624771 -0.173566
v -0.450980 -0.459843 -0.176471
v -0.490196 -0.254272 -0.176471
v -0.529412 -0.117060 -0.176471
v -0.568627 -0.043662 -0.176471
v -0.607843 -0.007307 -0.176471
v -0.647059 0.014557 -0.176471
v -0.686274 0.019882 -0.176471
v -0.725490 0.017082 -0.176471
v -0.764706 0.014203 -0.176471
v -0.803922 0.011345 -0.176471
v -0.843137 0.008603 -0.176471
v -0.882353 0.006077 -0.176471
v -0.921569 0.003864 -0.176471
v -0.960784 0.002063 -0.176471
v 0.960784 0.011820 -0.215686
v 0.921569 0.014751 -0.215686
v 0.882353 0.017701 -0.215686
v 0.843137 0.020573 -0.215686
v 0.803922 0.023267 -0.215686
v 0.764706 0.025688 -0.215686
v 0.725490 0.027735 -0.215686
v 0.686275 0.029313 -0.215686
v 0.647059 0.030323 -0.215686
v 0.607843 0.026754 -0.215686
v 0.568627 0.007072 -0.215686
v 0.529412 -0.027449 -0.215686
v 0.490196 -0.085519 -0.215686
v 0.450980 -0.203026 -0.215686
v 0.411765 -0.653644 -0.215686
v 0.395316 -0.663233 -0.246625
v -0.429122 -0.474842 -0.233551
v -0.436176 -0.470227 -0.213038
v -0.490196 -0.198528 -0.215686
v -0.529412 -0.086883 -0.215686
v -0.568627 -0.031507 -0.215686
v -0.607843 0.000110 -0.215686
v -0.647059 0.017272 -0.215686
v -0.686274 0.018769 -0.215686
v -0.725490 0.016083 -0.215686
v -0.764706 0.013320 -0.215686
v -0.803922 0.010579 -0.215686
v -0.843137 0.007956 -0.215686
v -0.882353 0.005549 -0.215686
v -0.921569 0.003455 -0.215686
v -0.960784 0.001774 -0.215686
v 0.960784 0.011345 -0.254902
v 0.921569 0.014203 -0.254902
v 0.882353 0.017082 -0.254902
v 0.843137 0.019882 -0.254902
v 0.803922 0.022506 -0.254902
v 0.764706 0.024857 -0.254902
v 0.725490 0.026837 -0.254902
v 0.686275 0.028353 -0.254902
v 0.647059 0.029313 -0.254902
v 0.607843 0.028667 -0.254902
v 0.568627 0.014792 -0.254902
v 0.529412 -0.013933 -0.254902
v 0.490196 -0.057252 -0.254902
v 0.450980 -0.145462 -0.254902
v 0.411765 -0.389986 -0.254902
v 0.392825 -0.639424 -0.268203
v -0.411765 -0.483142 -0.254902
v -0.450980 -0.285011 -0.254902
v -0.490196 -0.143884 -0.254902
v -0.529412 -0.059734 -0.254902
v -0.568627 -0.018912 -0.254902
v -0.607843 0.007240 -0.254902
v -0.647059 0.018876 -0.254902
v -0.686274 0.017421 -0.254902
v -0.725490 0.014751 -0.254902
v -0.764706 0.012144 -0.254902
v -0.803922 0.009560 -0.254902
v -0.843137 0.007098 -0.254902
v -0.882353 0.004854 -0.254902
v -0.921569 0.002924 -0.254902
v -0.960784 0.001408 -0.254902
v 0.960784 0.010579 -0.294118
v 0.921569 0.013320 -0.294118
v 0.882353 0.016083 -0.294118
v 0.843137 0.018769 -0.294118
v 0.803922 0.021282 -0.294118
v 0.764706 0.023526 -0.294118
v 0.725490 0.025408 -0.294118
v 0.686275 0.026837 -0.294118
v 0.647059 0.027735 -0.294118
v 0.607843 0.028042 -0.294118
v 0.568627 0.020844 -0.294118
v 0.529412 -0.001197 -0.294118
v 0.490196 -0.035864 -0.294118
v 0.450980 -0.095285 -0.294118
v 0.411765 -0.206595 -0.294118
v 0.372549 -0.630766 -0.294118
v 0.364337 -0.619797 -0.318834
v -0.374203 -0.563456 -0.299641
v -0.390308 -0.526967 -0.291767
v -0.450980 -0.201715 -0.294118
v -0.490196 -0.095933 -0.294118
v -0.529412 -0.039447 -0.294118
v -0.568627 -0.007339 -0.294118
v -0.607843 0.012989 -0.294118
v -0.647059 0.019198 -0.294118
v -0.686274 0.018014 -0.294118
v -0.725490 0.015614 -0.294118
v -0.764706 0.011695 -0.294118
v -0.803922 0.008356 -0.294118
v -0.843137 0.006077 -0.294118
v -0.882353 0.004035 -0.294118
v -0.921569 0.002311 -0.294118
v -0.960784 0.001001 -0.294118
v 0.960784 0.009560 -0.333333
v 0.921569 0.012144 -0.333333
v 0.882353 0.014751 -0.333333
v 0.843137 0.017287 -0.333333
v 0.803922 0.019655 -0.333333
v 0.764706 0.021765 -0.333333
v 0.725490 0.023526 -0.333333
v 0.686275 0.024857 -0.333333
v 0.647059 0.025688 -0.333333
v 0.607843 0.025970 -0.333333
v 0.568627 0.024078 -0.333333
v 0.529412 0.009539 -0.333333
v 0.490196 -0.017701 -0.333333
v 0.450980 -0.057006 -0.333333
v 0.411765 -0.132457 -0.333333
v 0.372549 -0.254675 -0.333333
v 0.343529 -0.617952 -0.334642
v 0.322014 -0.624129 -0.352831
v -0.333333 -0.600820 -0.333333
v -0.348148 -0.576842 -0.333333
v -0.411765 -0.246998 -0.333333
v -0.450980 -0.131092 -0.333333
v -0.490196 -0.060203 -0.333333
v -0.529412 -0.023619 -0.333333
v -0.568627 0.001361 -0.333333
v -0.607843 0.014958 -0.333333
v -0.647059 0.017060 -0.333333
v -0.686274 0.017516 -0.333333
v -0.725490 0.016990 -0.333333
v -0.764706 0.014351 -0.333333
v -0.803922 0.009181 -0.333333
v -0.843137 0.005084 -0.333333
v -0.882353 0.003146 -0.333333
v -0.921569 0.001665 -0.333333
v -0.960784 0.000601 -0.333333
v 0.960784 0.008341 -0.372549
v 0.921569 0.010729 -0.372549
v 0.882353 0.013148 -0.372549
v 0.843137 0.015502 -0.372549
v 0.803922 0.017701 -0.372549
v 0.764706 0.019655 -0.372549
v 0.725490 0.021282 -0.372549
v 0.686275 0.022506 -0.372549
v 0.647059 0.023267 -0.372549
v 0.607843 0.023526 -0.372549
v 0.568627 0.023267 -0.372549
v 0.529412 0.016919 -0.372549
v 0.490196 -0.002177 -0.372549
v 0.450980 -0.031881 -0.372549
v 0.411765 -0.076603 -0.372549
v 0.372549 -0.158446 -0.372549
v 0.333333 -0.278766 -0.372549
v 0.306493 -0.612426 -0.375334
v 0.287778 -0.610469 -0.388192
v -0.294118 -0.588493 -0.372549
v -0.333333 -0.603041 -0.372549
v -0.372549 -0.269383 -0.372549
v -0.411765 -0.154504 -0.372549
v -0.450980 -0.078181 -0.372549
v -0.490196 -0.036836 -0.372549
v -0.529412 -0.010478 -0.372549
v -0.568627 0.006570 -0.372549
v -0.607843 0.012686 -0.372549
v -0.647059 0.014342 -0.372549
v -0.686274 0.016377 -0.372549
v -0.725490 0.017583 -0.372549
v -0.764706 0.016667 -0.372549
v -0.803922 0.012412 -0.372549
v -0.843137 0.005982 -0.372549
v -0.882353 0.002263 -0.372549
v -0.921569 0.001043 -0.372549
v -0.960784 0.000262 -0.372549
v 0.960784 0.006980 -0.411765
v 0.921569 0.009143 -0.411765
v 0.882353 0.011345 -0.411765
v 0.843137 0.013494 -0.411765
v 0.803922 0.015502 -0.411765
v 0.764706 0.017287 -0.411765
v 0.725490 0.018769 -0.411765
v 0.686275 0.019882 -0.411765
v 0.647059 0.020573 -0.411765
v 0.607843 0.020807 -0.411765
v 0.568627 0.020573 -0.411765
v 0.529412 0.019461 -0.411765
v 0.490196 0.009159 -0.411765
v 0.450980 -0.011802 -0.411765
v 0.411765 -0.041433 -0.411765
v 0.372549 -0.088005 -0.411765
v 0.333333 -0.166372 -0.411765
v 0.294118 -0.273669 -0.411765
v 0.268233 -0.577688 -0.417693
v 0.239242 -0.548477 -0.429834
v -0.215686 -0.644436 -0.411765
v -0.254902 -0.528892 -0.411765
v -0.294118 -0.537188 -0.411765
v -0.333333 -0.263933 -0.411765
v -0.372549 -0.160919 -0.411765
v -0.411765 -0.086982 -0.411765
v -0.450980 -0.044213 -0.411765
v -0.490196 -0.018406 -0.411765
v -0.529412 -0.000721 -0.411765
v -0.568627 0.007749 -0.411765
v -0.607843 0.009302 -0.411765
v -0.647059 0.012158 -0.411765
v -0.686274 0.015618 -0.411765
v -0.725490 0.018210 -0.411765
v -0.764706 0.018579 -0.411765
v -0.803922 0.015487 -0.411765
v -0.843137 0.008303 -0.411765
v -0.882353 0.002373 -0.411765
v -0.921569 0.000510 -0.411765
v -0.960784 0.000045 -0.411765
v 0.960784 0.005549 -0.450980
v 0.921569 0.007459 -0.450980
v 0.882353 0.009420 -0.450980
v 0.843137 0.011345 -0.450980
v 0.803922 0.013148 -0.450980
v 0.764706 0.014751 -0.450980
v 0.725490 0.016083 -0.450980
v 0.686275 0.017082 -0.450980
v 0.647059 0.017701 -0.450980
v 0.607843 0.017911 -0.450980
v 0.568627 0.017716 -0.450980
v 0.529412 0.018048 -0.450980
v 0.490196 0.017254 -0.450980
v 0.450980 0.006698 -0.450980
v 0.411765 -0.013621 -0.450980
v 0.372549 -0.041870 -0.450980
v 0.333333 -0.084527 -0.450980
v 0.294118 -0.152730 -0.450980
v 0.254902 -0.240869 -0.450980
v 0.215686 -0.500345 -0.450980
v 0.176471 -0.515716 -0.450980
v 0.137255 -0.545979 -0.450980
v 0.098039 -0.633538 -0.450980
v -0.137255 -0.603941 -0.450980
v -0.176471 -0.532802 -0.450980
v -0.215686 -0.448589 -0.450980
v -0.254902 -0.367767 -0.450980
v -0.294118 -0.232149 -0.450980
v -0.333333 -0.148813 -0.450980
v -0.372549 -0.085468 -0.450980
v -0.411765 -0.045598 -0.450980
v -0.450980 -0.021002 -0.450980
v -0.490196 -0.003868 -0.450980
v -0.529412 0.004875 -0.450980
v -0.568627 0.005801 -0.450980
v -0.607843 0.007597 -0.450980
v -0.647059 0.011634 -0.450980
v -0.686274 0.016189 -0.450980
v -0.725490 0.019565 -0.450980
v -0.764706 0.020547 -0.450980
v -0.803922 0.017993 -0.450980
v -0.843137 0.010830 -0.450980
v -0.882353 0.003292 -0.450980
v -0.921569 0.000138 -0.450980
v -0.960784 0.000000 -0.450980
v 0.960784 0.004122 -0.490196
v 0.921569 0.005757 -0.490196
v 0.882353 0.007459 -0.490196
v 0.843137 0.009143 -0.490196
v 0.803922 0.010729 -0.490196
v 0.764706 0.012144 -0.490196
v 0.725490 0.013320 -0.490196
v 0.686275 0.014203 -0.490196
v 0.647059 0.014751 -0.490196
v 0.607843 0.015071 -0.490196
v 0.568627 0.016804 -0.490196
v 0.529412 0.018375 -0.490196
v 0.490196 0.019516 -0.490196
v 0.450980 0.018414 -0.490196
v 0.411765 0.008458 -0.490196
v 0.372549 -0.009738 -0.490196
v 0.333333 -0.035075 -0.490196
v 0.294118 -0.069874 -0.490196
v 0.254902 -0.122907 -0.490196
v 0.215686 -0.188040 -0.490196
v 0.176471 -0.256549 -0.490196
v 0.137255 -0.324346 -0.490196
v 0.098039 -0.384721 -0.490196
v 0.058824 -0.431713 -0.490196
v 0.019608 -0.461733 -0.490196
v -0.019608 -0.471501 -0.490196
v -0.058823 -0.459627 -0.490196
v -0.098039 -0.427408 -0.490196
v -0.137255 -0.378061 -0.490196
v -0.176471 -0.316468 -0.490196
v -0.215686 -0.248743 -0.490196
v -0.254902 -0.181614 -0.490196
v -0.294118 -0.121636 -0.490196
v -0.333333 -0.074326 -0.490196
v -0.372549 -0.042954 -0.490196
v -0.411765 -0.019646 -0.490196
v -0.450980 -0.003184 -0.490196
v -0.490196 0.005370 -0.490196
v -0.529412 0.005939 -0.490196
v -0.568627 0.006044 -0.490196
v -0.607843 0.008583 -0.490196
v -0.647059 0.013575 -0.490196
v -0.686274 0.018500 -0.490196
v -0.725490 0.021822 -0.490196
v -0.764706 0.022650 -0.490196
v -0.803922 0.019944 -0.490196
v -0.843137 0.012595 -0.490196
v -0.882353 0.004173 -0.490196
v -0.921569 0.000135 -0.490196
v -0.960784 0.000000 -0.490196
v 0.960784 0.002781 -0.529412
v 0.921569 0.004122 -0.529412
v 0.882353 0.005549 -0.529412
v 0.843137 0.006980 -0.529412
v 0.803922 0.008341 -0.529412
v 0.764706 0.009560 -0.529412
v 0.725490 0.010579 -0.529412
v 0.686275 0.011345 -0.529412
v 0.647059 0.011835 -0.529412
v 0.607843 0.013713 -0.529412
v 0.568627 0.015259 -0.529412
v 0.529412 0.016413 -0.529412
v 0.490196 0.017633 -0.529412
v 0.450980 0.019078 -0.529412
v 0.411765 0.019046 -0.529412
v 0.372549 0.011504 -0.529412
v 0.333333 -0.003420 -0.529412
v 0.294118 -0.024989 -0.529412
v 0.254902 -0.052091 -0.529412
v 0.215686 -0.087618 -0.529412
v 0.176471 -0.128292 -0.529412
v 0.137255 -0.167904 -0.529412
v 0.098039 -0.204386 -0.529412
v 0.058824 -0.233828 -0.529412
v 0.019608 -0.252998 -0.529412
v -0.019608 -0.259645 -0.529412
v -0.058823 -0.252554 -0.529412
v -0.098039 -0.232350 -0.529412
v -0.137255 -0.201576 -0.529412
v -0.176471 -0.164028 -0.529412
v -0.215686 -0.124321 -0.529412
v -0.254902 -0.087310 -0.529412
v -0.294118 -0.057419 -0.529412
v -0.333333 -0.035916 -0.529412
v -0.372549 -0.017277 -0.529412
v -0.411765 -0.001429 -0.529412
v -0.450980 0.007099 -0.529412
v -0.490196 0.007993 -0.529412
v -0.529412 0.007735 -0.529412
v -0.568627 0.008928 -0.529412
v -0.607843 0.012369 -0.529412
v -0.647059 0.017458 -0.529412
v -0.686274 0.021807 -0.529412
v -0.725490 0.024387 -0.529412
v -0.764706 0.024461 -0.529412
v -0.803922 0.021020 -0.529412
v -0.843137 0.012981 -0.529412
v -0.882353 0.004499 -0.529412
v -0.921569 0.000239 -0.529412
v -0.960784 0.000000 -0.529412
v 0.960784 0.001611 -0.568627
v 0.921569 0.002642 -0.568627
v 0.882353 0.003781 -0.568627
v 0.843137 0.004950 -0.568627
v 0.803922 0.006077 -0.568627
v 0.764706 0.007098 -0.568627
v 0.725490 0.007956 -0.568627
v 0.686275 0.008603 -0.568627
v 0.647059 0.009866 -0.568627
v 0.607843 0.011393 -0.568627
v 0.568627 0.012103 -0.568627
v 0.529412 0.012733 -0.568627
v 0.490196 0.013960 -0.568627
v 0.450980 0.016059 -0.568627
v 0.411765 0.018655 -0.568627
v 0.372549 0.020413 -0.568627
v 0.333333 0.015918 -0.568627
v 0.294118 0.004262 -0.568627
v 0.254902 -0.014015 -0.568627
v 0.215686 -0.036248 -0.568627
v 0.176471 -0.056414 -0.568627
v 0.137255 -0.075127 -0.568627
v 0.098039 -0.092932 -0.568627
v 0.058824 -0.108167 -0.568627
v 0.019608 -0.118389 -0.568627
v -0.019608 -0.121985 -0.568627
v -0.058823 -0.118389 -0.568627
v -0.098039 -0.107959 -0.568627
v -0.137255 -0.092216 -0.568627
v -0.176471 -0.073819 -0.568627
v -0.215686 -0.055887 -0.568627
v -0.254902 -0.040358 -0.568627
v -0.294118 -0.025380 -0.568627
v -0.333333 -0.012024 -0.568627
v -0.372549 -0.001663 -0.568627
v -0.411765 0.006441 -0.568627
v -0.450980 0.008657 -0.568627
v -0.490196 0.009559 -0.568627
v -0.529412 0.010615 -0.568627
v -0.568627 0.012805 -0.568627
v -0.607843 0.016534 -0.568627
v -0.647059 0.020997 -0.568627
v -0.686274 0.024554 -0.568627
v -0.725490 0.026208 -0.568627
v -0.764706 0.025220 -0.568627
v -0.803922 0.020633 -0.568627
v -0.843137 0.011828 -0.568627
v -0.882353 0.003969 -0.568627
v -0.921569 0.000135 -0.568627
v -0.960784 0.000000 -0.568627
v 0.960784 0.000700 -0.607843
v 0.921569 0.001408 -0.607843
v 0.882353 0.002247 -0.607843
v 0.843137 0.003146 -0.607843
v 0.803922 0.004035 -0.607843
v 0.764706 0.004854 -0.607843
v 0.725490 0.005549 -0.607843
v 0.686275 0.006077 -0.607843
v 0.647059 0.007725 -0.607843
v 0.607843 0.008389 -0.607843
v 0.568627 0.008300 -0.607843
v 0.529412 0.008391 -0.607843
v 0.490196 0.009574 -0.607843
v 0.450980 0.012316 -0.607843
v 0.411765 0.016128 -0.607843
v 0.372549 0.019695 -0.607843
v 0.333333 0.021765 -0.607843
v 0.294118 0.019705 -0.607843
v 0.254902 0.010419 -0.607843
v 0.215686 -0.005338 -0.607843
v 0.176471 -0.020993 -0.607843
v 0.137255 -0.032381 -0.607843
v 0.098039 -0.040241 -0.607843
v 0.058824 -0.046403 -0.607843
v 0.019608 -0.050322 -0.607843
v -0.019608 -0.051671 -0.607843
v -0.058823 -0.050322 -0.607843
v -0.098039 -0.046403 -0.607843
v -0.137255 -0.040196 -0.607843
v -0.176471 -0.032121 -0.607843
v -0.215686 -0.022974 -0.607843
v -0.254902 -0.013755 -0.607843
v -0.294118 -0.005624 -0.607843
v -0.333333 0.000109 -0.607843
v -0.372549 0.002063 -0.607843
v -0.411765 0.004778 -0.607843
v -0.450980 0.008259 -0.607843
v -0.490196 0.010764 -0.607843
v -0.529412 0.013101 -0.607843
v -0.568627 0.015976 -0.607843
v -0.607843 0.019556 -0.607843
v -0.647059 0.023198 -0.607843
v -0.686274 0.025790 -0.607843
v -0.725490 0.026366 -0.607843
v -0.764706 0.024095 -0.607843
v -0.803922 0.018053 -0.607843
v -0.843137 0.009222 -0.607843
v -0.882353 0.002592 -0.607843
v -0.921569 0.000000 -0.607843
v -0.960784 0.000000 -0.607843
v 0.960784 0.000138 -0.647059
v 0.921569 0.000510 -0.647059
v 0.882353 0.001043 -0.647059
v 0.843137 0.001665 -0.647059
v 0.803922 0.002311 -0.647059
v 0.764706 0.002924 -0.647059
v 0.725490 0.003455 -0.647059
v 0.686275 0.003999 -0.647059
v 0.647059 0.005475 -0.647059
v 0.607843 0.005524 -0.647059
v 0.568627 0.004846 -0.647059
v 0.529412 0.004499 -0.647059
v 0.490196 0.005577 -0.647059
v 0.450980 0.008846 -0.647059
v 0.411765 0.013832 -0.647059
v 0.372549 0.018496 -0.647059
v 0.333333 0.021497 -0.647059
v 0.294118 0.022024 -0.647059
v 0.254902 0.019131 -0.647059
v 0.215686 0.010790 -0.647059
v 0.176471 -0.000094 -0.647059
v 0.137255 -0.007893 -0.647059
v 0.098039 -0.012066 -0.647059
v 0.058824 -0.015465 -0.647059
v 0.019608 -0.017714 -0.647059
v -0.019608 -0.018498 -0.647059
v -0.058823 -0.017714 -0.647059
v -0.098039 -0.015465 -0.647059
v -0.137255 -0.012066 -0.647059
v -0.176471 -0.008027 -0.647059
v -0.215686 -0.004002 -0.647059
v -0.254902 -0.000833 -0.647059
v -0.294118 0.000401 -0.647059
v -0.333333 0.000601 -0.647059
v -0.372549 0.000770 -0.647059
v -0.411765 0.001848 -0.647059
v -0.450980 0.006232 -0.647059
v -0.490196 0.010312 -0.647059
v -0.529412 0.013817 -0.647059
v -0.568627 0.017199 -0.647059
v -0.607843 0.020522 -0.647059
v -0.647059 0.023322 -0.647059
v -0.686274 0.024790 -0.647059
v -0.725490 0.024055 -0.647059
v -0.764706 0.020166 -0.647059
v -0.803922 0.012779 -0.647059
v -0.843137 0.005662 -0.647059
v -0.882353 0.000966 -0.647059
v -0.921569 0.000000 -0.647059
v -0.960784 0.000000 -0.647059
v 0.960784 0.000000 -0.686274
v 0.921569 0.000045 -0.686274
v 0.882353 0.000262 -0.686274
v 0.843137 0.000601 -0.686274
v 0.803922 0.001001 -0.686274
v 0.764706 0.001408 -0.686274
v 0.725490 0.001774 -0.686274
v 0.686275 0.002302 -0.686274
v 0.647059 0.003607 -0.686274
v 0.607843 0.003442 -0.686274
v 0.568627 0.002565 -0.686274
v 0.529412 0.002069 -0.686274
v 0.490196 0.003096 -0.686274
v 0.450980 0.006586 -0.686274
v 0.411765 0.012371 -0.686274
v 0.372549 0.017582 -0.686274
v 0.333333 0.021048 -0.686274
v 0.294118 0.022079 -0.686274
v 0.254902 0.019726 -0.686274
v 0.215686 0.012778 -0.686274
v 0.176471 0.004498 -0.686274
v 0.137255 0.000239 -0.686274
v 0.098039 -0.000228 -0.686274
v 0.058824 -0.000861 -0.686274
v 0.019608 -0.001437 -0.686274
v -0.019608 -0.001662 -0.686274
v -0.058823 -0.001437 -0.686274
v -0.098039 -0.000861 -0.686274
v -0.137255 -0.000228 -0.686274
v -0.176471 0.000000 -0.686274
v -0.215686 0.000000 -0.686274
v -0.254902 0.000000 -0.686274
v -0.294118 0.000003 -0.686274
v -0.333333 0.000037 -0.686274
v -0.372549 0.000085 -0.686274
v -0.411765 0.000139 -0.686274
v -0.450980 0.002339 -0.686274
v -0.490196 0.007021 -0.686274
v -0.529412 0.011542 -0.686274
v -0.568627 0.015338 -0.686274
v -0.607843 0.018397 -0.686274
v -0.647059 0.020349 -0.686274
v -0.686274 0.020502 -0.686274
v -0.725490 0.018053 -0.686274
v -0.764706 0.012779 -0.686274
v -0.803922 0.006972 -0.686274
v -0.843137 0.002201 -0.686274
v -0.882353 0.000015 -0.686274
v -0.921569 0.000000 -0.686274
v -0.960784 0.000000 -0.686275
v 0.960784 0.000000 -0.725490
v 0.921569 0.000000 -0.725490
v 0.882353 0.000000 -0.725490
v 0.843137 0.000053 -0.725490
v 0.803922 0.000204 -0.725490
v 0.764706 0.000401 -0.725490
v 0.725490 0.000601 -0.725490
v 0.686275 0.000905 -0.725490
v 0.647059 0.002341 -0.725490
v 0.607843 0.002430 -0.725490
v 0.568627 0.001834 -0.725490
v 0.529412 0.001610 -0.725490
v 0.490196 0.002872 -0.725490
v 0.450980 0.006420 -0.725490
v 0.411765 0.011806 -0.725490
v 0.372549 0.016970 -0.725490
v 0.333333 0.020527 -0.725490
v 0.294118 0.021549 -0.725490
v 0.254902 0.019001 -0.725490
v 0.215686 0.011828 -0.725490
v 0.176471 0.003969 -0.725490
v 0.137255 0.000135 -0.725490
v 0.098039 0.000000 -0.725490
v 0.058824 0.000000 -0.725490
v 0.019608 0.000000 -0.725490
v -0.019608 0.000000 -0.725490
v -0.058823 0.000000 -0.725490
v -0.098039 0.000000 -0.725490
v -0.137255 0.000000 -0.725490
v -0.176471 0.000000 -0.725490
v -0.215686 0.000000 -0.725490
v -0.254902 0.000000 -0.725490
v -0.294118 0.000000 -0.725490
v -0.333333 0.000000 -0.725490
v -0.372549 0.000000 -0.725490
v -0.411765 0.000000 -0.725490
v -0.450980 0.000135 -0.725490
v -0.490196 0.002201 -0.725490
v -0.529412 0.005662 -0.725490
v -0.568627 0.009222 -0.725490
v -0.607843 0.011828 -0.725490
v -0.647059 0.012779 -0.725490
v -0.686274 0.011828 -0.725490
v -0.725490 0.009222 -0.725490
v -0.764706 0.005662 -0.725490
v -0.803922 0.002201 -0.725490
v -0.843137 0.000135 -0.725490
v -0.882353 0.000000 -0.725490
v -0.921569 0.000000 -0.725490
v -0.960784 0.000000 -0.725490
v 0.960784 0.000000 -0.764706
v 0.921569 0.000000 -0.764706
v 0.882353 0.000000 -0.764706
v 0.843137 0.000000 -0.764706
v 0.803922 0.000000 -0.764706
v 0.764706 0.000003 -0.764706
v 0.725490 0.000037 -0.764706
v 0.686275 0.000085 -0.764706
v 0.647059 0.001581 -0.764706
v 0.607843 0.002328 -0.764706
v 0.568627 0.002422 -0.764706
v 0.529412 0.002791 -0.764706
v 0.490196 0.004381 -0.764706
v 0.450980 0.007706 -0.764706
v 0.411765 0.012285 -0.764706
v 0.372549 0.016712 -0.764706
v 0.333333 0.019640 -0.764706
v 0.294118 0.019998 -0.764706
v 0.254902 0.016736 -0.764706
v 0.215686 0.009222 -0.764706
v 0.176471 0.002592 -0.764706
v 0.137255 0.000000 -0.764706
v 0.098039 0.000000 -0.764706
v 0.058824 0.000000 -0.764706
v 0.019608 0.000000 -0.764706
v -0.019608 0.000000 -0.764706
v -0.058823 0.000000 -0.764706
v -0.098039 0.000000 -0.764706
v -0.137255 0.000000 -0.764706
v -0.176471 0.000000 -0.764706
v -0.215686 0.000000 -0.764706
v -0.254902 0.000000 -0.764706
v -0.294118 0.000000 -0.764706
v -0.333333 0.000000 -0.764706
v -0.372549 0.000000 -0.764706
v -0.411765 0.000000 -0.764706
v -0.450980 0.000000 -0.764706
v -0.490196 0.000015 -0.764706
v -0.529412 0.000966 -0.764706
v -0.568627 0.002592 -0.764706
v -0.607843 0.003969 -0.764706
v -0.647059 0.004498 -0.764706
v -0.686274 0.003969 -0.764706
v -0.725490 0.002592 -0.764706
v -0.764706 0.000966 -0.764706
v -0.803922 0.000015 -0.764706
v -0.843137 0.000000 -0.764706
v -0.882353 0.000000 -0.764706
v -0.921569 0.000000 -0.764706
v -0.960784 0.000000 -0.764706
v 0.960784 0.000000 -0.803922
v 0.921569 0.000000 -0.803922
v 0.882353 0.000000 -0.803922
v 0.843137 0.000000 -0.803922
v 0.803922 0.000000 -0.803922
v 0.764706 0.000000 -0.803922
v 0.725490 0.000000 -0.803922
v 0.686275 0.000000 -0.803922
v 0.647059 0.000910 -0.803922
v 0.607843 0.002564 -0.803922
v 0.568627 0.003570 -0.803922
v 0.529412 0.004640 -0.803922
v 0.490196 0.006463 -0.803922
v 0.450980 0.009338 -0.803922
v 0.411765 0.012883 -0.803922
v 0.372549 0.016125 -0.803922
v 0.333333 0.017904 -0.803922
v 0.294118 0.017104 -0.803922
v 0.254902 0.012656 -0.803922
v 0.215686 0.005662 -0.803922
v 0.176471 0.000966 -0.803922
v 0.137255 0.000000 -0.803922
v 0.098039 0.000000 -0.803922
v 0.058824 0.000000 -0.803922
v 0.019608 0.000000 -0.803922
v -0.019608 0.000000 -0.803922
v -0.058823 0.000000 -0.803922
v -0.098039 0.000000 -0.803922
v -0.137255 0.000000 -0.803922
v -0.176471 0.000000 -0.803922
v -0.215686 0.000000 -0.803922
v -0.254902 0.000000 -0.803922
v -0.294118 0.000000 -0.803922
v -0.333333 0.000000 -0.803922
v -0.372549 0.000000 -0.803922
v -0.411765 0.000000 -0.803922
v -0.450980 0.000000 -0.803922
v -0.490196 0.000000 -0.803922
v -0.529412 0.000000 -0.803922
v -0.568627 0.000000 -0.803922
v -0.607843 0.000135 -0.803922
v -0.647059 0.000239 -0.803922
v -0.686274 0.000135 -0.803922
v -0.725490 0.000000 -0.803922
v -0.764706 0.000000 -0.803922
v -0.803922 0.000000 -0.803922
v -0.843137 0.000000 -0.803922
v -0.882353 0.000000 -0.803922
v -0.921569 0.000000 -0.803922
v -0.960784 0.000000 -0.803922
v 0.960784 0.000000 -0.843137
v 0.921569 0.000000 -0.843137
v 0.882353 0.000000 -0.843137
v 0.843137 0.000000 -0.843137
v 0.803922 0.000000 -0.843137
v 0.764706 0.000000 -0.843137
v 0.725490 0.000000 -0.843137
v 0.686275 0.000000 -0.843137
v 0.647059 0.000015 -0.843137
v 0.607843 0.001875 -0.843137
v 0.568627 0.003826 -0.843137
v 0.529412 0.005574 -0.843137
v 0.490196 0.007569 -0.843137
v 0.450980 0.009977 -0.843137
v 0.411765 0.012497 -0.843137
v 0.372549 0.014391 -0.843137
v 0.333333 0.014682 -0.843137
v 0.294118 0.012326 -0.843137
v 0.254902 0.006972 -0.843137
v 0.215686 0.002201 -0.843137
v 0.176471 0.000015 -0.843137
v 0.137255 0.000000 -0.843137
v 0.098039 0.000000 -0.843137
v 0.058824 0.000000 -0.843137
v 0.019608 0.000000 -0.843137
v -0.019608 0.000000 -0.843137
v -0.058823 0.000000 -0.843137
v -0.098039 0.000000 -0.843137
v -0.137255 0.000000 -0.843137
v -0.176471 0.000000 -0.843137
v -0.215686 0.000000 -0.843137
v -0.254902 0.000000 -0.843137
v -0.294118 0.000000 -0.843137
v -0.333333 0.000000 -0.843137
v -0.372549 0.000000 -0.843137
v -0.411765 0.000000 -0.843137
v -0.450980 0.000000 -0.843137
v -0.490196 0.000000 -0.843137
v -0.529412 0.000000 -0.843137
v -0.568627 0.000000 -0.843137
v -0.607843 0.000000 -0.843137
v -0.647059 0.000000 -0.843137
v -0.686274 0.000000 -0.843137
v -0.725490 0.000000 -0.843137
v -0.764706 0.000000 -0.843137
v -0.803922 0.000000 -0.843137
v -0.843137 0.000000 -0.843137
v -0.882353 0.000000 -0.843137
v -0.921569 0.000000 -0.843137
v -0.960784 0.000000 -0.843137
v 0.960784 0.000000 -0.882353
v 0.921569 0.000000 -0.882353
v 0.882353 0.000000 -0.882353
v 0.843137 0.000000 -0.882353
v 0.803922 0.000000 -0.882353
v 0.764706 0.000000 -0.882353
v 0.725490 0.000000 -0.882353
v 0.686275 0.000000 -0.882353
v 0.647059 0.000000 -0.882353
v 0.607843 0.000135 -0.882353
v 0.568627 0.002139 -0.882353
v 0.529412 0.004461 -0.882353
v 0.490196 0.006571 -0.882353
v 0.450980 0.008514 -0.882353
v 0.411765 0.010020 -0.882353
v 0.372549 0.010494 -0.882353
v 0.333333 0.009120 -0.882353
v 0.294118 0.005662 -0.882353
v 0.254902 0.002201 -0.882353
v 0.215686 0.000135 -0.882353
v 0.176471 0.000000 -0.882353
v 0.137255 0.000000 -0.882353
v 0.098039 0.000000 -0.882353
v 0.058824 0.000000 -0.882353
v 0.019608 0.000000 -0.882353
v -0.019608 0.000000 -0.882353
v -0.058823 0.000000 -0.882353
v -0.098039 0.000000 -0.882353
v -0.137255 0.000000 -0.882353
v -0.176471 0.000000 -0.882353
v -0.215686 0.000000 -0.882353
v -0.254902 0.000000 -0.882353
v -0.294118 0.000000 -0.882353
v -0.333333 0.000000 -0.882353
v -0.372549 0.000000 -0.882353
v -0.411765 0.000000 -0.882353
v -0.450980 0.000000 -0.882353
v -0.490196 0.000000 -0.882353
v -0.529412 0.000000 -0.882353
v -0.568627 0.000000 -0.882353
v -0.607843 0.000000 -0.882353
v -0.647059 0.000000 -0.882353
v -0.686274 0.000000 -0.882353
v -0.725490 0.000000 -0.882353
v -0.764706 0.000000 -0.882353
v -0.803922 0.000000 -0.882353
v -0.843137 0.000000 -0.882353
v -0.882353 0.000000 -0.882353
v -0.921569 0.000000 -0.882353
v -0.960784 0.000000 -0.882353
v 0.960784 0.000000 -0.921569
v 0.921569 0.000000 -0.921569
v 0.882353 0.000000 -0.921569
v 0.843137 0.000000 -0.921569
v 0.803922 0.000000 -0.921569
v 0.764706 0.000000 -0.921569
v 0.725490 0.000000 -0.921569
v 0.686275 0.000000 -0.921569
v 0.647059 0.000000 -0.921569
v 0.607843 0.000000 -0.921569
v 0.568627 0.000015 -0.921569
v 0.529412 0.000966 -0.921569
v 0.490196 0.002592 -0.921569
v 0.450980 0.003969 -0.921569
v 0.411765 0.004498 -0.921569
v 0.372549 0.003969 -0.921569
v 0.333333 0.002592 -0.921569
v 0.294118 0.000966 -0.921569
v 0.254902 0.000015 -0.921569
v 0.215686 0.000000 -0.921569
v 0.176471 0.000000 -0.921569
v 0.137255 0.000000 -0.921569
v 0.098039 0.000000 -0.921569
v 0.058824 0.000000 -0.921569
v 0.019608 0.000000 -0.921569
v -0.019608 0.000000 -0.921569
v -0.058823 0.000000 -0.921569
v -0.098039 0.000000 -0.921569
v -0.137255 0.000000 -0.921569
v -0.176471 0.000000 -0.921569
v -0.215686 0.000000 -0.921569
v -0.254902 0.000000 -0.921569
v -0.294118 0.000000 -0.921569
v -0.333333 0.000000 -0.921569
v -0.372549 0.000000 -0.921569
v -0.411765 0.000000 -0.921569
v -0.450980 0.000000 -0.921569
v -0.490196 0.000000 -0.921569
v -0.529412 0.000000 -0.921569
v -0.568627 0.000000 -0.921569
v -0.607843 0.000000 -0.921569
v -0.647059 0.000000 -0.921569
v -0.686274 0.000000 -0.921569
v -0.725490 0.000000 -0.921569
v -0.764706 0.000000 -0.921569
v -0.803922 0.000000 -0.921569
v -0.843137 0.000000 -0.921569
v -0.882353 0.000000 -0.921569
v -0.921569 0.000000 -0.921569
v -0.960784 0.000000 -0.921569
v 0.960784 0.000000 -0.960784
v 0.921569 0.000000 -0.960784
v 0.882353 0.000000 -0.960784
v 0.843137 0.000000 -0.960784
v 0.803922 0.000000 -0.960784
v 0.764706 0.000000 -0.960784
v 0.725490 0.000000 -0.960784
v 0.686275 0.000000 -0.960784
v 0.647059 0.000000 -0.960784
v 0.607843 0.000000 -0.960784
v 0.568627 0.000000 -0.960784
v 0.529412 0.000000 -0.960784
v 0.490196 0.000000 -0.960784
v 0.450980 0.000135 -0.960784
v 0.411765 0.000239 -0.960784
v 0.372549 0.000135 -0.960784
v 0.333333 0.000000 -0.960784
v 0.294118 0.000000 -0.960784
v 0.254902 0.000000 -0.960784
v 0.215686 0.000000 -0.960784
v 0.176471 0.000000 -0.960784
v 0.137255 0.000000 -0.960784
v 0.098039 0.000000 -0.960784
v 0.058824 0.000000 -0.960784
v 0.019608 0.000000 -0.960784
v -0.019608 0.000000 -0.960784
v -0.058823 0.000000 -0.960784
v -0.098039 0.000000 -0.960784
v -0.137255 0.000000 -0.960784
v -0.176471 0.000000 -0.960784
v -0.215686 0.000000 -0.960784
v -0.254902 0.000000 -0.960784
v -0.294118 0.000000 -0.960784
v -0.333333 0.000000 -0.960784
v -0.372549 0.000000 -0.960784
v -0.411765 0.000000 -0.960784
v -0.450980 0.000000 -0.960784
v -0.490196 0.000000 -0.960784
v -0.529412 0.000000 -0.960784
v -0.568627 0.000000 -0.960784
v -0.607843 0.000000 -0.960784
v -0.647059 0.000000 -0.960784
v -0.686274 0.000000 -0.960784
v -0.725490 0.000000 -0.960784
v -0.764706 0.000000 -0.960784
v -0.803922 0.000000 -0.960784
v -0.843137 0.000000 -0.960784
v -0.882353 0.000000 -0.960784
v -0.921569 0.000000 -0.960784
v -0.960784 0.000000 -0.960784
vn -0.0000 1.0000 -0.0000
vn -0.0003 1.0000 -0.0003
vn -0.0022 1.0000 -0.0017
vn -0.0071 1.0000 -0.0039
vn -0.0137 0.9999 -0.0060
vn -0.0201 0.9998 -0.0074
vn -0.0254 0.9997 -0.0075
vn -0.0296 0.9995 -0.0065
vn -0.0326 0.9995 -0.0048
vn -0.0345 0.9994 -0.0025
vn -0.0351 0.9994 -0.0000
vn -0.0345 0.9994 0.0025
vn -0.0326 0.9995 0.0048
vn -0.0296 0.9995 0.0065
vn -0.0254 0.9997 0.0075
vn -0.0201 0.9998 0.0074
vn -0.0137 0.9999 0.0060
vn -0.0071 1.0000 0.0039
vn -0.0022 1.0000 0.0017
vn -0.0003 1.0000 0.0003
vn 0.0013 1.0000 0.0013
vn 0.0062 1.0000 0.0062
vn 0.0143 0.9998 0.0134
vn 0.0231 0.9995 0.0196
vn 0.0313 0.9992 0.0237
vn 0.0389 0.9989 0.0258
vn 0.0457 0.9986 0.0260
vn 0.0518 0.9984 0.0245
vn 0.0569 0.9981 0.0216
vn 0.0610 0.9980 0.0174
vn 0.0640 0.9979 0.0121
vn 0.0658 0.9978 0.0062
vn 0.0664 0.9978 -0.0000
vn 0.0658 0.9978 -0.0062
vn 0.0640 0.9979 -0.0121
vn 0.0610 0.9980 -0.0174
vn 0.0569 0.9981 -0.0216
vn 0.0518 0.9984 -0.0245
vn 0.0454 0.9987 -0.0213
vn 0.0416 0.9991 0.0078
vn 0.0448 0.9985 0.0329
vn 0.0515 0.9981 0.0324
vn 0.0574 0.9979 0.0301
vn 0.0624 0.9977 0.0262
vn 0.0665 0.9976 0.0209
vn 0.0694 0.9975 0.0146
vn 0.0713 0.9974 0.0075
vn 0.0719 0.9974 -0.0000
vn 0.0713 0.9974 -0.0075
vn 0.0694 0.9975 -0.0146
vn 0.0665 0.9976 -0.0209
vn 0.0624 0.9977 -0.0262
vn 0.0574 0.9979 -0.0301
vn 0.0515 0.9981 -0.0324
vn 0.0448 0.9985 -0.0329
vn 0.0375 0.9988 -0.0314
vn 0.0297 0.9992 -0.0279
vn 0.0213 0.9995 -0.0222
vn 0.0126 0.9998 -0.0143
vn 0.0049 1.0000 -0.0058
vn 0.0009 1.0000 -0.0009
vn -0.0068 1.0000 0.0032
vn -0.0283 0.9995 0.0128
vn -0.0558 0.9981 0.0262
vn -0.0789 0.9961 0.0398
vn -0.0974 0.9938 0.0531
vn -0.1113 0.9916 0.0661
vn -0.1206 0.9896 0.0787
vn -0.1255 0.9879 0.0910
vn -0.1261 0.9867 0.1028
vn -0.1224 0.9859 0.1140
vn -0.1146 0.9856 0.1245
vn -0.1029 0.9856 0.1341
vn -0.0876 0.9859 0.1426
vn -0.0690 0.9863 0.1497
vn -0.0477 0.9867 0.1551
vn -0.0244 0.9871 0.1585
vn -0.0000 0.9872 0.1596
vn 0.0244 0.9871 0.1585
vn 0.0473 0.9867 0.1555
vn 0.0677 0.9861 0.1517
vn 0.0853 0.9853 0.1480
vn 0.1001 0.9845 0.1438
vn 0.1116 0.9841 0.1382
vn 0.1199 0.9841 0.1307
vn 0.1245 0.9848 0.1213
vn 0.1253 0.9860 0.1102
vn 0.1217 0.9878 0.0974
vn 0.1134 0.9901 0.0830
vn 0.1002 0.9927 0.0670
vn 0.0816 0.9954 0.0497
vn 0.0580 0.9978 0.0316
vn 0.0296 0.9995 0.0148
vn 0.0072 1.0000 0.0035
vn 0.0015 1.0000 -0.0032
vn -0.0000 1.0000 -0.0048
vn -0.0015 1.0000 -0.0032
vn -0.0009 1.0000 -0.0009
vn 0.0001 1.0000 0.0001
vn 0.0013 1.0000 0.0015
vn 0.0124 0.9999 0.0080
vn 0.0382 0.9990 0.0219
vn 0.0669 0.9970 0.0394
vn 0.0902 0.9943 0.0569
vn 0.1081 0.9914 0.0734
vn 0.1206 0.9887 0.0886
vn 0.1281 0.9865 0.1022
vn 0.1309 0.9848 0.1143
vn 0.1293 0.9837 0.1248
vn 0.1237 0.9833 0.1336
vn 0.1146 0.9834 0.1407
vn 0.1021 0.9840 0.1459
vn 0.0865 0.9850 0.1494
vn 0.0684 0.9861 0.1516
vn 0.0477 0.9871 0.1529
vn 0.0246 0.9878 0.1537
vn -0.0001 0.9881 0.1539
vn -0.0255 0.9880 0.1527
vn -0.0498 0.9875 0.1493
vn -0.0720 0.9870 0.1440
vn -0.0914 0.9863 0.1370
vn -0.1073 0.9859 0.1287
vn -0.1195 0.9856 0.1195
vn -0.1276 0.9858 0.1094
vn -0.1315 0.9864 0.0987
vn -0.1312 0.9875 0.0875
vn -0.1265 0.9891 0.0760
vn -0.1173 0.9910 0.0641
vn -0.1036 0.9933 0.0519
vn -0.0852 0.9956 0.0394
vn -0.0622 0.9977 0.0267
vn -0.0346 0.9993 0.0140
vn -0.0103 0.9999 0.0043
vn -0.0004 1.0000 0.0004
vn 0.0004 1.0000 0.0004
vn 0.0019 1.0000 0.0025
vn 0.0065 0.9999 0.0081
vn 0.0250 0.9995 0.0195
vn 0.0557 0.9978 0.0357
vn 0.0841 0.9951 0.0529
vn 0.1064 0.9919 0.0689
vn 0.1230 0.9889 0.0835
vn 0.1340 0.9862 0.0969
vn 0.1401 0.9841 0.1089
vn 0.1413 0.9827 0.1195
vn 0.1382 0.9820 0.1287
vn 0.1310 0.9820 0.1363
vn 0.1201 0.9825 0.1425
vn 0.1058 0.9835 0.1469
vn 0.0885 0.9848 0.1495
vn 0.0687 0.9863 0.1500
vn 0.0468 0.9878 0.1484
vn 0.0232 0.9891 0.1455
vn -0.0019 0.9898 0.1422
vn -0.0282 0.9899 0.1391
vn -0.0542 0.9893 0.1353
vn -0.0782 0.9884 0.1302
vn -0.0989 0.9874 0.1235
vn -0.1158 0.9865 0.1158
vn -0.1287 0.9859 0.1073
vn -0.1375 0.9856 0.0982
vn -0.1419 0.9859 0.0887
vn -0.1419 0.9867 0.0789
vn -0.1375 0.9881 0.0688
vn -0.1286 0.9900 0.0585
vn -0.1151 0.9922 0.0480
vn -0.0969 0.9946 0.0373
vn -0.0740 0.9969 0.0265
vn -0.0464 0.9988 0.0155
vn -0.0176 0.9998 0.0061
vn -0.0020 1.0000 0.0011
vn 0.0031 1.0000 0.0035
vn 0.0072 0.9999 0.0095
vn 0.0161 0.9997 0.0188
vn 0.0399 0.9987 0.0319
vn 0.0723 0.9963 0.0471
vn 0.0996 0.9931 0.0621
vn 0.1207 0.9898 0.0760
vn 0.1360 0.9867 0.0886
vn 0.1457 0.9842 0.1001
vn 0.1504 0.9825 0.1103
vn 0.1503 0.9814 0.1192
vn 0.1458 0.9811 0.1268
vn 0.1372 0.9816 0.1331
vn 0.1247 0.9825 0.1381
vn 0.1088 0.9839 0.1415
vn 0.0896 0.9856 0.1434
vn 0.0678 0.9873 0.1434
vn 0.0438 0.9890 0.1414
vn 0.0185 0.9904 0.1369
vn -0.0072 0.9914 0.1304
vn -0.0331 0.9918 0.1235
vn -0.0591 0.9913 0.1174
vn -0.0840 0.9902 0.1119
vn -0.1058 0.9887 0.1058
vn -0.1235 0.9874 0.0989
vn -0.1370 0.9863 0.0914
vn -0.1461 0.9857 0.0835
vn -0.1508 0.9857 0.0755
vn -0.1510 0.9862 0.0672
vn -0.1468 0.9874 0.0588
vn -0.1381 0.9891 0.0503
vn -0.1247 0.9913 0.0416
vn -0.1067 0.9937 0.0329
vn -0.0839 0.9962 0.0240
vn -0.0564 0.9983 0.0151
vn -0.0248 0.9997 0.0072
vn -0.0038 1.0000 0.0031
vn -0.0000 1.0000 0.0024
vn -0.0008 1.0000 0.0016
vn 0.0094 0.9999 0.0103
vn 0.0153 0.9997 0.0186
vn 0.0272 0.9992 0.0285
vn 0.0543 0.9977 0.0409
vn 0.0867 0.9948 0.0543
vn 0.1129 0.9913 0.0670
vn 0.1329 0.9880 0.0786
vn 0.1470 0.9851 0.0892
vn 0.1556 0.9829 0.0986
vn 0.1590 0.9815 0.1069
vn 0.1577 0.9809 0.1139
vn 0.1519 0.9811 0.1198
vn 0.1419 0.9820 0.1245
vn 0.1282 0.9835 0.1279
vn 0.1108 0.9853 0.1301
vn 0.0901 0.9873 0.1309
vn 0.0665 0.9893 0.1302
vn 0.0404 0.9910 0.1278
vn 0.0126 0.9923 0.1233
vn -0.0152 0.9931 0.1161
vn -0.0416 0.9934 0.1068
vn -0.0662 0.9930 0.0973
vn -0.0899 0.9919 0.0899
vn -0.1119 0.9902 0.0840
vn -0.1302 0.9884 0.0782
vn -0.1440 0.9870 0.0720
vn -0.1533 0.9860 0.0658
vn -0.1581 0.9856 0.0594
vn -0.1585 0.9859 0.0529
vn -0.1543 0.9869 0.0463
vn -0.1457 0.9885 0.0398
vn -0.1324 0.9906 0.0331
vn -0.1144 0.9931 0.0265
vn -0.0887 0.9958 0.0229
vn -0.0561 0.9980 0.0274
vn -0.0218 0.9990 0.0384
vn -0.0000 0.9988 0.0493
vn -0.0000 0.9986 0.0538
vn -0.0076 0.9988 0.0477
vn -0.0104 0.9994 0.0322
vn -0.0082 0.9999 0.0145
vn -0.0031 1.0000 0.0032
vn 0.0178 0.9997 0.0178
vn 0.0238 0.9994 0.0264
vn 0.0378 0.9986 0.0357
vn 0.0669 0.9967 0.0465
vn 0.0988 0.9934 0.0577
vn 0.1240 0.9899 0.0680
vn 0.1430 0.9867 0.0773
vn 0.1560 0.9840 0.0857
vn 0.1634 0.9822 0.0929
vn 0.1657 0.9812 0.0991
vn 0.1632 0.9811 0.1041
vn 0.1562 0.9818 0.1080
vn 0.1451 0.9832 0.1108
vn 0.1301 0.9851 0.1124
vn 0.1115 0.9873 0.1129
vn 0.0896 0.9896 0.1123
vn 0.0645 0.9918 0.1106
vn 0.0367 0.9935 0.1075
vn 0.0068 0.9947 0.1027
vn -0.0237 0.9951 0.0957
vn -0.0521 0.9949 0.0862
vn -0.0762 0.9943 0.0753
vn -0.0971 0.9931 0.0655
vn -0.1172 0.9914 0.0589
vn -0.1353 0.9893 0.0542
vn -0.1493 0.9875 0.0498
vn -0.1587 0.9863 0.0454
vn -0.1636 0.9857 0.0409
vn -0.1640 0.9858 0.0365
vn -0.1598 0.9866 0.0320
vn -0.1512 0.9881 0.0275
vn -0.1376 0.9902 0.0235
vn -0.1131 0.9932 0.0264
vn -0.0738 0.9962 0.0464
vn -0.0314 0.9962 0.0814
vn 0.0013 0.9931 0.1177
vn 0.0137 0.9896 0.1433
vn -0.0001 0.9883 0.1524
vn -0.0240 0.9896 0.1420
vn -0.0388 0.9928 0.1129
vn -0.0386 0.9967 0.0720
vn -0.0237 0.9992 0.0324
vn -0.0071 0.9999 0.0079
vn 0.0264 0.9994 0.0238
vn 0.0320 0.9990 0.0319
vn 0.0472 0.9981 0.0403
vn 0.0773 0.9958 0.0491
vn 0.1084 0.9924 0.0577
vn 0.1328 0.9890 0.0656
vn 0.1508 0.9859 0.0726
vn 0.1628 0.9835 0.0786
vn 0.1691 0.9820 0.0836
vn 0.1703 0.9815 0.0876
vn 0.1666 0.9819 0.0905
vn 0.1585 0.9830 0.0922
vn 0.1462 0.9849 0.0929
vn 0.1302 0.9872 0.0924
vn 0.1105 0.9897 0.0909
vn 0.0875 0.9922 0.0885
vn 0.0614 0.9945 0.0851
vn 0.0324 0.9962 0.0808
vn 0.0008 0.9972 0.0754
vn -0.0318 0.9972 0.0684
vn -0.0622 0.9963 0.0596
vn -0.0871 0.9950 0.0495
vn -0.1060 0.9936 0.0394
vn -0.1225 0.9920 0.0319
vn -0.1388 0.9899 0.0279
vn -0.1527 0.9880 0.0255
vn -0.1621 0.9865 0.0232
vn -0.1669 0.9857 0.0209
vn -0.1673 0.9857 0.0186
vn -0.1632 0.9865 0.0163
vn -0.1545 0.9879 0.0141
vn -0.1337 0.9908 0.0189
vn -0.0877 0.9951 0.0457
vn -0.0294 0.9950 0.0957
vn 0.0141 0.9887 0.1496
vn 0.0317 0.9817 0.1878
vn 0.0240 0.9790 0.2023
vn -0.0063 0.9803 0.1975
vn -0.0442 0.9823 0.1818
vn -0.0705 0.9847 0.1594
vn -0.0793 0.9886 0.1282
vn -0.0673 0.9942 0.0835
vn -0.0358 0.9987 0.0358
vn -0.0079 0.9999 0.0071
vn 0.0344 0.9990 0.0276
vn 0.0398 0.9986 0.0351
vn 0.0551 0.9976 0.0423
vn 0.0851 0.9952 0.0490
vn 0.1155 0.9918 0.0550
vn 0.1391 0.9884 0.0603
vn 0.1562 0.9856 0.0649
vn 0.1673 0.9835 0.0686
vn 0.1727 0.9824 0.0713
vn 0.1727 0.9823 0.0730
vn 0.1679 0.9830 0.0736
vn 0.1587 0.9846 0.0731
vn 0.1453 0.9868 0.0715
vn 0.1281 0.9894 0.0687
vn 0.1075 0.9921 0.0650
vn 0.0836 0.9947 0.0604
vn 0.0566 0.9969 0.0551
vn 0.0267 0.9984 0.0490
vn -0.0057 0.9991 0.0423
vn -0.0395 0.9986 0.0351
vn -0.0710 0.9971 0.0275
vn -0.0963 0.9952 0.0196
vn -0.1148 0.9933 0.0115
vn -0.1280 0.9918 0.0045
vn -0.1409 0.9900 0.0008
vn -0.1538 0.9881 -0.0000
vn -0.1632 0.9866 -0.0000
vn -0.1681 0.9858 -0.0000
vn -0.1685 0.9857 -0.0000
vn -0.1644 0.9864 -0.0000
vn -0.1526 0.9883 0.0030
vn -0.1106 0.9936 0.0237
vn -0.0366 0.9968 0.0718
vn 0.0280 0.9911 0.1298
vn 0.0537 0.9838 0.1709
vn 0.0427 0.9824 0.1817
vn 0.0135 0.9858 0.1675
vn -0.0259 0.9894 0.1431
vn -0.0641 0.9906 0.1207
vn -0.0884 0.9904 0.1066
vn -0.1011 0.9899 0.0993
vn -0.1022 0.9909 0.0880
vn -0.0777 0.9952 0.0591
vn -0.0312 0.9993 0.0225
vn -0.0032 1.0000 0.0031
vn 0.0419 0.9987 0.0293
vn 0.0468 0.9982 0.0362
vn 0.0612 0.9972 0.0422
vn 0.0902 0.9948 0.0466
vn 0.1200 0.9915 0.0499
vn 0.1430 0.9883 0.0527
vn 0.1594 0.9857 0.0548
vn 0.1695 0.9839 0.0561
vn 0.1739 0.9831 0.0566
vn 0.1729 0.9833 0.0560
vn 0.1670 0.9845 0.0543
vn 0.1566 0.9863 0.0515
vn 0.1421 0.9887 0.0475
vn 0.1239 0.9914 0.0425
vn 0.1023 0.9941 0.0366
vn 0.0776 0.9965 0.0299
vn 0.0499 0.9985 0.0225
vn 0.0196 0.9997 0.0148
vn -0.0130 0.9999 0.0069
vn -0.0466 0.9989 -0.0004
vn -0.0777 0.9970 -0.0066
vn -0.1032 0.9946 -0.0124
vn -0.1231 0.9922 -0.0196
vn -0.1363 0.9902 -0.0295
vn -0.1448 0.9887 -0.0382
vn -0.1532 0.9874 -0.0409
vn -0.1601 0.9864 -0.0373
vn -0.1638 0.9860 -0.0299
vn -0.1651 0.9860 -0.0221
vn -0.1626 0.9865 -0.0169
vn -0.1405 0.9901 -0.0059
vn -0.0699 0.9972 0.0269
vn 0.0218 0.9967 0.0781
vn 0.0715 0.9901 0.1206
vn 0.0626 0.9895 0.1300
vn 0.0250 0.9936 0.1098
vn -0.0135 0.9967 0.0796
vn -0.0531 0.9973 0.0505
vn -0.0837 0.9961 0.0271
vn -0.0962 0.9953 0.0148
vn -0.0995 0.9949 0.0170
vn -0.1022 0.9943 0.0310
vn -0.0979 0.9944 0.0405
vn -0.0600 0.9978 0.0284
vn -0.0142 0.9999 0.0080
vn 0.0486 0.9984 0.0292
vn 0.0532 0.9980 0.0354
vn 0.0656 0.9970 0.0402
vn 0.0926 0.9948 0.0424
vn 0.1220 0.9916 0.0431
vn 0.1444 0.9886 0.0433
vn 0.1601 0.9862 0.0429
vn 0.1695 0.9846 0.0419
vn 0.1729 0.9841 0.0400
vn 0.1709 0.9846 0.0372
vn 0.1638 0.9859 0.0333
vn 0.1522 0.9879 0.0282
vn 0.1366 0.9904 0.0221
vn 0.1174 0.9930 0.0149
vn 0.0950 0.9954 0.0070
vn 0.0697 0.9976 -0.0015
vn 0.0417 0.9991 -0.0103
vn 0.0113 0.9998 -0.0191
vn -0.0223 0.9993 -0.0289
vn -0.0623 0.9970 -0.0466
vn -0.1014 0.9916 -0.0798
vn -0.1298 0.9837 -0.1244
vn -0.1487 0.9741 -0.1702
vn -0.1570 0.9650 -0.2098
vn -0.1541 0.9591 -0.2373
vn -0.1483 0.9575 -0.2475
vn -0.1437 0.9602 -0.2396
vn -0.1389 0.9666 -0.2153
vn -0.1362 0.9747 -0.1774
vn -0.1335 0.9825 -0.1296
vn -0.0980 0.9927 -0.0709
vn -0.0124 0.9999 -0.0033
vn 0.0702 0.9962 0.0512
vn 0.0860 0.9938 0.0705
vn 0.0435 0.9975 0.0558
vn -0.0036 0.9996 0.0283
vn -0.0421 0.9991 0.0016
vn -0.0799 0.9965 -0.0246
vn -0.1021 0.9937 -0.0467
vn -0.0999 0.9934 -0.0570
vn -0.0875 0.9948 -0.0513
vn -0.0802 0.9963 -0.0312
vn -0.0835 0.9965 -0.0039
vn -0.0715 0.9974 0.0115
vn -0.0280 0.9996 0.0068
vn 0.0546 0.9981 0.0273
vn 0.0590 0.9977 0.0328
vn 0.0685 0.9970 0.0366
vn 0.0924 0.9950 0.0369
vn 0.1212 0.9920 0.0350
vn 0.1432 0.9892 0.0326
vn 0.1584 0.9869 0.0298
vn 0.1671 0.9856 0.0264
vn 0.1697 0.9852 0.0223
vn 0.1666 0.9859 0.0173
vn 0.1584 0.9873 0.0113
vn 0.1457 0.9893 0.0041
vn 0.1291 0.9916 -0.0040
vn 0.1091 0.9939 -0.0130
vn 0.0861 0.9960 -0.0225
vn 0.0604 0.9976 -0.0323
vn 0.0294 0.9986 -0.0450
vn -0.0147 0.9971 -0.0743
vn -0.0667 0.9888 -0.1334
vn -0.1203 0.9693 -0.2145
vn -0.1653 0.9387 -0.3025
vn -0.1881 0.9027 -0.3869
vn -0.1913 0.8681 -0.4581
vn -0.1782 0.8422 -0.5089
vn -0.1544 0.8281 -0.5389
vn -0.1282 0.8253 -0.5500
vn -0.1042 0.8334 -0.5428
vn -0.0826 0.8522 -0.5167
vn -0.0651 0.8805 -0.4696
vn -0.0518 0.9154 -0.3992
vn -0.0022 0.9522 -0.3054
vn 0.0851 0.9783 -0.1887
vn 0.1351 0.9874 -0.0826
vn 0.0984 0.9948 -0.0256
vn 0.0221 0.9996 -0.0200
vn -0.0282 0.9989 -0.0385
vn -0.0664 0.9959 -0.0608
vn -0.1041 0.9911 -0.0833
vn -0.1171 0.9879 -0.1012
vn -0.0981 0.9896 -0.1053
vn -0.0702 0.9932 -0.0929
vn -0.0528 0.9962 -0.0688
vn -0.0532 0.9978 -0.0384
vn -0.0599 0.9981 -0.0117
vn -0.0326 0.9995 0.0002
vn -0.0016 1.0000 0.0008
vn 0.0596 0.9979 0.0239
vn 0.0639 0.9975 0.0284
vn 0.0703 0.9970 0.0314
vn 0.0901 0.9955 0.0304
vn 0.1178 0.9927 0.0263
vn 0.1395 0.9900 0.0212
vn 0.1543 0.9879 0.0158
vn 0.1625 0.9867 0.0101
vn 0.1644 0.9864 0.0039
vn 0.1604 0.9871 -0.0031
vn 0.1511 0.9885 -0.0111
vn 0.1373 0.9903 -0.0201
vn 0.1198 0.9923 -0.0300
vn 0.0992 0.9942 -0.0404
vn 0.0755 0.9958 -0.0516
vn 0.0365 0.9964 -0.0764
vn -0.0236 0.9900 -0.1391
vn -0.0991 0.9654 -0.2414
vn -0.1746 0.9137 -0.3669
vn -0.2283 0.8393 -0.4934
vn -0.2495 0.7614 -0.5983
vn -0.2400 0.6980 -0.6746
vn -0.2098 0.6549 -0.7260
vn -0.1688 0.6326 -0.7559
vn -0.1259 0.6271 -0.7687
vn -0.0811 0.6361 -0.7673
vn -0.0435 0.6581 -0.7517
vn -0.0139 0.6873 -0.7263
vn 0.0176 0.7222 -0.6915
vn 0.0474 0.7647 -0.6426
vn 0.1092 0.8117 -0.5738
vn 0.2015 0.8589 -0.4708
vn 0.2346 0.9087 -0.3452
vn 0.1624 0.9590 -0.2321
vn 0.0507 0.9876 -0.1489
vn -0.0310 0.9938 -0.1064
vn -0.0861 0.9905 -0.1068
vn -0.1229 0.9848 -0.1229
vn -0.1230 0.9838 -0.1306
vn -0.0871 0.9886 -0.1230
vn -0.0480 0.9935 -0.1033
vn -0.0250 0.9966 -0.0780
vn -0.0230 0.9985 -0.0507
vn -0.0368 0.9990 -0.0240
vn -0.0256 0.9997 -0.0057
vn -0.0024 1.0000 -0.0000
vn 0.0637 0.9978 0.0191
vn 0.0680 0.9974 0.0227
vn 0.0716 0.9971 0.0251
vn 0.0864 0.9960 0.0235
vn 0.1115 0.9936 0.0174
vn 0.1332 0.9910 0.0096
vn 0.1478 0.9890 0.0017
vn 0.1557 0.9878 -0.0063
vn 0.1570 0.9875 -0.0147
vn 0.1522 0.9881 -0.0236
vn 0.1419 0.9893 -0.0333
vn 0.1272 0.9909 -0.0439
vn 0.1090 0.9925 -0.0551
vn 0.0852 0.9939 -0.0696
vn 0.0383 0.9933 -0.1094
vn -0.0474 0.9783 -0.2017
vn -0.1504 0.9287 -0.3389
vn -0.2439 0.8380 -0.4881
vn -0.3088 0.7245 -0.6162
vn -0.3302 0.6129 -0.7179
vn -0.3153 0.5190 -0.7945
vn -0.2786 0.4459 -0.8506
vn -0.2157 0.3957 -0.8927
vn -0.1444 0.3697 -0.9179
vn -0.0740 0.3629 -0.9289
vn -0.0049 0.3780 -0.9258
vn 0.0466 0.4152 -0.9085
vn 0.0815 0.4615 -0.8834
vn 0.1088 0.5134 -0.8512
vn 0.1379 0.5717 -0.8088
vn 0.2010 0.6277 -0.7521
vn 0.2943 0.6839 -0.6676
vn 0.3281 0.7510 -0.5730
vn 0.2685 0.8375 -0.4760
vn 0.1582 0.9207 -0.3567
vn 0.0368 0.9713 -0.2352
vn -0.0700 0.9854 -0.1555
vn -0.1263 0.9839 -0.1263
vn -0.1166 0.9864 -0.1155
vn -0.0698 0.9925 -0.1003
vn -0.0262 0.9963 -0.0815
vn -0.0018 0.9981 -0.0621
vn 0.0006 0.9991 -0.0429
vn -0.0141 0.9996 -0.0233
vn -0.0140 0.9999 -0.0074
vn -0.0016 1.0000 -0.0008
vn 0.0667 0.9977 0.0134
vn 0.0709 0.9974 0.0158
vn 0.0731 0.9972 0.0178
vn 0.0820 0.9965 0.0163
vn 0.1027 0.9947 0.0090
vn 0.1242 0.9923 -0.0014
vn 0.1388 0.9902 -0.0119
vn 0.1465 0.9890 -0.0223
vn 0.1476 0.9885 -0.0328
vn 0.1422 0.9889 -0.0436
vn 0.1311 0.9898 -0.0548
vn 0.1157 0.9910 -0.0667
vn 0.0927 0.9922 -0.0835
vn 0.0371 0.9904 -0.1330
vn -0.0707 0.9670 -0.2449
vn -0.2009 0.8947 -0.3989
vn -0.3133 0.7767 -0.5464
vn -0.3912 0.6347 -0.6664
vn -0.4225 0.4926 -0.7608
vn -0.4109 0.3788 -0.8292
vn -0.3647 0.2964 -0.8827
vn -0.2961 0.2357 -0.9256
vn -0.2064 0.1991 -0.9580
vn -0.1116 0.1834 -0.9767
vn -0.0161 0.1834 -0.9829
vn 0.0690 0.1952 -0.9783
vn 0.1339 0.2153 -0.9673
vn 0.1771 0.2482 -0.9524
vn 0.2000 0.2997 -0.9329
vn 0.2194 0.3561 -0.9083
vn 0.2668 0.4165 -0.8691
vn 0.3517 0.4811 -0.8031
vn 0.4117 0.5678 -0.7128
vn 0.3795 0.6789 -0.6286
vn 0.2987 0.7926 -0.5316
vn 0.1829 0.8974 -0.4015
vn 0.0358 0.9677 -0.2494
vn -0.0769 0.9889 -0.1270
vn -0.0960 0.9931 -0.0668
vn -0.0550 0.9974 -0.0465
vn -0.0125 0.9992 -0.0369
vn 0.0111 0.9995 -0.0299
vn 0.0140 0.9996 -0.0229
vn 0.0013 0.9999 -0.0138
vn -0.0044 1.0000 -0.0046
vn -0.0004 1.0000 -0.0004
vn 0.0685 0.9976 0.0069
vn 0.0727 0.9973 0.0081
vn 0.0745 0.9972 0.0093
vn 0.0780 0.9969 0.0081
vn 0.0923 0.9957 0.0009
vn 0.1124 0.9936 -0.0112
vn 0.1272 0.9916 -0.0243
vn 0.1351 0.9901 -0.0373
vn 0.1361 0.9894 -0.0500
vn 0.1305 0.9895 -0.0626
vn 0.1190 0.9900 -0.0753
vn 0.0996 0.9908 -0.0918
vn 0.0415 0.9890 -0.1419
vn -0.0845 0.9620 -0.2596
vn -0.2376 0.8777 -0.4161
vn -0.3654 0.7474 -0.5549
vn -0.4642 0.5859 -0.6643
vn -0.5141 0.4201 -0.7478
vn -0.5101 0.2890 -0.8101
vn -0.4588 0.1975 -0.8663
vn -0.4069 0.1382 -0.9030
vn -0.2651 0.0973 -0.9593
vn -0.1402 0.0555 -0.9886
vn -0.0481 0.0070 -0.9988
vn -0.0038 0.0081 -1.0000
vn 0.0298 0.0379 -0.9988
vn 0.0922 0.0642 -0.9937
vn 0.1169 0.0891 -0.9891
vn 0.1400 0.1107 -0.9839
vn 0.3213 0.1518 -0.9347
vn 0.2739 0.2025 -0.9402
vn 0.3075 0.2417 -0.9203
vn 0.4920 0.3039 -0.8158
vn 0.5011 0.4716 -0.7256
vn 0.4374 0.6387 -0.6331
vn 0.3489 0.7795 -0.5202
vn 0.2166 0.9030 -0.3711
vn 0.0635 0.9796 -0.1907
vn -0.0348 0.9981 -0.0503
vn -0.0414 0.9991 0.0046
vn -0.0095 0.9999 0.0117
vn 0.0117 0.9999 0.0082
vn 0.0155 0.9999 0.0034
vn 0.0062 1.0000 0.0007
vn -0.0006 1.0000 0.0002
vn -0.0001 1.0000 0.0001
vn 0.0692 0.9976 -0.0000
vn 0.0734 0.9973 -0.0000
vn 0.0751 0.9972 -0.0000
vn 0.0754 0.9972 -0.0009
vn 0.0822 0.9966 -0.0065
vn 0.0981 0.9950 -0.0190
vn 0.1129 0.9930 -0.0346
vn 0.1211 0.9914 -0.0501
vn 0.1224 0.9903 -0.0652
vn 0.1171 0.9899 -0.0799
vn 0.1047 0.9900 -0.0950
vn 0.0549 0.9890 -0.1374
vn -0.0786 0.9655 -0.2481
vn -0.2553 0.8798 -0.4009
vn -0.3957 0.7483 -0.5324
vn -0.5106 0.5826 -0.6324
vn -0.5953 0.3855 -0.7049
vn -0.5931 0.2327 -0.7708
vn -0.5399 0.1559 -0.8271
vn -0.5442 0.0881 -0.8343
vn -0.3510 0.0432 -0.9354
vn -0.2124 0.0235 -0.9769
vn -0.0783 -0.0399 -0.9961
vn -0.0301 -0.0873 -0.9957
vn -0.0026 -0.0982 -0.9952
vn -0.0017 -0.0807 -0.9967
vn 0.0062 -0.0540 -0.9985
vn 0.0491 -0.0263 -0.9984
vn 0.0317 -0.0006 -0.9995
vn 0.3036 0.0315 -0.9523
vn 0.3549 0.0772 -0.9317
vn 0.3514 0.1263 -0.9277
vn 0.4821 0.1330 -0.8660
vn 0.6230 0.2026 -0.7555
vn 0.5669 0.4285 -0.7036
vn 0.5022 0.6245 -0.5982
vn 0.3998 0.7889 -0.4667
vn 0.2609 0.9188 -0.2961
vn 0.1008 0.9889 -0.1095
vn -0.0003 0.9999 0.0130
vn -0.0114 0.9989 0.0452
vn 0.0040 0.9992 0.0391
vn 0.0071 0.9996 0.0278
vn 0.0002 0.9999 0.0162
vn -0.0038 1.0000 0.0074
vn -0.0019 1.0000 0.0025
vn 0.0685 0.9976 -0.0069
vn 0.0727 0.9973 -0.0081
vn 0.0745 0.9972 -0.0093
vn 0.0738 0.9972 -0.0106
vn 0.0744 0.9971 -0.0145
vn 0.0830 0.9962 -0.0251
vn 0.0961 0.9945 -0.0417
vn 0.1047 0.9927 -0.0596
vn 0.1066 0.9913 -0.0769
vn 0.1019 0.9904 -0.0934
vn 0.0727 0.9894 -0.1255
vn -0.0486 0.9749 -0.2171
vn -0.2475 0.8988 -0.3618
vn -0.4081 0.7701 -0.4903
vn -0.5288 0.6130 -0.5870
vn -0.6446 0.3923 -0.6562
vn -0.6710 0.1997 -0.7141
vn -0.6088 0.1131 -0.7852
vn -0.5310 0.0167 -0.8472
vn -0.5237 -0.0869 -0.8475
vn -0.4045 -0.0093 -0.9145
vn 0.5321 0.1408 -0.8349
vn 0.5545 0.1220 -0.8232
vn 0.7214 0.1122 -0.6834
vn 0.6726 0.2317 -0.7028
vn 0.6294 0.4283 -0.6484
vn 0.5561 0.6354 -0.5357
vn 0.4430 0.8089 -0.3865
vn 0.2841 0.9357 -0.2091
vn 0.1026 0.9938 -0.0421
vn 0.0034 0.9990 0.0445
vn -0.0069 0.9985 0.0545
vn -0.0067 0.9991 0.0411
vn -0.0112 0.9996 0.0276
vn -0.0114 0.9998 0.0174
vn -0.0072 0.9999 0.0095
vn -0.0031 1.0000 0.0035
vn -0.0006 1.0000 0.0007
vn 0.0667 0.9977 -0.0134
vn 0.0709 0.9974 -0.0158
vn 0.0727 0.9972 -0.0182
vn 0.0719 0.9972 -0.0206
vn 0.0694 0.9973 -0.0236
vn 0.0702 0.9971 -0.0308
vn 0.0778 0.9959 -0.0454
vn 0.0861 0.9942 -0.0644
vn 0.0888 0.9925 -0.0835
vn 0.0804 0.9911 -0.1063
vn -0.0036 0.9851 -0.1720
vn -0.2030 0.9317 -0.3013
vn -0.4042 0.8063 -0.4320
vn -0.5317 0.6592 -0.5317
vn -0.6537 0.4475 -0.6103
vn -0.7302 0.2045 -0.6519
vn -0.7104 0.0831 -0.6989
vn -0.5827 0.0224 -0.8123
vn -0.4465 -0.0266 -0.8944
vn -0.5784 -0.2457 -0.7779
vn 0.5472 0.1156 -0.8290
vn 0.7361 0.0870 -0.6713
vn 0.7769 0.1182 -0.6184
vn 0.7114 0.2809 -0.6442
vn 0.6848 0.4526 -0.5712
vn 0.5902 0.6706 -0.4494
vn 0.4532 0.8409 -0.2958
vn 0.2558 0.9582 -0.1282
vn 0.0647 0.9979 0.0049
vn -0.0126 0.9986 0.0508
vn -0.0199 0.9988 0.0453
vn -0.0214 0.9991 0.0353
vn -0.0197 0.9994 0.0270
vn -0.0153 0.9997 0.0186
vn -0.0094 0.9999 0.0103
vn -0.0038 1.0000 0.0038
vn -0.0007 1.0000 0.0006
vn 0.0637 0.9978 -0.0191
vn 0.0680 0.9974 -0.0227
vn 0.0697 0.9972 -0.0262
vn 0.0690 0.9972 -0.0296
vn 0.0659 0.9973 -0.0330
vn 0.0618 0.9974 -0.0376
vn 0.0617 0.9970 -0.0475
vn 0.0663 0.9957 -0.0644
vn 0.0695 0.9940 -0.0842
vn 0.0362 0.9915 -0.1246
vn -0.1266 0.9662 -0.2244
vn -0.3643 0.8608 -0.3554
vn -0.5271 0.7146 -0.4599
vn -0.6467 0.5300 -0.5485
vn -0.7582 0.2715 -0.5928
vn -0.7790 0.0891 -0.6207
vn -0.7460 0.0156 -0.6658
vn -0.7556 0.0048 -0.6550
vn 0.8482 0.0585 -0.5264
vn 0.8215 0.0761 -0.5651
vn 0.7536 0.1406 -0.6421
vn 0.7726 0.3102 -0.5540
vn 0.7161 0.5183 -0.4676
vn 0.5904 0.7317 -0.3406
vn 0.4116 0.8905 -0.1938
vn 0.1730 0.9836 -0.0518
vn 0.0064 0.9994 0.0334
vn -0.0290 0.9984 0.0488
vn -0.0293 0.9987 0.0419
vn -0.0276 0.9990 0.0344
vn -0.0238 0.9994 0.0264
vn -0.0178 0.9997 0.0178
vn -0.0103 0.9999 0.0094
vn -0.0035 1.0000 0.0031
vn 0.0596 0.9979 -0.0239
vn 0.0639 0.9975 -0.0284
vn 0.0658 0.9973 -0.0329
vn 0.0652 0.9972 -0.0373
vn 0.0622 0.9972 -0.0415
vn 0.0568 0.9973 -0.0455
vn 0.0512 0.9974 -0.0511
vn 0.0490 0.9969 -0.0621
vn 0.0467 0.9955 -0.0823
vn -0.0432 0.9886 -0.1443
vn -0.2737 0.9255 -0.2617
vn -0.4963 0.7840 -0.3729
vn -0.6350 0.6172 -0.4646
vn -0.7552 0.3850 -0.5305
vn -0.8196 0.1426 -0.5549
vn -0.8323 0.0308 -0.5534
vn -0.7301 0.0169 -0.6831
vn 0.7986 0.0914 -0.5948
vn 0.8304 0.0980 -0.5485
vn 0.8308 0.2038 -0.5179
vn 0.8097 0.3870 -0.4412
vn 0.7016 0.6201 -0.3511
vn 0.5368 0.8120 -0.2289
vn 0.3032 0.9479 -0.0980
vn 0.0632 0.9979 0.0111
vn -0.0322 0.9982 0.0499
vn -0.0363 0.9983 0.0467
vn -0.0351 0.9986 0.0395
vn -0.0319 0.9990 0.0319
vn -0.0264 0.9994 0.0238
vn -0.0186 0.9997 0.0153
vn -0.0095 0.9999 0.0072
vn -0.0025 1.0000 0.0019
vn 0.0546 0.9981 -0.0273
vn 0.0590 0.9977 -0.0328
vn 0.0609 0.9974 -0.0381
vn 0.0605 0.9972 -0.0432
vn 0.0577 0.9972 -0.0481
vn 0.0527 0.9972 -0.0527
vn 0.0455 0.9973 -0.0569
vn 0.0382 0.9973 -0.0624
vn 0.0144 0.9963 -0.0851
vn -0.1475 0.9760 -0.1602
vn -0.4127 0.8701 -0.2694
vn -0.6031 0.7088 -0.3659
vn -0.7361 0.5076 -0.4478
vn -0.8281 0.2576 -0.4979
vn -0.8993 0.0598 -0.4331
vn -0.8986 0.0037 -0.4388
vn 0.9334 0.0996 -0.3448
vn 0.8933 0.1374 -0.4279
vn 0.8624 0.2927 -0.4129
vn 0.7916 0.5075 -0.3403
vn 0.6382 0.7309 -0.2416
vn 0.4252 0.8966 -0.1236
vn 0.1468 0.9890 -0.0157
vn -0.0221 0.9989 0.0425
vn -0.0430 0.9979 0.0491
vn -0.0424 0.9982 0.0424
vn -0.0344 0.9990 0.0276
vn -0.0270 0.9994 0.0197
vn -0.0172 0.9998 0.0115
vn -0.0070 1.0000 0.0046
vn 0.0480 0.9985 -0.0251
vn 0.0521 0.9981 -0.0331
vn 0.0547 0.9977 -0.0409
vn 0.0552 0.9974 -0.0473
vn 0.0528 0.9972 -0.0528
vn 0.0481 0.9972 -0.0577
vn 0.0415 0.9972 -0.0622
vn 0.0330 0.9973 -0.0659
vn -0.0293 0.9953 -0.0921
vn -0.2553 0.9523 -0.1670
vn -0.5217 0.8145 -0.2540
vn -0.6989 0.6301 -0.3384
vn -0.8234 0.3963 -0.4062
vn -0.8764 0.1649 -0.4525
vn -0.9138 0.0023 -0.4062
vn -0.8415 -0.0344 -0.5391
vn 0.9302 0.0905 -0.3556
vn 0.9462 0.1114 -0.3038
vn 0.8974 0.2143 -0.3856
vn 0.8597 0.4120 -0.3019
vn 0.7231 0.6524 -0.2269
vn 0.5208 0.8436 -0.1306
vn 0.2391 0.9703 -0.0359
vn 0.0072 0.9994 0.0331
vn -0.0493 0.9976 0.0493
vn -0.0491 0.9979 0.0430
vn -0.0467 0.9983 0.0363
vn -0.0419 0.9987 0.0293
vn -0.0347 0.9992 0.0221
vn -0.0251 0.9996 0.0147
vn -0.0134 0.9999 0.0074
vn 0.0438 0.9990 0.0074
vn 0.0469 0.9989 0.0058
vn 0.0496 0.9988 0.0033
vn 0.0505 0.9987 -0.0002
vn 0.0478 0.9988 -0.0046
vn 0.0431 0.9990 -0.0097
vn 0.0365 0.9992 -0.0154
vn 0.0276 0.9994 -0.0222
vn -0.0818 0.9952 -0.0544
vn -0.3554 0.9261 -0.1268
vn -0.6076 0.7678 -0.2035
vn -0.7843 0.5569 -0.2732
vn -0.8850 0.2998 -0.3562
vn -0.9466 0.0879 -0.3103
vn -0.9927 -0.0052 -0.1202
vn 0.9709 0.1232 -0.2054
vn 0.9546 0.1852 -0.2334
vn 0.9054 0.3442 -0.2487
vn 0.7878 0.5838 -0.1963
vn 0.5930 0.7959 -0.1222
vn 0.3262 0.9444 -0.0408
vn 0.0488 0.9985 0.0261
vn -0.0545 0.9974 0.0466
vn -0.0554 0.9976 0.0415
vn -0.0532 0.9980 0.0355
vn -0.0486 0.9984 0.0292
vn -0.0416 0.9989 0.0227
vn -0.0322 0.9994 0.0161
vn -0.0203 0.9997 0.0094
vn 0.0467 0.9983 0.0363
vn 0.0491 0.9979 0.0430
vn 0.0502 0.9976 0.0484
vn 0.0493 0.9975 0.0515
vn 0.0456 0.9976 0.0526
vn 0.0399 0.9978 0.0523
vn 0.0324 0.9982 0.0508
vn 0.0194 0.9988 0.0454
vn -0.1338 0.9909 0.0156
vn -0.4347 0.8993 -0.0472
vn -0.6754 0.7280 -0.1181
vn -0.8497 0.4972 -0.1752
vn -0.9355 0.2271 -0.2707
vn -0.9879 0.0294 -0.1523
vn -0.9995 -0.0309 -0.0049
vn 0.9795 0.1134 -0.1667
vn 0.9705 0.1680 -0.1732
vn 0.9350 0.3009 -0.1879
vn 0.8358 0.5267 -0.1549
vn 0.6490 0.7542 -0.1004
vn 0.3967 0.9172 -0.0353
vn 0.0909 0.9957 0.0195
vn -0.0564 0.9976 0.0406
vn -0.0609 0.9974 0.0381
vn -0.0590 0.9977 0.0328
vn -0.0546 0.9981 0.0273
vn -0.0477 0.9986 0.0217
vn -0.0384 0.9991 0.0160
vn -0.0266 0.9996 0.0103
vn 0.0532 0.9980 0.0355
vn 0.0554 0.9976 0.0415
vn 0.0552 0.9974 0.0473
vn 0.0528 0.9972 0.0528
vn 0.0481 0.9972 0.0577
vn 0.0415 0.9972 0.0622
vn 0.0330 0.9973 0.0659
vn 0.0124 0.9978 0.0650
vn -0.1726 0.9840 0.0452
vn -0.4841 0.8750 0.0024
vn -0.7166 0.6959 -0.0476
vn -0.8830 0.4609 -0.0884
vn -0.9694 0.1921 -0.1531
vn -0.9983 0.0062 -0.0581
vn -0.9992 -0.0338 0.0194
vn 0.9905 0.1016 -0.0923
vn 0.9804 0.1537 -0.1237
vn 0.9538 0.2748 -0.1217
vn 0.8680 0.4861 -0.1011
vn 0.6892 0.7216 -0.0653
vn 0.4452 0.8952 -0.0212
vn 0.1255 0.9920 0.0164
vn -0.0546 0.9979 0.0335
vn -0.0658 0.9973 0.0329
vn -0.0639 0.9975 0.0284
vn -0.0596 0.9979 0.0239
vn -0.0529 0.9984 0.0193
vn -0.0436 0.9989 0.0146
vn -0.0319 0.9994 0.0098
vn 0.0609 0.9974 0.0381
vn 0.0605 0.9972 0.0432
vn 0.0577 0.9972 0.0481
vn 0.0527 0.9972 0.0527
vn 0.0455 0.9974 0.0568
vn 0.0362 0.9975 0.0603
vn 0.0085 0.9981 0.0606
vn -0.1954 0.9794 0.0500
vn -0.5110 0.8592 0.0252
vn -0.7376 0.6752 -0.0032
vn -0.8981 0.4389 -0.0272
vn -0.9836 0.1731 -0.0507
vn -0.9960 0.0568 -0.0685
vn 0.9949 0.1001 -0.0146
vn 0.9887 0.1453 -0.0365
vn 0.9639 0.2611 -0.0525
vn 0.8854 0.4630 -0.0414
vn 0.7119 0.7019 -0.0230
vn 0.4720 0.8816 -0.0006
vn 0.1471 0.9889 0.0185
vn -0.0521 0.9983 0.0271
vn -0.0697 0.9972 0.0262
vn -0.0680 0.9974 0.0227
vn -0.0637 0.9978 0.0191
vn -0.0570 0.9983 0.0156
vn -0.0478 0.9988 0.0120
vn -0.0361 0.9993 0.0083
vn 0.0658 0.9973 0.0329
vn 0.0652 0.9972 0.0373
vn 0.0622 0.9972 0.0415
vn 0.0568 0.9974 0.0455
vn 0.0491 0.9976 0.0491
vn 0.0393 0.9979 0.0523
vn 0.0084 0.9985 0.0550
vn -0.2021 0.9778 0.0559
vn -0.5188 0.8534 0.0500
vn -0.7417 0.6694 0.0428
vn -0.9001 0.4344 0.0350
vn -0.9849 0.1708 0.0269
vn -0.9981 0.0568 0.0252
vn 0.9941 0.1036 0.0312
vn 0.9889 0.1464 0.0254
vn 0.9660 0.2578 0.0174
vn 0.8890 0.4575 0.0199
vn 0.7172 0.6965 0.0216
vn 0.4793 0.8773 0.0226
vn 0.1530 0.9880 0.0228
vn -0.0525 0.9984 0.0206
vn -0.0727 0.9972 0.0182
vn -0.0709 0.9974 0.0158
vn -0.0667 0.9977 0.0134
vn -0.0600 0.9981 0.0109
vn -0.0508 0.9987 0.0085
vn -0.0391 0.9992 0.0060
vn 0.0697 0.9972 0.0262
vn 0.0690 0.9972 0.0296
vn 0.0659 0.9973 0.0330
vn 0.0603 0.9975 0.0362
vn 0.0523 0.9979 0.0393
vn 0.0420 0.9982 0.0420
vn 0.0131 0.9988 0.0469
vn -0.1918 0.9796 0.0594
vn -0.5084 0.8580 0.0729
vn -0.7299 0.6781 0.0867
vn -0.8896 0.4466 0.0954
vn -0.9712 0.1871 0.1476
vn -0.9926 0.0020 0.1217
vn -0.9910 -0.0343 0.1291
vn 0.9921 0.1071 0.0657
vn 0.9858 0.1517 0.0720
vn 0.9605 0.2645 0.0861
vn 0.8795 0.4691 0.0800
vn 0.7057 0.7055 0.0650
vn 0.4679 0.8827 0.0448
vn 0.1423 0.9895 0.0260
vn -0.0569 0.9983 0.0131
vn -0.0745 0.9972 0.0093
vn -0.0727 0.9973 0.0081
vn -0.0685 0.9976 0.0069
vn -0.0618 0.9981 0.0056
vn -0.0527 0.9986 0.0044
vn -0.0410 0.9992 0.0032
vn 0.0727 0.9972 0.0182
vn 0.0719 0.9972 0.0206
vn 0.0687 0.9974 0.0229
vn 0.0630 0.9977 0.0252
vn 0.0549 0.9981 0.0275
vn 0.0443 0.9986 0.0296
vn 0.0213 0.9992 0.0352
vn -0.1657 0.9845 0.0569
vn -0.4794 0.8729 0.0901
vn -0.7031 0.7001 0.1246
vn -0.8668 0.4754 0.1506
vn -0.9522 0.2219 0.2099
vn -0.9785 0.0422 0.2018
vn -0.9929 -0.0231 0.1170
vn 0.9876 0.1118 0.1099
vn 0.9698 0.1634 0.1809
vn 0.9474 0.2817 0.1519
vn 0.8567 0.4977 0.1359
vn 0.6778 0.7279 0.1036
vn 0.4371 0.8972 0.0625
vn 0.1161 0.9929 0.0250
vn -0.0638 0.9980 0.0038
vn -0.0751 0.9972 -0.0000
vn -0.0734 0.9973 -0.0000
vn -0.0692 0.9976 -0.0000
vn -0.0625 0.9980 -0.0000
vn -0.0533 0.9986 -0.0000
vn -0.0416 0.9991 -0.0000
vn 0.0737 0.9972 0.0105
vn 0.0705 0.9974 0.0118
vn 0.0648 0.9978 0.0130
vn 0.0566 0.9983 0.0142
vn 0.0459 0.9988 0.0153
vn 0.0289 0.9994 0.0190
vn -0.1270 0.9909 0.0450
vn -0.4298 0.8977 0.0974
vn -0.6635 0.7329 0.1506
vn -0.8317 0.5197 0.1951
vn -0.9298 0.2685 0.2518
vn -0.9729 0.0849 0.2150
vn -0.9913 0.0100 0.1315
vn 0.9517 0.1276 0.2794
vn 0.9482 0.1890 0.2553
vn 0.9257 0.3123 0.2133
vn 0.8200 0.5424 0.1828
vn 0.6349 0.7612 0.1322
vn 0.3850 0.9201 0.0720
vn 0.0776 0.9968 0.0168
vn -0.0697 0.9975 -0.0079
vn -0.0745 0.9972 -0.0093
vn -0.0727 0.9973 -0.0081
vn -0.0685 0.9976 -0.0069
vn -0.0618 0.9981 -0.0056
vn -0.0527 0.9986 -0.0044
vn -0.0410 0.9992 -0.0032
vn 0.0743 0.9972 -0.0000
vn 0.0711 0.9975 -0.0000
vn 0.0654 0.9979 -0.0000
vn 0.0572 0.9984 -0.0000
vn 0.0465 0.9989 -0.0000
vn 0.0326 0.9995 0.0006
vn -0.0809 0.9964 0.0261
vn -0.3588 0.9288 0.0926
vn -0.6126 0.7734 0.1627
vn -0.7847 0.5764 0.2279
vn -0.8952 0.3333 0.2959
vn -0.9381 0.1311 0.3206
vn -0.9641 0.0479 0.2611
vn 0.9377 0.1702 0.3030
vn 0.9343 0.2173 0.2827
vn 0.8926 0.3619 0.2689
vn 0.7694 0.6006 0.2177
vn 0.5791 0.8018 0.1475
vn 0.3112 0.9476 0.0715
vn 0.0321 0.9995 0.0036
vn -0.0712 0.9973 -0.0199
vn -0.0727 0.9972 -0.0182
vn -0.0709 0.9974 -0.0158
vn -0.0667 0.9977 -0.0134
vn -0.0600 0.9981 -0.0109
vn -0.0508 0.9987 -0.0085
vn -0.0391 0.9992 -0.0060
vn 0.0737 0.9972 -0.0105
vn 0.0705 0.9974 -0.0118
vn 0.0648 0.9978 -0.0130
vn 0.0566 0.9983 -0.0142
vn 0.0459 0.9988 -0.0153
vn 0.0328 0.9993 -0.0164
vn -0.0355 0.9994 0.0045
vn -0.2717 0.9595 0.0750
vn -0.5461 0.8216 0.1635
vn -0.7229 0.6436 0.2514
vn -0.8484 0.4172 0.3259
vn -0.9067 0.1871 0.3779
vn -0.9344 0.0680 0.3497
vn -0.9327 0.0669 0.3545
vn 0.8735 0.1526 0.4623
vn 0.9035 0.1701 0.3933
vn 0.8966 0.2494 0.3660
vn 0.8422 0.4366 0.3165
vn 0.7029 0.6683 0.2435
vn 0.5077 0.8479 0.1526
vn 0.2216 0.9732 0.0616
vn -0.0127 0.9999 -0.0093
vn -0.0695 0.9972 -0.0292
vn -0.0697 0.9972 -0.0262
vn -0.0680 0.9974 -0.0227
vn -0.0637 0.9978 -0.0191
vn -0.0570 0.9983 -0.0156
vn -0.0478 0.9988 -0.0120
vn -0.0361 0.9993 -0.0083
vn 0.0687 0.9974 -0.0229
vn 0.0630 0.9977 -0.0252
vn 0.0549 0.9981 -0.0275
vn 0.0443 0.9986 -0.0296
vn 0.0314 0.9990 -0.0314
vn -0.0023 0.9998 -0.0203
vn -0.1789 0.9830 0.0409
vn -0.4545 0.8784 0.1475
vn -0.6475 0.7187 0.2535
vn -0.7832 0.5166 0.3461
vn -0.8553 0.2647 0.4455
vn -0.8911 0.0880 0.4451
vn -0.9146 0.0669 0.3987
vn 0.9062 0.1695 0.3875
vn 0.8945 0.1949 0.4023
vn 0.8562 0.3156 0.4091
vn 0.7718 0.5364 0.3414
vn 0.6224 0.7433 0.2453
vn 0.4163 0.8980 0.1428
vn 0.1342 0.9897 0.0491
vn -0.0415 0.9991 -0.0002
vn -0.0710 0.9974 -0.0105
vn -0.0736 0.9971 -0.0189
vn -0.0670 0.9974 -0.0253
vn -0.0597 0.9979 -0.0238
vn -0.0529 0.9984 -0.0193
vn -0.0436 0.9989 -0.0146
vn -0.0319 0.9994 -0.0098
vn 0.0603 0.9975 -0.0362
vn 0.0523 0.9979 -0.0393
vn 0.0420 0.9982 -0.0420
vn 0.0296 0.9986 -0.0443
vn 0.0122 0.9990 -0.0428
vn -0.0934 0.9956 0.0002
vn -0.3351 0.9357 0.1107
vn -0.5590 0.7954 0.2342
vn -0.7029 0.6203 0.3481
vn -0.8025 0.3918 0.4500
vn -0.8027 0.1622 0.5739
vn -0.8504 0.0598 0.5226
vn -0.8061 0.0416 0.5904
vn 0.7813 0.1570 0.6040
vn 0.8146 0.1634 0.5565
vn 0.8308 0.2362 0.5040
vn 0.7979 0.4188 0.4335
vn 0.6872 0.6462 0.3318
vn 0.5331 0.8192 0.2115
vn 0.3084 0.9464 0.0966
vn 0.0713 0.9974 0.0129
vn -0.0362 0.9993 0.0019
vn -0.0670 0.9975 0.0216
vn -0.0874 0.9960 0.0199
vn -0.0811 0.9967 -0.0019
vn -0.0617 0.9979 -0.0194
vn -0.0481 0.9986 -0.0213
vn -0.0384 0.9991 -0.0160
vn -0.0266 0.9996 -0.0103
vn 0.0568 0.9974 -0.0455
vn 0.0491 0.9976 -0.0491
vn 0.0393 0.9979 -0.0523
vn 0.0275 0.9981 -0.0549
vn 0.0142 0.9983 -0.0566
vn -0.0321 0.9989 -0.0353
vn -0.2060 0.9771 0.0536
vn -0.4450 0.8746 0.1924
vn -0.6085 0.7242 0.3245
vn -0.7205 0.5339 0.4425
vn -0.7818 0.3188 0.5360
vn -0.7547 0.1198 0.6451
vn -0.7683 0.0549 0.6377
vn -0.7338 0.0627 0.6764
vn 0.9537 0.1441 0.2640
vn 0.9102 0.1516 0.3854
vn 0.7696 0.1879 0.6103
vn 0.7763 0.3410 0.5301
vn 0.7076 0.5603 0.4305
vn 0.5853 0.7548 0.2962
vn 0.4213 0.8939 0.1530
vn 0.1993 0.9797 0.0236
vn 0.0440 0.9983 -0.0371
vn -0.0016 0.9998 -0.0196
vn -0.0393 0.9990 0.0231
vn -0.0889 0.9948 0.0506
vn -0.1102 0.9931 0.0410
vn -0.0842 0.9964 0.0065
vn -0.0495 0.9987 -0.0156
vn -0.0322 0.9994 -0.0161
vn -0.0203 0.9997 -0.0094
vn 0.0455 0.9974 -0.0568
vn 0.0362 0.9975 -0.0603
vn 0.0252 0.9977 -0.0630
vn 0.0130 0.9978 -0.0648
vn -0.0051 0.9982 -0.0603
vn -0.0969 0.9953 -0.0079
vn -0.3004 0.9460 0.1221
vn -0.4963 0.8237 0.2743
vn -0.6207 0.6685 0.4096
vn -0.7082 0.4687 0.5281
vn -0.7350 0.2880 0.6139
vn -0.7164 0.1131 0.6885
vn -0.7246 0.0643 0.6862
vn -0.7148 0.0622 0.6966
vn 0.5448 0.1652 0.8221
vn 0.8149 0.1613 0.5567
vn 0.7253 0.1599 0.6696
vn 0.7272 0.3069 0.6139
vn 0.6910 0.4929 0.5287
vn 0.5913 0.7014 0.3980
vn 0.4599 0.8534 0.2453
vn 0.2799 0.9562 0.0856
vn 0.1121 0.9932 -0.0315
vn 0.0517 0.9971 -0.0552
vn 0.0397 0.9989 -0.0238
vn 0.0012 0.9999 0.0152
vn -0.0661 0.9965 0.0507
vn -0.1291 0.9896 0.0633
vn -0.1244 0.9915 0.0377
vn -0.0670 0.9978 0.0016
vn -0.0283 0.9995 -0.0116
vn -0.0134 0.9999 -0.0074
vn 0.0532 0.9980 -0.0355
vn 0.0554 0.9976 -0.0415
vn 0.0229 0.9974 -0.0687
vn 0.0118 0.9974 -0.0705
vn -0.0000 0.9975 -0.0711
vn -0.0291 0.9983 -0.0496
vn -0.1488 0.9877 0.0480
vn -0.3425 0.9135 0.2196
vn -0.4948 0.7799 0.3834
vn -0.5929 0.6209 0.5128
vn -0.6573 0.4318 0.6177
vn -0.6679 0.2798 0.6896
vn -0.6772 0.1120 0.7272
vn -0.6541 0.0700 0.7532
vn -0.4422 0.0839 0.8930
vn 0.3953 0.1908 0.8985
vn 0.3921 0.1789 0.9024
vn 0.4585 0.1643 0.8734
vn 0.6613 0.1467 0.7356
vn 0.6648 0.2960 0.6859
vn 0.6475 0.4596 0.6079
vn 0.5665 0.6619 0.4909
vn 0.4533 0.8213 0.3464
vn 0.3032 0.9358 0.1796
vn 0.1423 0.9895 0.0258
vn 0.0712 0.9965 -0.0433
vn 0.0791 0.9963 -0.0340
vn 0.0740 0.9973 -0.0035
vn 0.0336 0.9991 0.0244
vn -0.0387 0.9981 0.0487
vn -0.1289 0.9897 0.0627
vn -0.1604 0.9857 0.0512
vn -0.0987 0.9949 0.0189
vn -0.0317 0.9995 -0.0033
vn -0.0070 1.0000 -0.0046
vn 0.0467 0.9983 -0.0363
vn 0.0491 0.9979 -0.0430
vn 0.0493 0.9976 -0.0493
vn 0.0473 0.9974 -0.0552
vn 0.0433 0.9972 -0.0605
vn 0.0373 0.9972 -0.0652
vn 0.0296 0.9972 -0.0690
vn 0.0206 0.9972 -0.0719
vn 0.0110 0.9973 -0.0733
vn 0.0066 0.9977 -0.0670
vn 0.0071 0.9989 -0.0457
vn -0.0303 0.9994 0.0139
vn -0.1595 0.9760 0.1486
vn -0.3316 0.8852 0.3263
vn -0.4582 0.7501 0.4769
vn -0.5401 0.5985 0.5917
vn -0.5870 0.4303 0.6858
vn -0.5929 0.2917 0.7506
vn -0.6168 0.1363 0.7752
vn -0.3268 0.1095 0.9387
vn -0.1786 0.1497 0.9725
vn -0.2712 0.1574 0.9496
vn -0.0930 0.2061 0.9741
vn 0.2229 0.2096 0.9520
vn 0.3369 0.1772 0.9247
vn 0.4009 0.1824 0.8978
vn 0.3326 0.1774 0.9262
vn 0.5724 0.1918 0.7972
vn 0.5904 0.3154 0.7429
vn 0.5891 0.4654 0.6605
vn 0.5319 0.6464 0.5470
vn 0.4291 0.7994 0.4205
vn 0.2934 0.9175 0.2686
vn 0.1403 0.9842 0.1075
vn 0.0575 0.9983 0.0080
vn 0.0749 0.9972 -0.0055
vn 0.1059 0.9943 0.0158
vn 0.0956 0.9948 0.0342
vn 0.0503 0.9977 0.0451
vn -0.0246 0.9984 0.0516
vn -0.1251 0.9906 0.0545
vn -0.1825 0.9821 0.0465
vn -0.1311 0.9911 0.0236
vn -0.0416 0.9991 0.0032
vn -0.0029 1.0000 -0.0015
vn 0.0395 0.9986 -0.0351
vn 0.0424 0.9982 -0.0424
vn 0.0430 0.9979 -0.0491
vn 0.0415 0.9976 -0.0554
vn 0.0381 0.9974 -0.0609
vn 0.0329 0.9973 -0.0658
vn 0.0262 0.9972 -0.0697
vn 0.0182 0.9972 -0.0726
vn 0.0157 0.9975 -0.0689
vn 0.0240 0.9983 -0.0532
vn 0.0301 0.9990 -0.0342
vn 0.0234 0.9996 -0.0170
vn -0.0266 0.9990 0.0357
vn -0.1505 0.9741 0.1687
vn -0.3000 0.8875 0.3498
vn -0.4117 0.7584 0.5053
vn -0.4834 0.6181 0.6199
vn -0.5209 0.4702 0.7124
vn -0.5193 0.3374 0.7852
vn -0.4776 0.2301 0.8479
vn -0.2560 0.2000 0.9458
vn -0.2495 0.1908 0.9494
vn -0.2420 0.1791 0.9536
vn -0.1516 0.1730 0.9732
vn -0.0786 0.1838 0.9798
vn 0.0065 0.2141 0.9768
vn 0.0841 0.2040 0.9754
vn 0.1696 0.1820 0.9686
vn 0.2456 0.1864 0.9513
vn 0.3113 0.2007 0.9289
vn 0.3556 0.2252 0.9071
vn 0.4627 0.2707 0.8442
vn 0.5019 0.3715 0.7811
vn 0.5099 0.5158 0.6884
vn 0.4826 0.6665 0.5682
vn 0.4071 0.7965 0.4471
vn 0.2807 0.9074 0.3127
vn 0.1338 0.9772 0.1651
vn 0.0377 0.9971 0.0656
vn 0.0402 0.9982 0.0441
vn 0.0931 0.9939 0.0584
vn 0.1196 0.9904 0.0695
vn 0.0992 0.9927 0.0693
vn 0.0486 0.9970 0.0609
vn -0.0276 0.9984 0.0499
vn -0.1300 0.9908 0.0383
vn -0.1961 0.9802 0.0267
vn -0.1519 0.9883 0.0147
vn -0.0512 0.9987 0.0045
vn -0.0021 1.0000 0.0003
vn 0.0319 0.9990 -0.0319
vn 0.0351 0.9986 -0.0395
vn 0.0363 0.9983 -0.0467
vn 0.0355 0.9980 -0.0532
vn 0.0328 0.9977 -0.0590
vn 0.0284 0.9975 -0.0639
vn 0.0227 0.9974 -0.0680
vn 0.0186 0.9975 -0.0682
vn 0.0267 0.9978 -0.0606
vn 0.0354 0.9979 -0.0539
vn 0.0319 0.9977 -0.0595
vn 0.0296 0.9972 -0.0684
vn 0.0276 0.9978 -0.0607
vn -0.0109 0.9999 -0.0007
vn -0.1148 0.9832 0.1421
vn -0.2481 0.9103 0.3314
vn -0.3570 0.7922 0.4950
vn -0.4273 0.6666 0.6108
vn -0.4594 0.5468 0.7000
vn -0.4306 0.4417 0.7871
vn -0.3622 0.3603 0.8596
vn -0.2919 0.3034 0.9071
vn -0.2226 0.2655 0.9381
vn -0.1505 0.2424 0.9584
vn -0.0759 0.2296 0.9703
vn 0.0021 0.2256 0.9742
vn 0.0816 0.2306 0.9696
vn 0.1595 0.2448 0.9564
vn 0.2336 0.2696 0.9342
vn 0.3012 0.3102 0.9017
vn 0.3594 0.3759 0.8541
vn 0.4025 0.4765 0.7816
vn 0.4158 0.6034 0.6805
vn 0.3951 0.7253 0.5637
vn 0.3614 0.8261 0.4323
vn 0.2771 0.9150 0.2934
vn 0.1409 0.9767 0.1619
vn 0.0388 0.9961 0.0786
vn 0.0184 0.9977 0.0645
vn 0.0565 0.9950 0.0829
vn 0.1034 0.9901 0.0950
vn 0.1161 0.9891 0.0910
vn 0.0864 0.9934 0.0757
vn 0.0321 0.9980 0.0553
vn -0.0451 0.9985 0.0325
vn -0.1458 0.9893 0.0101
vn -0.2043 0.9789 -0.0033
vn -0.1559 0.9878 -0.0037
vn -0.0544 0.9985 -0.0006
vn 0.0238 0.9994 -0.0264
vn 0.0276 0.9990 -0.0344
vn 0.0293 0.9987 -0.0419
vn 0.0292 0.9984 -0.0486
vn 0.0273 0.9981 -0.0546
vn 0.0239 0.9979 -0.0596
vn 0.0191 0.9978 -0.0637
vn 0.0231 0.9978 -0.0626
vn 0.0326 0.9977 -0.0598
vn 0.0269 0.9973 -0.0690
vn 0.0171 0.9961 -0.0866
vn 0.0233 0.9949 -0.0985
vn 0.0420 0.9943 -0.0979
vn 0.0551 0.9955 -0.0777
vn 0.0272 0.9995 -0.0141
vn -0.0662 0.9910 0.1164
vn -0.1922 0.9376 0.2896
vn -0.3050 0.8393 0.4501
vn -0.3798 0.7334 0.5638
vn -0.3847 0.6515 0.6539
vn -0.3263 0.5875 0.7405
vn -0.2573 0.5226 0.8128
vn -0.1969 0.4616 0.8649
vn -0.1345 0.4165 0.8991
vn -0.0681 0.3903 0.9181
vn 0.0004 0.3819 0.9242
vn 0.0703 0.3909 0.9178
vn 0.1399 0.4183 0.8975
vn 0.2055 0.4660 0.8606
vn 0.2596 0.5344 0.8044
vn 0.2931 0.6191 0.7286
vn 0.3086 0.7095 0.6335
vn 0.2972 0.8005 0.5204
vn 0.2595 0.8845 0.3877
vn 0.2234 0.9466 0.2326
vn 0.1569 0.9827 0.0983
vn 0.0685 0.9970 0.0356
vn 0.0299 0.9988 0.0384
vn 0.0401 0.9971 0.0653
vn 0.0726 0.9938 0.0844
vn 0.1015 0.9911 0.0858
vn 0.1003 0.9924 0.0716
vn 0.0651 0.9966 0.0497
vn 0.0073 0.9997 0.0241
vn -0.0723 0.9974 -0.0054
vn -0.1663 0.9856 -0.0314
vn -0.2037 0.9783 -0.0387
vn -0.1427 0.9895 -0.0246
vn -0.0477 0.9988 -0.0076
vn 0.0153 0.9997 -0.0186
vn 0.0197 0.9994 -0.0270
vn 0.0221 0.9992 -0.0347
vn 0.0227 0.9989 -0.0416
vn 0.0217 0.9986 -0.0477
vn 0.0193 0.9984 -0.0529
vn 0.0160 0.9983 -0.0566
vn 0.0263 0.9980 -0.0576
vn 0.0284 0.9977 -0.0612
vn 0.0088 0.9972 -0.0743
vn 0.0010 0.9959 -0.0908
vn 0.0163 0.9947 -0.1018
vn 0.0492 0.9936 -0.1020
vn 0.0825 0.9928 -0.0874
vn 0.0911 0.9941 -0.0595
vn 0.0515 0.9986 -0.0098
vn -0.0383 0.9958 0.0833
vn -0.1602 0.9635 0.2145
vn -0.2782 0.8939 0.3515
vn -0.3228 0.8239 0.4658
vn -0.2760 0.7858 0.5535
vn -0.2026 0.7517 0.6277
vn -0.1476 0.7086 0.6900
vn -0.1031 0.6696 0.7356
vn -0.0527 0.6456 0.7619
vn -0.0000 0.6375 0.7704
vn 0.0531 0.6457 0.7617
vn 0.1049 0.6703 0.7346
vn 0.1514 0.7111 0.6866
vn 0.1845 0.7646 0.6175
vn 0.1963 0.8242 0.5312
vn 0.1900 0.8845 0.4261
vn 0.1661 0.9403 0.2971
vn 0.1195 0.9799 0.1597
vn 0.0916 0.9950 0.0396
vn 0.0894 0.9956 -0.0292
vn 0.0748 0.9968 -0.0275
vn 0.0612 0.9981 0.0073
vn 0.0653 0.9972 0.0367
vn 0.0810 0.9954 0.0507
vn 0.0912 0.9947 0.0465
vn 0.0786 0.9965 0.0281
vn 0.0391 0.9992 0.0020
vn -0.0233 0.9993 -0.0290
vn -0.1054 0.9924 -0.0633
vn -0.1799 0.9801 -0.0840
vn -0.1854 0.9800 -0.0725
vn -0.1129 0.9928 -0.0389
vn -0.0322 0.9994 -0.0104
vn 0.0072 0.9999 -0.0095
vn 0.0115 0.9998 -0.0172
vn 0.0147 0.9996 -0.0251
vn 0.0161 0.9994 -0.0322
vn 0.0160 0.9991 -0.0384
vn 0.0146 0.9989 -0.0436
vn 0.0136 0.9988 -0.0470
vn 0.0256 0.9985 -0.0491
vn 0.0207 0.9983 -0.0540
vn -0.0055 0.9980 -0.0628
vn -0.0109 0.9973 -0.0723
vn 0.0104 0.9968 -0.0789
vn 0.0543 0.9954 -0.0793
vn 0.1023 0.9924 -0.0686
vn 0.1191 0.9917 -0.0486
vn 0.0940 0.9952 -0.0276
vn 0.0368 0.9993 -0.0037
vn -0.0547 0.9976 0.0419
vn -0.1736 0.9779 0.1169
vn -0.2535 0.9457 0.2034
vn -0.2268 0.9299 0.2895
vn -0.1385 0.9188 0.3696
vn -0.0838 0.8960 0.4360
vn -0.0611 0.8725 0.4849
vn -0.0323 0.8577 0.5132
vn -0.0000 0.8527 0.5224
vn 0.0323 0.8577 0.5132
vn 0.0612 0.8725 0.4848
vn 0.0831 0.8967 0.4347
vn 0.0959 0.9275 0.3612
vn 0.0969 0.9582 0.2691
vn 0.0798 0.9823 0.1696
vn 0.0526 0.9956 0.0776
vn 0.0270 0.9996 0.0111
vn 0.0231 0.9994 -0.0276
vn 0.0614 0.9966 -0.0545
vn 0.0944 0.9935 -0.0641
vn 0.0926 0.9946 -0.0473
vn 0.0867 0.9960 -0.0237
vn 0.0848 0.9963 -0.0127
vn 0.0778 0.9968 -0.0185
vn 0.0537 0.9978 -0.0386
vn 0.0075 0.9976 -0.0689
vn -0.0587 0.9928 -0.1047
vn -0.1311 0.9826 -0.1313
vn -0.1698 0.9774 -0.1263
vn -0.1443 0.9857 -0.0869
vn -0.0720 0.9967 -0.0386
vn -0.0145 0.9999 -0.0082
vn 0.0019 1.0000 -0.0025
vn 0.0046 1.0000 -0.0070
vn 0.0074 0.9999 -0.0134
vn 0.0094 0.9997 -0.0203
vn 0.0103 0.9996 -0.0266
vn 0.0098 0.9994 -0.0319
vn 0.0107 0.9993 -0.0361
vn 0.0236 0.9990 -0.0388
vn 0.0170 0.9991 -0.0397
vn -0.0103 0.9992 -0.0393
vn -0.0146 0.9992 -0.0382
vn 0.0090 0.9993 -0.0366
vn 0.0578 0.9977 -0.0341
vn 0.1130 0.9931 -0.0303
vn 0.1332 0.9908 -0.0253
vn 0.1069 0.9941 -0.0192
vn 0.0544 0.9984 -0.0125
vn -0.0208 0.9998 -0.0065
vn -0.1246 0.9922 0.0009
vn -0.2018 0.9793 0.0185
vn -0.1737 0.9834 0.0534
vn -0.0802 0.9917 0.1004
vn -0.0307 0.9887 0.1467
vn -0.0247 0.9825 0.1846
vn -0.0141 0.9777 0.2093
vn -0.0000 0.9760 0.2179
vn 0.0141 0.9777 0.2093
vn 0.0247 0.9825 0.1846
vn 0.0284 0.9888 0.1467
vn 0.0267 0.9946 0.1004
vn 0.0228 0.9983 0.0533
vn 0.0140 0.9998 0.0168
vn 0.0048 1.0000 -0.0018
vn 0.0017 1.0000 -0.0076
vn 0.0046 0.9999 -0.0127
vn 0.0321 0.9989 -0.0336
vn 0.0773 0.9945 -0.0701
vn 0.0995 0.9904 -0.0963
vn 0.0964 0.9901 -0.1021
vn 0.0839 0.9911 -0.1033
vn 0.0623 0.9916 -0.1131
vn 0.0269 0.9906 -0.1344
vn -0.0231 0.9867 -0.1607
vn -0.0819 0.9806 -0.1784
vn -0.1262 0.9774 -0.1697
vn -0.1289 0.9832 -0.1289
vn -0.0881 0.9936 -0.0713
vn -0.0324 0.9992 -0.0237
vn -0.0032 1.0000 -0.0031
vn 0.0001 1.0000 -0.0001
vn 0.0008 1.0000 -0.0011
vn 0.0021 1.0000 -0.0037
vn 0.0037 1.0000 -0.0079
vn 0.0048 0.9999 -0.0128
vn 0.0051 0.9998 -0.0177
vn 0.0063 0.9997 -0.0226
vn 0.0218 0.9994 -0.0261
vn 0.0205 0.9995 -0.0235
vn -0.0039 0.9999 -0.0140
vn -0.0081 1.0000 -0.0022
vn 0.0145 0.9999 0.0082
vn 0.0605 0.9981 0.0140
vn 0.1109 0.9938 0.0109
vn 0.1299 0.9915 0.0003
vn 0.1061 0.9943 -0.0103
vn 0.0539 0.9984 -0.0184
vn -0.0231 0.9994 -0.0272
vn -0.1244 0.9916 -0.0366
vn -0.1860 0.9818 -0.0376
vn -0.1421 0.9896 -0.0240
vn -0.0485 0.9988 -0.0069
vn -0.0044 1.0000 0.0034
vn -0.0039 0.9999 0.0108
vn -0.0026 0.9998 0.0172
vn -0.0000 0.9998 0.0197
vn 0.0026 0.9998 0.0172
vn 0.0039 0.9999 0.0108
vn 0.0027 1.0000 0.0042
vn 0.0007 1.0000 0.0007
vn 0.0003 1.0000 -0.0005
vn 0.0003 1.0000 -0.0011
vn 0.0080 0.9999 -0.0086
vn 0.0359 0.9987 -0.0375
vn 0.0671 0.9941 -0.0851
vn 0.0785 0.9885 -0.1289
vn 0.0697 0.9849 -0.1586
vn 0.0440 0.9827 -0.1799
vn 0.0066 0.9806 -0.1958
vn -0.0353 0.9790 -0.2009
vn -0.0721 0.9801 -0.1851
vn -0.0869 0.9857 -0.1443
vn -0.0713 0.9936 -0.0881
vn -0.0361 0.9987 -0.0361
vn -0.0079 0.9999 -0.0071
vn 0.0002 1.0000 -0.0002
vn 0.0006 1.0000 -0.0010
vn 0.0011 1.0000 -0.0027
vn 0.0015 1.0000 -0.0051
vn 0.0021 1.0000 -0.0080
vn 0.0183 0.9998 -0.0122
vn 0.0273 0.9996 -0.0116
vn 0.0122 0.9999 0.0018
vn 0.0070 0.9998 0.0211
vn 0.0250 0.9990 0.0362
vn 0.0614 0.9972 0.0417
vn 0.0988 0.9946 0.0333
vn 0.1119 0.9936 0.0134
vn 0.0903 0.9959 -0.0103
vn 0.0386 0.9987 -0.0336
vn -0.0398 0.9976 -0.0567
vn -0.1341 0.9883 -0.0733
vn -0.1723 0.9827 -0.0679
vn 0.0004 1.0000 -0.0004
vn 0.0071 0.9999 -0.0079
vn 0.0237 0.9992 -0.0324
vn 0.0386 0.9967 -0.0720
vn 0.0389 0.9928 -0.1129
vn 0.0240 0.9896 -0.1421
vn -0.0000 0.9883 -0.1524
vn -0.0240 0.9896 -0.1421
vn -0.0389 0.9928 -0.1129
vn -0.0386 0.9967 -0.0720
vn -0.0237 0.9992 -0.0324
vn -0.0071 0.9999 -0.0079
vn 0.0108 0.9999 -0.0056
vn 0.0295 0.9995 -0.0117
vn 0.0318 0.9995 -0.0034
vn 0.0265 0.9995 0.0164
vn 0.0366 0.9988 0.0323
vn 0.0595 0.9976 0.0363
vn 0.0815 0.9964 0.0252
vn 0.0857 0.9963 0.0012
vn 0.0622 0.9976 -0.0299
vn 0.0102 0.9979 -0.0633
vn -0.0665 0.9933 -0.0950
vn -0.1374 0.9847 -0.1074
vn -0.1397 0.9867 -0.0829
vn 0.0031 1.0000 -0.0032
vn 0.0082 0.9999 -0.0145
vn 0.0104 0.9994 -0.0322
vn 0.0076 0.9988 -0.0477
vn -0.0000 0.9986 -0.0538
vn -0.0076 0.9988 -0.0477
vn -0.0104 0.9994 -0.0322
vn -0.0082 0.9999 -0.0145
vn -0.0031 1.0000 -0.0032
vn 0.0030 1.0000 -0.0029
vn 0.0205 0.9997 -0.0135
vn 0.0396 0.9990 -0.0229
vn 0.0439 0.9989 -0.0174
vn 0.0472 0.9989 -0.0053
vn 0.0559 0.9984 -0.0025
vn 0.0627 0.9979 -0.0140
vn 0.0560 0.9977 -0.0387
vn 0.0270 0.9970 -0.0727
vn -0.0251 0.9937 -0.1095
vn -0.0867 0.9874 -0.1325
vn -0.1170 0.9860 -0.1191
vn -0.0877 0.9936 -0.0709
vn 0.0008 1.0000 -0.0016
vn -0.0000 1.0000 -0.0024
vn -0.0008 1.0000 -0.0016
vn 0.0068 1.0000 -0.0061
vn 0.0258 0.9994 -0.0241
vn 0.0424 0.9981 -0.0449
vn 0.0483 0.9972 -0.0572
vn 0.0493 0.9966 -0.0653
vn 0.0436 0.9959 -0.0792
vn 0.0266 0.9944 -0.1026
vn -0.0047 0.9916 -0.1292
vn -0.0464 0.9884 -0.1448
vn -0.0760 0.9884 -0.1315
vn -0.0699 0.9938 -0.0867
vn 0.0069 0.9999 -0.0077
vn 0.0199 0.9994 -0.0282
vn 0.0305 0.9980 -0.0560
vn 0.0323 0.9961 -0.0825
vn 0.0238 0.9942 -0.1049
vn 0.0063 0.9926 -0.1211
vn -0.0157 0.9920 -0.1252
vn -0.0347 0.9935 -0.1082
vn -0.0382 0.9967 -0.0717
vt 0.980392 0.980392
vt 1.000000 0.980392
vt 1.000000 1.000000
vt 0.980392 1.000000
vt 0.980392 0.000000
vt 1.000000 0.000000
vt 1.000000 0.019608
vt 0.980392 0.019608
vt 1.000000 0.039216
vt 0.980392 0.039216
vt 1.000000 0.058824
vt 0.980392 0.058824
vt 1.000000 0.078431
vt 0.980392 0.078431
vt 1.000000 0.098039
vt 0.980392 0.098039
vt 1.000000 0.117647
vt 0.980392 0.117647
vt 1.000000 0.137255
vt 0.980392 0.137255
vt 1.000000 0.156863
vt 0.980392 0.156863
vt 1.000000 0.176471
vt 0.980392 0.176471
vt 1.000000 0.196078
vt 0.980392 0.196078
vt 1.000000 0.215686
vt 0.980392 0.215686
vt 1.000000 0.235294
vt 0.980392 0.235294
vt 1.000000 0.254902
vt 0.980392 0.254902
vt 1.000000 0.274510
vt 0.980392 0.274510
vt 1.000000 0.294118
vt 0.980392 0.294118
vt 1.000000 0.313726
vt 0.980392 0.313726
vt 1.000000 0.333333
vt 0.980392 0.333333
vt 1.000000 0.352941
vt 0.980392 0.352941
vt 1.000000 0.372549
vt 0.980392 0.372549
vt 1.000000 0.392157
vt 0.980392 0.392157
vt 1.000000 0.411765
vt 0.980392 0.411765
vt 1.000000 0.431373
vt 0.980392 0.431373
vt 1.000000 0.450980
vt 0.980392 0.450980
vt 1.000000 0.470588
vt 0.980392 0.470588
vt 1.000000 0.490196
vt 0.980392 0.490196
vt 1.000000 0.509804
vt 0.980392 0.509804
vt 1.000000 0.529412
vt 0.980392 0.529412
vt 1.000000 0.549020
vt 0.980392 0.549020
vt 1.000000 0.568628
vt 0.980392 0.568628
vt 1.000000 0.588235
vt 0.980392 0.588235
vt 1.000000 0.607843
vt 0.980392 0.607843
vt 1.000000 0.627451
vt 0.980392 0.627451
vt 1.000000 0.647059
vt 0.980392 0.647059
vt 1.000000 0.666667
vt 0.980392 0.666667
vt 1.000000 0.686275
vt 0.980392 0.686275
vt 1.000000 0.705882
vt 0.980392 0.705882
vt 1.000000 0.725490
vt 0.980392 0.725490
vt 1.000000 0.745098
vt 0.980392 0.745098
vt 1.000000 0.764706
vt 0.980392 0.764706
vt 1.000000 0.784314
vt 0.980392 0.784314
vt 1.000000 0.803922
vt 0.980392 0.803922
vt 1.000000 0.823529
vt 0.980392 0.823529
vt 1.000000 0.843137
vt 0.980392 0.843137
vt 1.000000 0.862745
vt 0.980392 0.862745
vt 1.000000 0.882353
vt 0.980392 0.882353
vt 1.000000 0.901961
vt 0.980392 0.901961
vt 1.000000 0.921569
vt 0.980392 0.921569
vt 1.000000 0.941176
vt 0.980392 0.941176
vt 1.000000 0.960784
vt 0.980392 0.960784
vt 0.000000 0.960784
vt 0.019608 0.960784
vt 0.019608 0.980392
vt 0.000000 0.980392
vt 0.039216 0.960784
vt 0.039216 0.980392
vt 0.058824 0.960784
vt 0.058824 0.980392
vt 0.078431 0.960784
vt 0.078431 0.980392
vt 0.098039 0.960784
vt 0.098039 0.980392
vt 0.117647 0.960784
vt 0.117647 0.980392
vt 0.137255 0.960784
vt 0.137255 0.980392
vt 0.156863 0.960784
vt 0.156863 0.980392
vt 0.176471 0.960784
vt 0.176471 0.980392
vt 0.196078 0.960784
vt 0.196078 0.980392
vt 0.215686 0.960784
vt 0.215686 0.980392
vt 0.235294 0.960784
vt 0.235294 0.980392
vt 0.254902 0.960784
vt 0.254902 0.980392
vt 0.274510 0.960784
vt 0.274510 0.980392
vt 0.294118 0.960784
vt 0.294118 0.980392
vt 0.313726 0.960784
vt 0.313726 0.980392
vt 0.333333 0.960784
vt 0.333333 0.980392
vt 0.352941 0.960784
vt 0.352941 0.980392
vt 0.372549 0.960784
vt 0.372549 0.980392
vt 0.392157 0.960784
vt 0.392157 0.980392
vt 0.411765 0.960784
vt 0.411765 0.980392
vt 0.431373 0.960784
vt 0.431373 0.980392
vt 0.450980 0.960784
vt 0.450980 0.980392
vt 0.470588 0.960784
vt 0.470588 0.980392
vt 0.490196 0.960784
vt 0.490196 0.980392
vt 0.509804 0.960784
vt 0.509804 0.980392
vt 0.529412 0.960784
vt 0.529412 0.980392
vt 0.549020 0.960784
vt 0.549020 0.980392
vt 0.568627 0.960784
vt 0.568627 0.980392
vt 0.588235 0.960784
vt 0.588235 0.980392
vt 0.607843 0.960784
vt 0.607843 0.980392
vt 0.627451 0.960784
vt 0.627451 0.980392
vt 0.647059 0.960784
vt 0.647059 0.980392
vt 0.666667 0.960784
vt 0.666667 0.980392
vt 0.686275 0.960784
vt 0.686275 0.980392
vt 0.705882 0.960784
vt 0.705882 0.980392
vt 0.725490 0.960784
vt 0.725490 0.980392
vt 0.745098 0.960784
vt 0.745098 0.980392
vt 0.764706 0.960784
vt 0.764706 0.980392
vt 0.784314 0.960784
vt 0.784314 0.980392
vt 0.803922 0.960784
vt 0.803922 0.980392
vt 0.823529 0.960784
vt 0.823529 0.980392
vt 0.843137 0.960784
vt 0.843137 0.980392
vt 0.862745 0.960784
vt 0.862745 0.980392
vt 0.882353 0.960784
vt 0.882353 0.980392
vt 0.901961 0.960784
vt 0.901961 0.980392
vt 0.921569 0.960784
vt 0.921569 0.980392
vt 0.941176 0.960784
vt 0.941176 0.980392
vt 0.960784 0.960784
vt 0.960784 0.980392
vt 0.000000 0.941176
vt 0.019608 0.941176
vt 0.039216 0.941176
vt 0.058824 0.941176
vt 0.078431 0.941176
vt 0.098039 0.941176
vt 0.117647 0.941176
vt 0.137255 0.941176
vt 0.156863 0.941176
vt 0.176471 0.941176
vt 0.196078 0.941176
vt 0.215686 0.941176
vt 0.235294 0.941176
vt 0.254902 0.941176
vt 0.274510 0.941176
vt 0.294118 0.941176
vt 0.313726 0.941176
vt 0.333333 0.941176
vt 0.352941 0.941177
vt 0.372549 0.941176
vt 0.392157 0.941176
vt 0.411765 0.941176
vt 0.431373 0.941176
vt 0.450980 0.941176
vt 0.470588 0.941176
vt 0.490196 0.941176
vt 0.509804 0.941177
vt 0.529412 0.941176
vt 0.549020 0.941176
vt 0.568627 0.941176
vt 0.588235 0.941177
vt 0.607843 0.941177
vt 0.627451 0.941177
vt 0.647059 0.941176
vt 0.666667 0.941177
vt 0.686275 0.941177
vt 0.705882 0.941177
vt 0.725490 0.941177
vt 0.745098 0.941177
vt 0.764706 0.941177
vt 0.784314 0.941177
vt 0.803922 0.941176
vt 0.823529 0.941176
vt 0.843137 0.941176
vt 0.862745 0.941176
vt 0.882353 0.941176
vt 0.901961 0.941176
vt 0.921569 0.941176
vt 0.941176 0.941176
vt 0.960784 0.941176
vt 0.000000 0.921569
vt 0.019608 0.921569
vt 0.039216 0.921569
vt 0.058824 0.921569
vt 0.078431 0.921569
vt 0.098039 0.921569
vt 0.117647 0.921569
vt 0.137255 0.921569
vt 0.156863 0.921569
vt 0.176471 0.921569
vt 0.196078 0.921569
vt 0.215686 0.921569
vt 0.235294 0.921569
vt 0.254902 0.921569
vt 0.274510 0.921569
vt 0.294118 0.921569
vt 0.313726 0.921569
vt 0.333333 0.921569
vt 0.352941 0.921569
vt 0.372549 0.921569
vt 0.392157 0.921569
vt 0.411765 0.921569
vt 0.431373 0.921569
vt 0.450980 0.921569
vt 0.470588 0.921569
vt 0.490196 0.921569
vt 0.509804 0.921569
vt 0.529412 0.921569
vt 0.549020 0.921569
vt 0.568627 0.921569
vt 0.588235 0.921569
vt 0.607843 0.921569
vt 0.627451 0.921569
vt 0.647059 0.921569
vt 0.666667 0.921569
vt 0.686275 0.921569
vt 0.705882 0.921569
vt 0.725490 0.921569
vt 0.745098 0.921569
vt 0.764706 0.921569
vt 0.784314 0.921569
vt 0.803922 0.921569
vt 0.823529 0.921569
vt 0.843137 0.921569
vt 0.862745 0.921569
vt 0.882353 0.921569
vt 0.901961 0.921569
vt 0.921569 0.921569
vt 0.941176 0.921569
vt 0.960784 0.921569
vt 0.000000 0.901961
vt 0.019608 0.901961
vt 0.039216 0.901961
vt 0.058824 0.901961
vt 0.078431 0.901961
vt 0.098039 0.901961
vt 0.117647 0.901961
vt 0.137255 0.901961
vt 0.156863 0.901961
vt 0.176471 0.901961
vt 0.196078 0.901961
vt 0.215686 0.901961
vt 0.235294 0.901961
vt 0.254902 0.901961
vt 0.274510 0.901961
vt 0.294118 0.901961
vt 0.313726 0.901961
vt 0.333333 0.901961
vt 0.352941 0.901961
vt 0.372549 0.901961
vt 0.392157 0.901961
vt 0.411765 0.901961
vt 0.431373 0.901961
vt 0.450980 0.901961
vt 0.470588 0.901961
vt 0.490196 0.901961
vt 0.509804 0.901961
vt 0.529412 0.901961
vt 0.549020 0.901961
vt 0.568627 0.901961
vt 0.588235 0.901961
vt 0.607843 0.901961
vt 0.627451 0.901961
vt 0.647059 0.901961
vt 0.666667 0.901961
vt 0.686275 0.901961
vt 0.705882 0.901961
vt 0.725490 0.901961
vt 0.745098 0.901961
vt 0.764706 0.901961
vt 0.784314 0.901961
vt 0.803922 0.901961
vt 0.823529 0.901961
vt 0.843137 0.901961
vt 0.862745 0.901961
vt 0.882353 0.901961
vt 0.901961 0.901961
vt 0.921569 0.901961
vt 0.941176 0.901961
vt 0.960784 0.901961
vt 0.000000 0.882353
vt 0.019608 0.882353
vt 0.039216 0.882353
vt 0.058824 0.882353
vt 0.078431 0.882353
vt 0.098039 0.882353
vt 0.117647 0.882353
vt 0.137255 0.882353
vt 0.156863 0.882353
vt 0.176471 0.882353
vt 0.196078 0.882353
vt 0.215686 0.882353
vt 0.235294 0.882353
vt 0.254902 0.882353
vt 0.274510 0.882353
vt 0.294118 0.882353
vt 0.313726 0.882353
vt 0.333333 0.882353
vt 0.352941 0.882353
vt 0.372549 0.882353
vt 0.392157 0.882353
vt 0.411765 0.882353
vt 0.431373 0.882353
vt 0.450980 0.882353
vt 0.470588 0.882353
vt 0.490196 0.882353
vt 0.509804 0.882353
vt 0.529412 0.882353
vt 0.549020 0.882353
vt 0.568627 0.882353
vt 0.588235 0.882353
vt 0.607843 0.882353
vt 0.627451 0.882353
vt 0.647059 0.882353
vt 0.666667 0.882353
vt 0.686275 0.882353
vt 0.705882 0.882353
vt 0.725490 0.882353
vt 0.745098 0.882353
vt 0.764706 0.882353
vt 0.784314 0.882353
vt 0.803922 0.882353
vt 0.823529 0.882353
vt 0.843137 0.882353
vt 0.862745 0.882353
vt 0.882353 0.882353
vt 0.901961 0.882353
vt 0.921569 0.882353
vt 0.941176 0.882353
vt 0.960784 0.882353
vt 0.000000 0.862745
vt 0.019608 0.862745
vt 0.039216 0.862745
vt 0.058824 0.862745
vt 0.078431 0.862745
vt 0.098039 0.862745
vt 0.117647 0.862745
vt 0.137255 0.862745
vt 0.156863 0.862745
vt 0.176471 0.862745
vt 0.196078 0.862745
vt 0.215686 0.862745
vt 0.235294 0.862745
vt 0.254902 0.862745
vt 0.274510 0.862745
vt 0.294118 0.862745
vt 0.313726 0.862745
vt 0.333333 0.862745
vt 0.352941 0.862745
vt 0.372549 0.862745
vt 0.392157 0.862745
vt 0.411765 0.862745
vt 0.431373 0.862745
vt 0.450980 0.862745
vt 0.470588 0.862745
vt 0.490196 0.862745
vt 0.509804 0.862745
vt 0.529412 0.862745
vt 0.549020 0.862745
vt 0.568627 0.862745
vt 0.588235 0.862745
vt 0.607843 0.862745
vt 0.627451 0.862745
vt 0.647059 0.862745
vt 0.666667 0.862745
vt 0.686275 0.862745
vt 0.705882 0.862745
vt 0.725490 0.862745
vt 0.745098 0.862745
vt 0.764706 0.862745
vt 0.784314 0.862745
vt 0.803922 0.862745
vt 0.823529 0.862745
vt 0.843137 0.862745
vt 0.862745 0.862745
vt 0.882353 0.862745
vt 0.901961 0.862745
vt 0.921569 0.862745
vt 0.941176 0.862745
vt 0.960784 0.862745
vt 0.000000 0.843137
vt 0.019608 0.843137
vt 0.039216 0.843137
vt 0.058824 0.843137
vt 0.078431 0.843137
vt 0.098039 0.843137
vt 0.117647 0.843137
vt 0.137255 0.843137
vt 0.156863 0.843137
vt 0.176471 0.843137
vt 0.196078 0.843137
vt 0.215686 0.843137
vt 0.235294 0.843137
vt 0.254902 0.843137
vt 0.274510 0.843137
vt 0.294118 0.843137
vt 0.313726 0.843137
vt 0.333333 0.843137
vt 0.352941 0.843137
vt 0.372549 0.843137
vt 0.392157 0.843137
vt 0.411765 0.843137
vt 0.431373 0.843137
vt 0.450980 0.843137
vt 0.470588 0.843137
vt 0.490196 0.843137
vt 0.509804 0.843137
vt 0.529412 0.843137
vt 0.549020 0.843137
vt 0.568627 0.843137
vt 0.588235 0.843137
vt 0.607843 0.843137
vt 0.627451 0.843137
vt 0.647059 0.843137
vt 0.666667 0.843137
vt 0.686275 0.843137
vt 0.705882 0.843137
vt 0.725490 0.843137
vt 0.745098 0.843137
vt 0.764706 0.843137
vt 0.784314 0.843137
vt 0.803922 0.843137
vt 0.823529 0.843137
vt 0.843137 0.843137
vt 0.862745 0.843137
vt 0.882353 0.843137
vt 0.901961 0.843137
vt 0.921569 0.843137
vt 0.941176 0.843137
vt 0.960784 0.843137
vt 0.000000 0.823529
vt 0.019608 0.823529
vt 0.039216 0.823529
vt 0.058824 0.823529
vt 0.078431 0.823529
vt 0.098039 0.823529
vt 0.117647 0.823529
vt 0.137255 0.823529
vt 0.156863 0.823529
vt 0.176471 0.823529
vt 0.196078 0.823529
vt 0.215686 0.823530
vt 0.235294 0.823529
vt 0.254902 0.823529
vt 0.274510 0.823529
vt 0.294118 0.823529
vt 0.313726 0.823529
vt 0.333333 0.823529
vt 0.352941 0.823530
vt 0.372549 0.823530
vt 0.392157 0.823530
vt 0.411765 0.823530
vt 0.431373 0.823530
vt 0.450980 0.823530
vt 0.470588 0.823530
vt 0.490196 0.823530
vt 0.509804 0.823530
vt 0.529412 0.823530
vt 0.549020 0.823530
vt 0.568627 0.823530
vt 0.588235 0.823530
vt 0.607843 0.823530
vt 0.627451 0.823530
vt 0.647059 0.823530
vt 0.666667 0.823530
vt 0.686275 0.823530
vt 0.705882 0.823530
vt 0.725490 0.823530
vt 0.745098 0.823530
vt 0.764706 0.823530
vt 0.784314 0.823530
vt 0.803922 0.823529
vt 0.823529 0.823529
vt 0.843137 0.823529
vt 0.862745 0.823529
vt 0.882353 0.823529
vt 0.901961 0.823529
vt 0.921569 0.823529
vt 0.941176 0.823529
vt 0.960784 0.823529
vt 0.000000 0.803922
vt 0.019608 0.803922
vt 0.039216 0.803922
vt 0.058824 0.803922
vt 0.078431 0.803922
vt 0.098039 0.803922
vt 0.117647 0.803922
vt 0.137255 0.803922
vt 0.156863 0.803922
vt 0.176471 0.803922
vt 0.196078 0.803922
vt 0.215686 0.803922
vt 0.235294 0.803922
vt 0.254902 0.803922
vt 0.274510 0.803922
vt 0.294118 0.803922
vt 0.313726 0.803922
vt 0.333333 0.803922
vt 0.352941 0.803922
vt 0.372549 0.803922
vt 0.392157 0.803922
vt 0.411765 0.803922
vt 0.431373 0.803922
vt 0.450980 0.803922
vt 0.470588 0.803922
vt 0.490196 0.803922
vt 0.509804 0.803922
vt 0.529412 0.803922
vt 0.549020 0.803922
vt 0.568627 0.803922
vt 0.588235 0.803922
vt 0.607843 0.803922
vt 0.627451 0.803922
vt 0.647059 0.803922
vt 0.666667 0.803922
vt 0.686275 0.803922
vt 0.705882 0.803922
vt 0.725490 0.803922
vt 0.745098 0.803922
vt 0.764706 0.803922
vt 0.784314 0.803922
vt 0.803922 0.803922
vt 0.823529 0.803922
vt 0.843137 0.803922
vt 0.862745 0.803922
vt 0.882353 0.803922
vt 0.901961 0.803922
vt 0.921569 0.803922
vt 0.941176 0.803922
vt 0.960784 0.803922
vt 0.000000 0.784314
vt 0.019608 0.784314
vt 0.039216 0.784314
vt 0.058824 0.784314
vt 0.078431 0.784314
vt 0.098039 0.784314
vt 0.117647 0.784314
vt 0.137255 0.784314
vt 0.156863 0.784314
vt 0.176471 0.784314
vt 0.196078 0.784314
vt 0.215686 0.784314
vt 0.235294 0.784314
vt 0.254902 0.784314
vt 0.274510 0.784314
vt 0.294118 0.784314
vt 0.313726 0.784314
vt 0.333333 0.784314
vt 0.352941 0.784314
vt 0.372549 0.784314
vt 0.392157 0.784314
vt 0.411765 0.784314
vt 0.431373 0.784314
vt 0.450980 0.784314
vt 0.470588 0.784314
vt 0.490196 0.784314
vt 0.509804 0.784314
vt 0.529412 0.784314
vt 0.549020 0.784314
vt 0.568627 0.784314
vt 0.588235 0.784314
vt 0.607843 0.784314
vt 0.627451 0.784314
vt 0.647059 0.784314
vt 0.666667 0.784314
vt 0.686275 0.784314
vt 0.705882 0.784314
vt 0.725490 0.784314
vt 0.745098 0.784314
vt 0.764706 0.784314
vt 0.784314 0.784314
vt 0.803922 0.784314
vt 0.823529 0.784314
vt 0.843137 0.784314
vt 0.862745 0.784314
vt 0.882353 0.784314
vt 0.901961 0.784314
vt 0.921569 0.784314
vt 0.941176 0.784314
vt 0.960784 0.784314
vt 0.000000 0.764706
vt 0.019608 0.764706
vt 0.039216 0.764706
vt 0.058824 0.764706
vt 0.078431 0.764706
vt 0.098039 0.764706
vt 0.117647 0.764706
vt 0.137255 0.764706
vt 0.156863 0.764706
vt 0.176471 0.764706
vt 0.196078 0.764706
vt 0.215686 0.764706
vt 0.235294 0.764706
vt 0.254902 0.764706
vt 0.274510 0.764706
vt 0.294118 0.764706
vt 0.313726 0.764706
vt 0.333333 0.764706
vt 0.352941 0.764706
vt 0.372549 0.764706
vt 0.392157 0.764706
vt 0.411765 0.764706
vt 0.431373 0.764706
vt 0.450980 0.764706
vt 0.470588 0.764706
vt 0.490196 0.764706
vt 0.509804 0.764706
vt 0.529412 0.764706
vt 0.549020 0.764706
vt 0.568627 0.764706
vt 0.588235 0.764706
vt 0.607843 0.764706
vt 0.627451 0.764706
vt 0.647059 0.764706
vt 0.666667 0.764706
vt 0.686275 0.764706
vt 0.705882 0.764706
vt 0.725490 0.764706
vt 0.745098 0.764706
vt 0.764706 0.764706
vt 0.784314 0.764706
vt 0.803922 0.764706
vt 0.823529 0.764706
vt 0.843137 0.764706
vt 0.862745 0.764706
vt 0.882353 0.764706
vt 0.901961 0.764706
vt 0.921569 0.764706
vt 0.941176 0.764706
vt 0.960784 0.764706
vt 0.000000 0.745098
vt 0.019608 0.745098
vt 0.039216 0.745098
vt 0.058824 0.745098
vt 0.078431 0.745098
vt 0.098039 0.745098
vt 0.117647 0.745098
vt 0.137255 0.745098
vt 0.156863 0.745098
vt 0.176471 0.745098
vt 0.196078 0.745098
vt 0.215686 0.745098
vt 0.235294 0.745098
vt 0.254902 0.745098
vt 0.274510 0.745098
vt 0.294118 0.745098
vt 0.313726 0.745098
vt 0.333333 0.745098
vt 0.352941 0.745098
vt 0.372549 0.745098
vt 0.392157 0.745098
vt 0.411765 0.745098
vt 0.431373 0.745098
vt 0.450980 0.745098
vt 0.470588 0.745098
vt 0.490196 0.745098
vt 0.509804 0.745098
vt 0.529412 0.745098
vt 0.549020 0.745098
vt 0.568627 0.745098
vt 0.588235 0.745098
vt 0.607843 0.745098
vt 0.627451 0.745098
vt 0.647059 0.745098
vt 0.666667 0.745098
vt 0.686275 0.745098
vt 0.705882 0.745098
vt 0.725490 0.745098
vt 0.745098 0.745098
vt 0.764706 0.745098
vt 0.784314 0.745098
vt 0.803922 0.745098
vt 0.823529 0.745098
vt 0.843137 0.745098
vt 0.862745 0.745098
vt 0.882353 0.745098
vt 0.901961 0.745098
vt 0.921569 0.745098
vt 0.941176 0.745098
vt 0.960784 0.745098
vt 0.000000 0.725490
vt 0.019608 0.725490
vt 0.039216 0.725490
vt 0.058824 0.725490
vt 0.078431 0.725490
vt 0.098039 0.725490
vt 0.117647 0.725490
vt 0.137255 0.725490
vt 0.156863 0.725490
vt 0.176471 0.725490
vt 0.196078 0.725490
vt 0.215686 0.725490
vt 0.235294 0.725490
vt 0.254902 0.725490
vt 0.274510 0.725490
vt 0.294118 0.725490
vt 0.313726 0.725490
vt 0.333333 0.725490
vt 0.352941 0.725490
vt 0.372549 0.725490
vt 0.392157 0.725490
vt 0.411765 0.725490
vt 0.431373 0.725490
vt 0.549020 0.725490
vt 0.568627 0.725490
vt 0.588235 0.725490
vt 0.607843 0.725490
vt 0.627451 0.725490
vt 0.647059 0.725490
vt 0.666667 0.725490
vt 0.686275 0.725490
vt 0.705882 0.725490
vt 0.725490 0.725490
vt 0.745098 0.725490
vt 0.764706 0.725490
vt 0.784314 0.725490
vt 0.803922 0.725490
vt 0.823529 0.725490
vt 0.843137 0.725490
vt 0.862745 0.725490
vt 0.882353 0.725490
vt 0.901961 0.725490
vt 0.921569 0.725490
vt 0.941176 0.725490
vt 0.960784 0.725490
vt 0.000000 0.705882
vt 0.019608 0.705882
vt 0.039216 0.705882
vt 0.058824 0.705882
vt 0.078431 0.705882
vt 0.098039 0.705882
vt 0.117647 0.705882
vt 0.137255 0.705882
vt 0.156863 0.705882
vt 0.176471 0.705882
vt 0.196078 0.705882
vt 0.215686 0.705882
vt 0.235294 0.705882
vt 0.254902 0.705882
vt 0.274510 0.705882
vt 0.294118 0.705882
vt 0.313726 0.705882
vt 0.333333 0.705882
vt 0.352941 0.705882
vt 0.372549 0.705882
vt 0.392157 0.705882
vt 0.607843 0.705883
vt 0.627451 0.705883
vt 0.647059 0.705883
vt 0.666667 0.705883
vt 0.686275 0.705883
vt 0.705882 0.705883
vt 0.725490 0.705883
vt 0.745098 0.705883
vt 0.764706 0.705883
vt 0.784314 0.705882
vt 0.803922 0.705882
vt 0.823529 0.705882
vt 0.843137 0.705882
vt 0.862745 0.705882
vt 0.882353 0.705882
vt 0.901961 0.705882
vt 0.921569 0.705882
vt 0.941176 0.705882
vt 0.960784 0.705882
vt 0.000000 0.686275
vt 0.019608 0.686275
vt 0.039216 0.686275
vt 0.058824 0.686275
vt 0.078431 0.686275
vt 0.098039 0.686275
vt 0.117647 0.686275
vt 0.137255 0.686275
vt 0.156863 0.686275
vt 0.176471 0.686274
vt 0.196078 0.686274
vt 0.215686 0.686274
vt 0.235294 0.686274
vt 0.254902 0.686274
vt 0.274510 0.686274
vt 0.294118 0.686274
vt 0.313726 0.686274
vt 0.333333 0.686274
vt 0.352941 0.686274
vt 0.627451 0.686275
vt 0.647059 0.686275
vt 0.666667 0.686275
vt 0.686275 0.686275
vt 0.705882 0.686275
vt 0.725490 0.686275
vt 0.745098 0.686275
vt 0.764706 0.686275
vt 0.784314 0.686275
vt 0.803922 0.686275
vt 0.823529 0.686275
vt 0.843137 0.686275
vt 0.862745 0.686275
vt 0.882353 0.686275
vt 0.901961 0.686275
vt 0.921569 0.686275
vt 0.941176 0.686275
vt 0.960784 0.686275
vt 0.000000 0.666667
vt 0.019608 0.666667
vt 0.039216 0.666667
vt 0.058824 0.666667
vt 0.078431 0.666667
vt 0.098039 0.666667
vt 0.117647 0.666667
vt 0.137255 0.666667
vt 0.156863 0.666667
vt 0.176471 0.666667
vt 0.196078 0.666667
vt 0.215686 0.666667
vt 0.235294 0.666667
vt 0.254902 0.666667
vt 0.274510 0.666667
vt 0.294118 0.666667
vt 0.313726 0.666667
vt 0.333333 0.666667
vt 0.647059 0.666667
vt 0.666667 0.666667
vt 0.686275 0.666667
vt 0.705882 0.666667
vt 0.725490 0.666667
vt 0.745098 0.666667
vt 0.764706 0.666667
vt 0.784314 0.666667
vt 0.803922 0.666667
vt 0.823529 0.666667
vt 0.843137 0.666667
vt 0.862745 0.666667
vt 0.882353 0.666667
vt 0.901961 0.666667
vt 0.921569 0.666667
vt 0.941176 0.666667
vt 0.960784 0.666667
vt 0.000000 0.647059
vt 0.019608 0.647059
vt 0.039216 0.647059
vt 0.058824 0.647059
vt 0.078431 0.647059
vt 0.098039 0.647059
vt 0.117647 0.647059
vt 0.137255 0.647059
vt 0.156863 0.647059
vt 0.176471 0.647059
vt 0.196078 0.647059
vt 0.215686 0.647059
vt 0.235294 0.647059
vt 0.254902 0.647059
vt 0.274510 0.647059
vt 0.294118 0.647059
vt 0.313726 0.647059
vt 0.666667 0.647059
vt 0.686275 0.647059
vt 0.705882 0.647059
vt 0.725490 0.647059
vt 0.745098 0.647059
vt 0.764706 0.647059
vt 0.784314 0.647059
vt 0.803922 0.647059
vt 0.823529 0.647059
vt 0.843137 0.647059
vt 0.862745 0.647059
vt 0.882353 0.647059
vt 0.901961 0.647059
vt 0.921569 0.647059
vt 0.941176 0.647059
vt 0.960784 0.647059
vt 0.000000 0.627451
vt 0.019608 0.627451
vt 0.039216 0.627451
vt 0.058824 0.627451
vt 0.078431 0.627451
vt 0.098039 0.627451
vt 0.117647 0.627451
vt 0.137255 0.627451
vt 0.156863 0.627451
vt 0.176471 0.627451
vt 0.196078 0.627451
vt 0.215686 0.627451
vt 0.235294 0.627451
vt 0.254902 0.627451
vt 0.274510 0.627451
vt 0.294118 0.627451
vt 0.686275 0.627451
vt 0.705882 0.627451
vt 0.725490 0.627451
vt 0.745098 0.627451
vt 0.764706 0.627451
vt 0.784314 0.627451
vt 0.803922 0.627451
vt 0.823529 0.627451
vt 0.843137 0.627451
vt 0.862745 0.627451
vt 0.882353 0.627451
vt 0.901961 0.627451
vt 0.921569 0.627451
vt 0.941176 0.627451
vt 0.960784 0.627451
vt 0.000000 0.607843
vt 0.019608 0.607843
vt 0.039216 0.607843
vt 0.058824 0.607843
vt 0.078431 0.607843
vt 0.098039 0.607843
vt 0.117647 0.607843
vt 0.137255 0.607843
vt 0.156863 0.607843
vt 0.176471 0.607843
vt 0.196078 0.607843
vt 0.215686 0.607843
vt 0.235294 0.607843
vt 0.254902 0.607843
vt 0.274510 0.607843
vt 0.294118 0.607843
vt 0.686275 0.607843
vt 0.705882 0.607843
vt 0.725490 0.607843
vt 0.745098 0.607843
vt 0.764706 0.607843
vt 0.784314 0.607843
vt 0.803922 0.607843
vt 0.823529 0.607843
vt 0.843137 0.607843
vt 0.862745 0.607843
vt 0.882353 0.607843
vt 0.901961 0.607843
vt 0.921569 0.607843
vt 0.941176 0.607843
vt 0.960784 0.607843
vt 0.000000 0.588235
vt 0.019608 0.588235
vt 0.039216 0.588235
vt 0.058824 0.588235
vt 0.078431 0.588235
vt 0.098039 0.588235
vt 0.117647 0.588235
vt 0.137255 0.588235
vt 0.156863 0.588235
vt 0.176471 0.588235
vt 0.196078 0.588235
vt 0.215686 0.588235
vt 0.235294 0.588235
vt 0.254902 0.588235
vt 0.274510 0.588235
vt 0.705882 0.588235
vt 0.725490 0.588235
vt 0.745098 0.588235
vt 0.764706 0.588235
vt 0.784314 0.588235
vt 0.803922 0.588235
vt 0.823529 0.588235
vt 0.843137 0.588235
vt 0.862745 0.588235
vt 0.882353 0.588235
vt 0.901961 0.588235
vt 0.921569 0.588235
vt 0.941176 0.588235
vt 0.960784 0.588235
vt 0.000000 0.568627
vt 0.019608 0.568627
vt 0.039216 0.568627
vt 0.058824 0.568627
vt 0.078431 0.568627
vt 0.098039 0.568627
vt 0.117647 0.568627
vt 0.137255 0.568627
vt 0.156863 0.568627
vt 0.176471 0.568627
vt 0.196078 0.568627
vt 0.215686 0.568627
vt 0.235294 0.568627
vt 0.254902 0.568627
vt 0.274510 0.568627
vt 0.705882 0.568628
vt 0.725490 0.568628
vt 0.745098 0.568628
vt 0.764706 0.568628
vt 0.784314 0.568628
vt 0.803922 0.568628
vt 0.823529 0.568628
vt 0.843137 0.568628
vt 0.862745 0.568628
vt 0.882353 0.568628
vt 0.901961 0.568628
vt 0.921569 0.568628
vt 0.941176 0.568628
vt 0.960784 0.568628
vt 0.000000 0.549020
vt 0.019608 0.549020
vt 0.039216 0.549020
vt 0.058824 0.549020
vt 0.078431 0.549020
vt 0.098039 0.549020
vt 0.117647 0.549020
vt 0.137255 0.549020
vt 0.156863 0.549020
vt 0.176471 0.549020
vt 0.196078 0.549020
vt 0.215686 0.549020
vt 0.235294 0.549020
vt 0.254902 0.549020
vt 0.274510 0.549020
vt 0.705882 0.549020
vt 0.725490 0.549020
vt 0.745098 0.549020
vt 0.764706 0.549020
vt 0.784314 0.549020
vt 0.803922 0.549020
vt 0.823529 0.549020
vt 0.843137 0.549020
vt 0.862745 0.549020
vt 0.882353 0.549020
vt 0.901961 0.549020
vt 0.921569 0.549020
vt 0.941176 0.549020
vt 0.960784 0.549020
vt 0.000000 0.529412
vt 0.019608 0.529412
vt 0.039216 0.529412
vt 0.058824 0.529412
vt 0.078431 0.529412
vt 0.098039 0.529412
vt 0.117647 0.529412
vt 0.137255 0.529412
vt 0.156863 0.529412
vt 0.176471 0.529412
vt 0.196078 0.529412
vt 0.215686 0.529412
vt 0.235294 0.529412
vt 0.254902 0.529412
vt 0.274510 0.529412
vt 0.705882 0.529412
vt 0.725490 0.529412
vt 0.745098 0.529412
vt 0.764706 0.529412
vt 0.784314 0.529412
vt 0.803922 0.529412
vt 0.823529 0.529412
vt 0.843137 0.529412
vt 0.862745 0.529412
vt 0.882353 0.529412
vt 0.901961 0.529412
vt 0.921569 0.529412
vt 0.941176 0.529412
vt 0.960784 0.529412
vt 0.000000 0.509804
vt 0.019608 0.509804
vt 0.039216 0.509804
vt 0.058824 0.509804
vt 0.078431 0.509804
vt 0.098039 0.509804
vt 0.117647 0.509804
vt 0.137255 0.509804
vt 0.156863 0.509804
vt 0.176471 0.509804
vt 0.196078 0.509804
vt 0.215686 0.509804
vt 0.235294 0.509804
vt 0.254902 0.509804
vt 0.274510 0.509804
vt 0.725490 0.509804
vt 0.745098 0.509804
vt 0.764706 0.509804
vt 0.784314 0.509804
vt 0.803922 0.509804
vt 0.823529 0.509804
vt 0.843137 0.509804
vt 0.862745 0.509804
vt 0.882353 0.509804
vt 0.901961 0.509804
vt 0.921569 0.509804
vt 0.941176 0.509804
vt 0.960784 0.509804
vt 0.000000 0.490196
vt 0.019608 0.490196
vt 0.039216 0.490196
vt 0.058824 0.490196
vt 0.078431 0.490196
vt 0.098039 0.490196
vt 0.117647 0.490196
vt 0.137255 0.490196
vt 0.156863 0.490196
vt 0.176471 0.490196
vt 0.196078 0.490196
vt 0.215686 0.490196
vt 0.235294 0.490196
vt 0.254902 0.490196
vt 0.274510 0.490196
vt 0.725490 0.490196
vt 0.745098 0.490196
vt 0.764706 0.490196
vt 0.784314 0.490196
vt 0.803922 0.490196
vt 0.823529 0.490196
vt 0.843137 0.490196
vt 0.862745 0.490196
vt 0.882353 0.490196
vt 0.901961 0.490196
vt 0.921569 0.490196
vt 0.941176 0.490196
vt 0.960784 0.490196
vt 0.000000 0.470588
vt 0.019608 0.470588
vt 0.039216 0.470588
vt 0.058824 0.470588
vt 0.078431 0.470588
vt 0.098039 0.470588
vt 0.117647 0.470588
vt 0.137255 0.470588
vt 0.156863 0.470588
vt 0.176471 0.470588
vt 0.196078 0.470588
vt 0.215686 0.470588
vt 0.235294 0.470588
vt 0.254902 0.470588
vt 0.274510 0.470588
vt 0.725490 0.470588
vt 0.745098 0.470588
vt 0.764706 0.470588
vt 0.784314 0.470588
vt 0.803922 0.470588
vt 0.823529 0.470588
vt 0.843137 0.470588
vt 0.862745 0.470588
vt 0.882353 0.470588
vt 0.901961 0.470588
vt 0.921569 0.470588
vt 0.941176 0.470588
vt 0.960784 0.470588
vt 0.000000 0.450980
vt 0.019608 0.450980
vt 0.039216 0.450980
vt 0.058824 0.450980
vt 0.078431 0.450980
vt 0.098039 0.450980
vt 0.117647 0.450980
vt 0.137255 0.450980
vt 0.156863 0.450980
vt 0.176471 0.450980
vt 0.196078 0.450980
vt 0.215686 0.450980
vt 0.235294 0.450980
vt 0.254902 0.450980
vt 0.274510 0.450980
vt 0.705882 0.450981
vt 0.725490 0.450980
vt 0.705882 0.470588
vt 0.745098 0.450980
vt 0.764706 0.450980
vt 0.784314 0.450980
vt 0.803922 0.450980
vt 0.823529 0.450980
vt 0.843137 0.450980
vt 0.862745 0.450980
vt 0.882353 0.450980
vt 0.901961 0.450980
vt 0.921569 0.450980
vt 0.941176 0.450980
vt 0.960784 0.450980
vt 0.000000 0.431373
vt 0.019608 0.431373
vt 0.039216 0.431373
vt 0.058824 0.431373
vt 0.078431 0.431373
vt 0.098039 0.431373
vt 0.117647 0.431373
vt 0.137255 0.431373
vt 0.156863 0.431373
vt 0.176471 0.431373
vt 0.196078 0.431373
vt 0.215686 0.431373
vt 0.235294 0.431373
vt 0.254902 0.431373
vt 0.274510 0.431373
vt 0.705882 0.431373
vt 0.725490 0.431373
vt 0.745098 0.431373
vt 0.764706 0.431373
vt 0.784314 0.431373
vt 0.803922 0.431373
vt 0.823529 0.431373
vt 0.843137 0.431373
vt 0.862745 0.431373
vt 0.882353 0.431373
vt 0.901961 0.431373
vt 0.921569 0.431373
vt 0.941176 0.431373
vt 0.960784 0.431373
vt 0.000000 0.411765
vt 0.019608 0.411765
vt 0.039216 0.411765
vt 0.058824 0.411765
vt 0.078431 0.411765
vt 0.098039 0.411765
vt 0.117647 0.411765
vt 0.137255 0.411765
vt 0.156863 0.411765
vt 0.176471 0.411765
vt 0.196078 0.411765
vt 0.215686 0.411765
vt 0.235294 0.411765
vt 0.254902 0.411765
vt 0.274510 0.411765
vt 0.705882 0.411765
vt 0.725490 0.411765
vt 0.745098 0.411765
vt 0.764706 0.411765
vt 0.784314 0.411765
vt 0.803922 0.411765
vt 0.823529 0.411765
vt 0.843137 0.411765
vt 0.862745 0.411765
vt 0.882353 0.411765
vt 0.901961 0.411765
vt 0.921569 0.411765
vt 0.941176 0.411765
vt 0.960784 0.411765
vt 0.000000 0.392157
vt 0.019608 0.392157
vt 0.039216 0.392157
vt 0.058824 0.392157
vt 0.078431 0.392157
vt 0.098039 0.392157
vt 0.117647 0.392157
vt 0.137255 0.392157
vt 0.156863 0.392157
vt 0.176471 0.392157
vt 0.196078 0.392157
vt 0.215686 0.392157
vt 0.235294 0.392157
vt 0.254902 0.392157
vt 0.274510 0.392157
vt 0.294118 0.392157
vt 0.294118 0.411765
vt 0.686275 0.392157
vt 0.705882 0.392157
vt 0.686275 0.411765
vt 0.725490 0.392157
vt 0.745098 0.392157
vt 0.764706 0.392157
vt 0.784314 0.392157
vt 0.803922 0.392157
vt 0.823529 0.392157
vt 0.843137 0.392157
vt 0.862745 0.392157
vt 0.882353 0.392157
vt 0.901961 0.392157
vt 0.921569 0.392157
vt 0.941176 0.392157
vt 0.960784 0.392157
vt 0.000000 0.372549
vt 0.019608 0.372549
vt 0.039216 0.372549
vt 0.058824 0.372549
vt 0.078431 0.372549
vt 0.098039 0.372549
vt 0.117647 0.372549
vt 0.137255 0.372549
vt 0.156863 0.372549
vt 0.176471 0.372549
vt 0.196078 0.372549
vt 0.215686 0.372549
vt 0.235294 0.372549
vt 0.254902 0.372549
vt 0.274510 0.372549
vt 0.294118 0.372549
vt 0.686275 0.372549
vt 0.705882 0.372549
vt 0.725490 0.372549
vt 0.745098 0.372549
vt 0.764706 0.372549
vt 0.784314 0.372549
vt 0.803922 0.372549
vt 0.823529 0.372549
vt 0.843137 0.372549
vt 0.862745 0.372549
vt 0.882353 0.372549
vt 0.901961 0.372549
vt 0.921569 0.372549
vt 0.941176 0.372549
vt 0.960784 0.372549
vt 0.000000 0.352941
vt 0.019608 0.352941
vt 0.039216 0.352941
vt 0.058824 0.352941
vt 0.078431 0.352941
vt 0.098039 0.352941
vt 0.117647 0.352941
vt 0.137255 0.352941
vt 0.156863 0.352941
vt 0.176471 0.352941
vt 0.196078 0.352941
vt 0.215686 0.352941
vt 0.235294 0.352941
vt 0.254902 0.352941
vt 0.274510 0.352941
vt 0.294118 0.352941
vt 0.313726 0.352941
vt 0.313726 0.372549
vt 0.666667 0.352941
vt 0.686275 0.352941
vt 0.666667 0.372549
vt 0.705882 0.352941
vt 0.725490 0.352941
vt 0.745098 0.352941
vt 0.764706 0.352941
vt 0.784314 0.352941
vt 0.803922 0.352941
vt 0.823529 0.352941
vt 0.843137 0.352941
vt 0.862745 0.352941
vt 0.882353 0.352941
vt 0.901961 0.352941
vt 0.921569 0.352941
vt 0.941176 0.352941
vt 0.960784 0.352941
vt 0.000000 0.333333
vt 0.019608 0.333333
vt 0.039216 0.333333
vt 0.058824 0.333333
vt 0.078431 0.333333
vt 0.098039 0.333333
vt 0.117647 0.333333
vt 0.137255 0.333333
vt 0.156863 0.333333
vt 0.176471 0.333333
vt 0.196078 0.333333
vt 0.215686 0.333333
vt 0.235294 0.333333
vt 0.254902 0.333333
vt 0.274510 0.333333
vt 0.294118 0.333333
vt 0.313726 0.333333
vt 0.333333 0.333333
vt 0.333333 0.352941
vt 0.647059 0.333333
vt 0.666667 0.333333
vt 0.647059 0.352941
vt 0.686275 0.333333
vt 0.705882 0.333333
vt 0.725490 0.333333
vt 0.745098 0.333333
vt 0.764706 0.333333
vt 0.784314 0.333333
vt 0.803922 0.333333
vt 0.823529 0.333333
vt 0.843137 0.333333
vt 0.862745 0.333333
vt 0.882353 0.333333
vt 0.901961 0.333333
vt 0.921569 0.333333
vt 0.941176 0.333333
vt 0.960784 0.333333
vt 0.000000 0.313726
vt 0.019608 0.313725
vt 0.039216 0.313725
vt 0.058824 0.313726
vt 0.078431 0.313726
vt 0.098039 0.313726
vt 0.117647 0.313726
vt 0.137255 0.313726
vt 0.156863 0.313726
vt 0.176471 0.313726
vt 0.196078 0.313726
vt 0.215686 0.313726
vt 0.235294 0.313726
vt 0.254902 0.313726
vt 0.274510 0.313726
vt 0.294118 0.313726
vt 0.313726 0.313726
vt 0.333333 0.313726
vt 0.352941 0.313726
vt 0.352941 0.333333
vt 0.607843 0.313726
vt 0.627451 0.313726
vt 0.627451 0.333333
vt 0.607843 0.333333
vt 0.647059 0.313726
vt 0.666667 0.313726
vt 0.686275 0.313726
vt 0.705882 0.313726
vt 0.725490 0.313726
vt 0.745098 0.313726
vt 0.764706 0.313726
vt 0.784314 0.313726
vt 0.803922 0.313726
vt 0.823529 0.313726
vt 0.843137 0.313726
vt 0.862745 0.313726
vt 0.882353 0.313726
vt 0.901961 0.313726
vt 0.921569 0.313726
vt 0.941176 0.313726
vt 0.960784 0.313726
vt 0.000000 0.294118
vt 0.019608 0.294118
vt 0.039216 0.294118
vt 0.058824 0.294118
vt 0.078431 0.294118
vt 0.098039 0.294118
vt 0.117647 0.294118
vt 0.137255 0.294118
vt 0.156863 0.294118
vt 0.176471 0.294118
vt 0.196078 0.294118
vt 0.215686 0.294118
vt 0.235294 0.294118
vt 0.254902 0.294118
vt 0.274510 0.294118
vt 0.294118 0.294118
vt 0.313726 0.294118
vt 0.333333 0.294118
vt 0.352941 0.294118
vt 0.372549 0.294118
vt 0.372549 0.313726
vt 0.588235 0.294118
vt 0.607843 0.294118
vt 0.588235 0.313726
vt 0.627451 0.294118
vt 0.647059 0.294118
vt 0.666667 0.294118
vt 0.686275 0.294118
vt 0.705882 0.294118
vt 0.725490 0.294118
vt 0.745098 0.294118
vt 0.764706 0.294118
vt 0.784314 0.294118
vt 0.803922 0.294118
vt 0.823529 0.294118
vt 0.843137 0.294118
vt 0.862745 0.294118
vt 0.882353 0.294118
vt 0.901961 0.294118
vt 0.921569 0.294118
vt 0.941176 0.294118
vt 0.960784 0.294118
vt 0.000000 0.274510
vt 0.019608 0.274510
vt 0.039216 0.274510
vt 0.058824 0.274510
vt 0.078431 0.274510
vt 0.098039 0.274510
vt 0.117647 0.274510
vt 0.137255 0.274510
vt 0.156863 0.274510
vt 0.176471 0.274510
vt 0.196078 0.274510
vt 0.215686 0.274510
vt 0.235294 0.274510
vt 0.254902 0.274510
vt 0.274510 0.274510
vt 0.294118 0.274510
vt 0.313726 0.274510
vt 0.333333 0.274510
vt 0.352941 0.274510
vt 0.372549 0.274510
vt 0.392157 0.274510
vt 0.392157 0.294118
vt 0.411765 0.274510
vt 0.411765 0.294118
vt 0.431373 0.274510
vt 0.431373 0.294118
vt 0.450980 0.274510
vt 0.450980 0.294118
vt 0.470588 0.274510
vt 0.470588 0.294118
vt 0.490196 0.274510
vt 0.490196 0.294118
vt 0.509804 0.274510
vt 0.509804 0.294118
vt 0.529412 0.274510
vt 0.529412 0.294118
vt 0.549020 0.274510
vt 0.549020 0.294118
vt 0.568627 0.274510
vt 0.568627 0.294118
vt 0.588235 0.274510
vt 0.607843 0.274510
vt 0.627451 0.274510
vt 0.647059 0.274510
vt 0.666667 0.274510
vt 0.686275 0.274510
vt 0.705882 0.274510
vt 0.725490 0.274510
vt 0.745098 0.274510
vt 0.764706 0.274510
vt 0.784314 0.274510
vt 0.803922 0.274510
vt 0.823529 0.274510
vt 0.843137 0.274510
vt 0.862745 0.274510
vt 0.882353 0.274510
vt 0.901961 0.274510
vt 0.921569 0.274510
vt 0.941176 0.274510
vt 0.960784 0.274510
vt 0.000000 0.254902
vt 0.019608 0.254902
vt 0.039216 0.254902
vt 0.058824 0.254902
vt 0.078431 0.254902
vt 0.098039 0.254902
vt 0.117647 0.254902
vt 0.137255 0.254902
vt 0.156863 0.254902
vt 0.176471 0.254902
vt 0.196078 0.254902
vt 0.215686 0.254902
vt 0.235294 0.254902
vt 0.254902 0.254902
vt 0.274510 0.254902
vt 0.294118 0.254902
vt 0.313726 0.254902
vt 0.333333 0.254902
vt 0.352941 0.254902
vt 0.372549 0.254902
vt 0.392157 0.254902
vt 0.411765 0.254902
vt 0.431373 0.254902
vt 0.450980 0.254902
vt 0.470588 0.254902
vt 0.490196 0.254902
vt 0.509804 0.254902
vt 0.529412 0.254902
vt 0.549020 0.254902
vt 0.568627 0.254902
vt 0.588235 0.254902
vt 0.607843 0.254902
vt 0.627451 0.254902
vt 0.647059 0.254902
vt 0.666667 0.254902
vt 0.686275 0.254902
vt 0.705882 0.254902
vt 0.725490 0.254902
vt 0.745098 0.254902
vt 0.764706 0.254902
vt 0.784314 0.254902
vt 0.803922 0.254902
vt 0.823529 0.254902
vt 0.843137 0.254902
vt 0.862745 0.254902
vt 0.882353 0.254902
vt 0.901961 0.254902
vt 0.921569 0.254902
vt 0.941176 0.254902
vt 0.960784 0.254902
vt 0.000000 0.235294
vt 0.019608 0.235294
vt 0.039216 0.235294
vt 0.058824 0.235294
vt 0.078431 0.235294
vt 0.098039 0.235294
vt 0.117647 0.235294
vt 0.137255 0.235294
vt 0.156863 0.235294
vt 0.176471 0.235294
vt 0.196078 0.235294
vt 0.215686 0.235294
vt 0.235294 0.235294
vt 0.254902 0.235294
vt 0.274510 0.235294
vt 0.294118 0.235294
vt 0.313726 0.235294
vt 0.333333 0.235294
vt 0.352941 0.235294
vt 0.372549 0.235294
vt 0.392157 0.235294
vt 0.411765 0.235294
vt 0.431373 0.235294
vt 0.450980 0.235294
vt 0.470588 0.235294
vt 0.490196 0.235294
vt 0.509804 0.235294
vt 0.529412 0.235294
vt 0.549020 0.235294
vt 0.568627 0.235294
vt 0.588235 0.235294
vt 0.607843 0.235294
vt 0.627451 0.235294
vt 0.647059 0.235294
vt 0.666667 0.235294
vt 0.686275 0.235294
vt 0.705882 0.235294
vt 0.725490 0.235294
vt 0.745098 0.235294
vt 0.764706 0.235294
vt 0.784314 0.235294
vt 0.803922 0.235294
vt 0.823529 0.235294
vt 0.843137 0.235294
vt 0.862745 0.235294
vt 0.882353 0.235294
vt 0.901961 0.235294
vt 0.921569 0.235294
vt 0.941176 0.235294
vt 0.960784 0.235294
vt 0.000000 0.215686
vt 0.019608 0.215686
vt 0.039216 0.215686
vt 0.058824 0.215686
vt 0.078431 0.215686
vt 0.098039 0.215686
vt 0.117647 0.215686
vt 0.137255 0.215686
vt 0.156863 0.215686
vt 0.176471 0.215686
vt 0.196078 0.215686
vt 0.215686 0.215686
vt 0.235294 0.215686
vt 0.254902 0.215686
vt 0.274510 0.215686
vt 0.294118 0.215686
vt 0.313726 0.215686
vt 0.333333 0.215686
vt 0.352941 0.215686
vt 0.372549 0.215686
vt 0.392157 0.215686
vt 0.411765 0.215686
vt 0.431373 0.215686
vt 0.450980 0.215686
vt 0.470588 0.215686
vt 0.490196 0.215686
vt 0.509804 0.215686
vt 0.529412 0.215686
vt 0.549020 0.215686
vt 0.568627 0.215686
vt 0.588235 0.215686
vt 0.607843 0.215686
vt 0.627451 0.215686
vt 0.647059 0.215686
vt 0.666667 0.215686
vt 0.686275 0.215686
vt 0.705882 0.215686
vt 0.725490 0.215686
vt 0.745098 0.215686
vt 0.764706 0.215686
vt 0.784314 0.215686
vt 0.803922 0.215686
vt 0.823529 0.215686
vt 0.843137 0.215686
vt 0.862745 0.215686
vt 0.882353 0.215686
vt 0.901961 0.215686
vt 0.921569 0.215686
vt 0.941176 0.215686
vt 0.960784 0.215686
vt 0.000000 0.196078
vt 0.019608 0.196078
vt 0.039216 0.196078
vt 0.058824 0.196078
vt 0.078431 0.196078
vt 0.098039 0.196078
vt 0.117647 0.196078
vt 0.137255 0.196078
vt 0.156863 0.196078
vt 0.176471 0.196078
vt 0.196078 0.196078
vt 0.215686 0.196078
vt 0.235294 0.196078
vt 0.254902 0.196078
vt 0.274510 0.196078
vt 0.294118 0.196078
vt 0.313726 0.196078
vt 0.333333 0.196078
vt 0.352941 0.196078
vt 0.372549 0.196078
vt 0.392157 0.196078
vt 0.411765 0.196078
vt 0.431373 0.196078
vt 0.450980 0.196078
vt 0.470588 0.196078
vt 0.490196 0.196078
vt 0.509804 0.196078
vt 0.529412 0.196078
vt 0.549020 0.196078
vt 0.568627 0.196078
vt 0.588235 0.196078
vt 0.607843 0.196078
vt 0.627451 0.196078
vt 0.647059 0.196078
vt 0.666667 0.196078
vt 0.686275 0.196078
vt 0.705882 0.196078
vt 0.725490 0.196078
vt 0.745098 0.196078
vt 0.764706 0.196078
vt 0.784314 0.196078
vt 0.803922 0.196078
vt 0.823529 0.196078
vt 0.843137 0.196078
vt 0.862745 0.196078
vt 0.882353 0.196078
vt 0.901961 0.196078
vt 0.921569 0.196078
vt 0.941176 0.196078
vt 0.960784 0.196078
vt 0.000000 0.176471
vt 0.019608 0.176471
vt 0.039216 0.176471
vt 0.058824 0.176471
vt 0.078431 0.176471
vt 0.098039 0.176471
vt 0.117647 0.176471
vt 0.137255 0.176471
vt 0.156863 0.176471
vt 0.176471 0.176471
vt 0.196078 0.176471
vt 0.215686 0.176471
vt 0.235294 0.176471
vt 0.254902 0.176471
vt 0.274510 0.176471
vt 0.294118 0.176471
vt 0.313726 0.176471
vt 0.333333 0.176471
vt 0.352941 0.176471
vt 0.372549 0.176471
vt 0.392157 0.176471
vt 0.411765 0.176471
vt 0.431373 0.176471
vt 0.450980 0.176471
vt 0.470588 0.176471
vt 0.490196 0.176471
vt 0.509804 0.176471
vt 0.529412 0.176471
vt 0.549020 0.176471
vt 0.568627 0.176471
vt 0.588235 0.176471
vt 0.607843 0.176471
vt 0.627451 0.176471
vt 0.647059 0.176471
vt 0.666667 0.176471
vt 0.686275 0.176471
vt 0.705882 0.176471
vt 0.725490 0.176471
vt 0.745098 0.176471
vt 0.764706 0.176471
vt 0.784314 0.176471
vt 0.803922 0.176471
vt 0.823529 0.176471
vt 0.843137 0.176471
vt 0.862745 0.176471
vt 0.882353 0.176471
vt 0.901961 0.176471
vt 0.921569 0.176471
vt 0.941176 0.176471
vt 0.960784 0.176471
vt 0.000000 0.156863
vt 0.019608 0.156863
vt 0.039216 0.156863
vt 0.058824 0.156863
vt 0.078431 0.156863
vt 0.098039 0.156863
vt 0.117647 0.156863
vt 0.137255 0.156863
vt 0.156863 0.156863
vt 0.176471 0.156863
vt 0.196078 0.156863
vt 0.215686 0.156863
vt 0.235294 0.156863
vt 0.254902 0.156863
vt 0.274510 0.156863
vt 0.294118 0.156863
vt 0.313726 0.156863
vt 0.333333 0.156863
vt 0.352941 0.156863
vt 0.372549 0.156863
vt 0.392157 0.156863
vt 0.411765 0.156863
vt 0.431373 0.156863
vt 0.450980 0.156863
vt 0.470588 0.156863
vt 0.490196 0.156863
vt 0.509804 0.156863
vt 0.529412 0.156863
vt 0.549020 0.156863
vt 0.568627 0.156863
vt 0.588235 0.156863
vt 0.607843 0.156863
vt 0.627451 0.156863
vt 0.647059 0.156863
vt 0.666667 0.156863
vt 0.686275 0.156863
vt 0.705882 0.156863
vt 0.725490 0.156863
vt 0.745098 0.156863
vt 0.764706 0.156863
vt 0.784314 0.156863
vt 0.803922 0.156863
vt 0.823529 0.156863
vt 0.843137 0.156863
vt 0.862745 0.156863
vt 0.882353 0.156863
vt 0.901961 0.156863
vt 0.921569 0.156863
vt 0.941176 0.156863
vt 0.960784 0.156863
vt 0.000000 0.137255
vt 0.019608 0.137255
vt 0.039216 0.137255
vt 0.058824 0.137255
vt 0.078431 0.137255
vt 0.098039 0.137255
vt 0.117647 0.137255
vt 0.137255 0.137255
vt 0.156863 0.137255
vt 0.176471 0.137255
vt 0.196078 0.137255
vt 0.215686 0.137255
vt 0.235294 0.137255
vt 0.254902 0.137255
vt 0.274510 0.137255
vt 0.294118 0.137255
vt 0.313726 0.137255
vt 0.333333 0.137255
vt 0.352941 0.137255
vt 0.372549 0.137255
vt 0.392157 0.137255
vt 0.411765 0.137255
vt 0.431373 0.137255
vt 0.450980 0.137255
vt 0.470588 0.137255
vt 0.490196 0.137255
vt 0.509804 0.137255
vt 0.529412 0.137255
vt 0.549020 0.137255
vt 0.568627 0.137255
vt 0.588235 0.137255
vt 0.607843 0.137255
vt 0.627451 0.137255
vt 0.647059 0.137255
vt 0.666667 0.137255
vt 0.686275 0.137255
vt 0.705882 0.137255
vt 0.725490 0.137255
vt 0.745098 0.137255
vt 0.764706 0.137255
vt 0.784314 0.137255
vt 0.803922 0.137255
vt 0.823529 0.137255
vt 0.843137 0.137255
vt 0.862745 0.137255
vt 0.882353 0.137255
vt 0.901961 0.137255
vt 0.921569 0.137255
vt 0.941176 0.137255
vt 0.960784 0.137255
vt 0.000000 0.117647
vt 0.019608 0.117647
vt 0.039216 0.117647
vt 0.058824 0.117647
vt 0.078431 0.117647
vt 0.098039 0.117647
vt 0.117647 0.117647
vt 0.137255 0.117647
vt 0.156863 0.117647
vt 0.176471 0.117647
vt 0.196078 0.117647
vt 0.215686 0.117647
vt 0.235294 0.117647
vt 0.254902 0.117647
vt 0.274510 0.117647
vt 0.294118 0.117647
vt 0.313726 0.117647
vt 0.333333 0.117647
vt 0.352941 0.117647
vt 0.372549 0.117647
vt 0.392157 0.117647
vt 0.411765 0.117647
vt 0.431373 0.117647
vt 0.450980 0.117647
vt 0.470588 0.117647
vt 0.490196 0.117647
vt 0.509804 0.117647
vt 0.529412 0.117647
vt 0.549020 0.117647
vt 0.568627 0.117647
vt 0.588235 0.117647
vt 0.607843 0.117647
vt 0.627451 0.117647
vt 0.647059 0.117647
vt 0.666667 0.117647
vt 0.686275 0.117647
vt 0.705882 0.117647
vt 0.725490 0.117647
vt 0.745098 0.117647
vt 0.764706 0.117647
vt 0.784314 0.117647
vt 0.803922 0.117647
vt 0.823529 0.117647
vt 0.843137 0.117647
vt 0.862745 0.117647
vt 0.882353 0.117647
vt 0.901961 0.117647
vt 0.921569 0.117647
vt 0.941176 0.117647
vt 0.960784 0.117647
vt 0.000000 0.098039
vt 0.019608 0.098039
vt 0.039216 0.098039
vt 0.058824 0.098039
vt 0.078431 0.098039
vt 0.098039 0.098039
vt 0.117647 0.098039
vt 0.137255 0.098039
vt 0.156863 0.098039
vt 0.176471 0.098039
vt 0.196078 0.098039
vt 0.215686 0.098039
vt 0.235294 0.098039
vt 0.254902 0.098039
vt 0.274510 0.098039
vt 0.294118 0.098039
vt 0.313726 0.098039
vt 0.333333 0.098039
vt 0.352941 0.098039
vt 0.372549 0.098039
vt 0.392157 0.098039
vt 0.411765 0.098039
vt 0.431373 0.098039
vt 0.450980 0.098039
vt 0.470588 0.098039
vt 0.490196 0.098039
vt 0.509804 0.098039
vt 0.529412 0.098039
vt 0.549020 0.098039
vt 0.568627 0.098039
vt 0.588235 0.098039
vt 0.607843 0.098039
vt 0.627451 0.098039
vt 0.647059 0.098039
vt 0.666667 0.098039
vt 0.686275 0.098039
vt 0.705882 0.098039
vt 0.725490 0.098039
vt 0.745098 0.098039
vt 0.764706 0.098039
vt 0.784314 0.098039
vt 0.803922 0.098039
vt 0.823529 0.098039
vt 0.843137 0.098039
vt 0.862745 0.098039
vt 0.882353 0.098039
vt 0.901961 0.098039
vt 0.921569 0.098039
vt 0.941176 0.098039
vt 0.960784 0.098039
vt 0.000000 0.078431
vt 0.019608 0.078431
vt 0.039216 0.078431
vt 0.058824 0.078431
vt 0.078431 0.078431
vt 0.098039 0.078431
vt 0.117647 0.078431
vt 0.137255 0.078431
vt 0.156863 0.078431
vt 0.176471 0.078431
vt 0.196078 0.078431
vt 0.215686 0.078431
vt 0.235294 0.078431
vt 0.254902 0.078431
vt 0.274510 0.078431
vt 0.294118 0.078431
vt 0.313726 0.078431
vt 0.333333 0.078431
vt 0.352941 0.078431
vt 0.372549 0.078431
vt 0.392157 0.078431
vt 0.411765 0.078431
vt 0.431373 0.078431
vt 0.450980 0.078431
vt 0.470588 0.078431
vt 0.490196 0.078431
vt 0.509804 0.078431
vt 0.529412 0.078431
vt 0.549020 0.078431
vt 0.568627 0.078431
vt 0.588235 0.078431
vt 0.607843 0.078431
vt 0.627451 0.078431
vt 0.647059 0.078431
vt 0.666667 0.078431
vt 0.686275 0.078431
vt 0.705882 0.078431
vt 0.725490 0.078431
vt 0.745098 0.078431
vt 0.764706 0.078431
vt 0.784314 0.078431
vt 0.803922 0.078431
vt 0.823529 0.078431
vt 0.843137 0.078431
vt 0.862745 0.078431
vt 0.882353 0.078431
vt 0.901961 0.078431
vt 0.921569 0.078431
vt 0.941176 0.078431
vt 0.960784 0.078431
vt 0.000000 0.058824
vt 0.019608 0.058824
vt 0.039216 0.058824
vt 0.058824 0.058824
vt 0.078431 0.058824
vt 0.098039 0.058824
vt 0.117647 0.058824
vt 0.137255 0.058824
vt 0.156863 0.058824
vt 0.176471 0.058824
vt 0.196078 0.058824
vt 0.215686 0.058824
vt 0.235294 0.058824
vt 0.254902 0.058824
vt 0.274510 0.058824
vt 0.294118 0.058824
vt 0.313726 0.058824
vt 0.333333 0.058824
vt 0.352941 0.058824
vt 0.372549 0.058824
vt 0.392157 0.058824
vt 0.411765 0.058824
vt 0.431373 0.058824
vt 0.450980 0.058824
vt 0.470588 0.058824
vt 0.490196 0.058824
vt 0.509804 0.058824
vt 0.529412 0.058824
vt 0.549020 0.058824
vt 0.568627 0.058824
vt 0.588235 0.058824
vt 0.607843 0.058824
vt 0.627451 0.058824
vt 0.647059 0.058824
vt 0.666667 0.058824
vt 0.686275 0.058824
vt 0.705882 0.058824
vt 0.725490 0.058824
vt 0.745098 0.058824
vt 0.764706 0.058824
vt 0.784314 0.058824
vt 0.803922 0.058824
vt 0.823529 0.058824
vt 0.843137 0.058824
vt 0.862745 0.058824
vt 0.882353 0.058824
vt 0.901961 0.058824
vt 0.921569 0.058824
vt 0.941176 0.058824
vt 0.960784 0.058824
vt 0.000000 0.039216
vt 0.019608 0.039216
vt 0.039216 0.039216
vt 0.058824 0.039216
vt 0.078431 0.039216
vt 0.098039 0.039216
vt 0.117647 0.039216
vt 0.137255 0.039216
vt 0.156863 0.039216
vt 0.176471 0.039216
vt 0.196078 0.039216
vt 0.215686 0.039216
vt 0.235294 0.039216
vt 0.254902 0.039216
vt 0.274510 0.039216
vt 0.294118 0.039216
vt 0.313726 0.039216
vt 0.333333 0.039216
vt 0.352941 0.039216
vt 0.372549 0.039216
vt 0.392157 0.039216
vt 0.411765 0.039216
vt 0.431373 0.039216
vt 0.450980 0.039216
vt 0.470588 0.039216
vt 0.490196 0.039216
vt 0.509804 0.039216
vt 0.529412 0.039216
vt 0.549020 0.039216
vt 0.568627 0.039216
vt 0.588235 0.039216
vt 0.607843 0.039216
vt 0.627451 0.039216
vt 0.647059 0.039216
vt 0.666667 0.039216
vt 0.686275 0.039216
vt 0.705882 0.039216
vt 0.725490 0.039216
vt 0.745098 0.039216
vt 0.764706 0.039216
vt 0.784314 0.039216
vt 0.803922 0.039216
vt 0.823529 0.039216
vt 0.843137 0.039216
vt 0.862745 0.039216
vt 0.882353 0.039216
vt 0.901961 0.039216
vt 0.921569 0.039216
vt 0.941176 0.039216
vt 0.960784 0.039216
vt 0.000000 0.019608
vt 0.019608 0.019608
vt 0.039216 0.019608
vt 0.058824 0.019608
vt 0.078431 0.019608
vt 0.098039 0.019608
vt 0.117647 0.019608
vt 0.137255 0.019608
vt 0.156863 0.019608
vt 0.176471 0.019608
vt 0.196078 0.019608
vt 0.215686 0.019608
vt 0.235294 0.019608
vt 0.254902 0.019608
vt 0.274510 0.019608
vt 0.294118 0.019608
vt 0.313726 0.019608
vt 0.333333 0.019608
vt 0.352941 0.019608
vt 0.372549 0.019608
vt 0.392157 0.019608
vt 0.411765 0.019608
vt 0.431373 0.019608
vt 0.450980 0.019608
vt 0.470588 0.019608
vt 0.490196 0.019608
vt 0.509804 0.019608
vt 0.529412 0.019608
vt 0.549020 0.019608
vt 0.568627 0.019608
vt 0.588235 0.019608
vt 0.607843 0.019608
vt 0.627451 0.019608
vt 0.647059 0.019608
vt 0.666667 0.019608
vt 0.686275 0.019608
vt 0.705882 0.019608
vt 0.725490 0.019608
vt 0.745098 0.019608
vt 0.764706 0.019608
vt 0.784314 0.019608
vt 0.803922 0.019608
vt 0.823529 0.019608
vt 0.843137 0.019608
vt 0.862745 0.019608
vt 0.882353 0.019608
vt 0.901961 0.019608
vt 0.921569 0.019608
vt 0.941176 0.019608
vt 0.960784 0.019608
vt 0.000000 0.000000
vt 0.019608 0.000000
vt 0.039216 0.000000
vt 0.058824 0.000000
vt 0.078431 0.000000
vt 0.098039 0.000000
vt 0.117647 0.000000
vt 0.137255 0.000000
vt 0.156863 0.000000
vt 0.176471 0.000000
vt 0.196078 0.000000
vt 0.215686 0.000000
vt 0.235294 0.000000
vt 0.254902 0.000000
vt 0.274510 0.000000
vt 0.294118 0.000000
vt 0.313726 0.000000
vt 0.333333 0.000000
vt 0.352941 0.000000
vt 0.372549 0.000000
vt 0.392157 0.000000
vt 0.411765 0.000000
vt 0.431373 0.000000
vt 0.450980 0.000000
vt 0.470588 0.000000
vt 0.490196 0.000000
vt 0.509804 0.000000
vt 0.529412 0.000000
vt 0.549020 0.000000
vt 0.568628 0.000000
vt 0.588235 0.000000
vt 0.607843 0.000000
vt 0.627451 0.000000
vt 0.647059 0.000000
vt 0.666667 0.000000
vt 0.686275 0.000000
vt 0.705882 0.000000
vt 0.725490 0.000000
vt 0.745098 0.000000
vt 0.764706 0.000000
vt 0.784314 0.000000
vt 0.803922 0.000000
vt 0.823529 0.000000
vt 0.843137 0.000000
vt 0.862745 0.000000
vt 0.882353 0.000000
vt 0.901961 0.000000
vt 0.921569 0.000000
vt 0.941176 0.000000
vt 0.960784 0.000000
vt 0.019608 1.000000
vt 0.000000 1.000000
vt 0.039216 1.000000
vt 0.058824 1.000000
vt 0.078431 1.000000
vt 0.098039 1.000000
vt 0.117647 1.000000
vt 0.137255 1.000000
vt 0.156863 1.000000
vt 0.176471 1.000000
vt 0.196078 1.000000
vt 0.215686 1.000000
vt 0.235294 1.000000
vt 0.254902 1.000000
vt 0.274510 1.000000
vt 0.294118 1.000000
vt 0.313726 1.000000
vt 0.333333 1.000000
vt 0.352941 1.000000
vt 0.372549 1.000000
vt 0.392157 1.000000
vt 0.411765 1.000000
vt 0.431373 1.000000
vt 0.450980 1.000000
vt 0.470588 1.000000
vt 0.490196 1.000000
vt 0.509804 1.000000
vt 0.529412 1.000000
vt 0.549020 1.000000
vt 0.568627 1.000000
vt 0.588235 1.000000
vt 0.607843 1.000000
vt 0.627451 1.000000
vt 0.647059 1.000000
vt 0.666667 1.000000
vt 0.686275 1.000000
vt 0.705882 1.000000
vt 0.725490 1.000000
vt 0.745098 1.000000
vt 0.764706 1.000000
vt 0.784314 1.000000
vt 0.803922 1.000000
vt 0.823529 1.000000
vt 0.843137 1.000000
vt 0.862745 1.000000
vt 0.882353 1.000000
vt 0.901961 1.000000
vt 0.921569 1.000000
vt 0.941176 1.000000
vt 0.960784 1.000000
s 1
f 2274/1/1 104/2/1 4/3/1 155/4/1
f 154/5/1 2/6/1 55/7/1 205/8/1
f 205/8/1 55/7/1 56/9/1 255/10/135
f 255/10/135 56/9/1 57/11/21 305/12/172
f 305/12/172 57/11/21 58/13/22 355/14/211
f 355/14/211 58/13/22 59/15/23 405/16/253
f 405/16/253 59/15/23 60/17/24 455/18/296
f 455/18/296 60/17/24 61/19/25 505/20/340
f 505/20/340 61/19/25 62/21/26 555/22/385
f 555/22/385 62/21/26 63/23/27 605/24/430
f 605/24/430 63/23/27 64/25/28 655/26/475
f 655/26/475 64/25/28 65/27/29 705/28/521
f 705/28/521 65/27/29 66/29/30 755/30/567
f 755/30/567 66/29/30 67/31/31 805/32/613
f 805/32/613 67/31/31 68/33/32 855/34/659
f 855/34/659 68/33/32 69/35/33 905/36/705
f 905/36/705 69/35/33 70/37/34 955/38/751
f 955/38/751 70/37/34 71/39/35 995/40/789
f 995/40/789 71/39/35 72/41/36 1033/42/826
f 1033/42/826 72/41/36 73/43/37 1068/44/860
f 1068/44/860 73/43/37 74/45/38 1101/46/893
f 1101/46/893 74/45/38 75/47/39 1132/48/923
f 1132/48/923 75/47/39 76/49/40 1163/50/954
f 1163/50/954 76/49/40 77/51/41 1192/52/983
f 1192/52/983 77/51/41 78/53/42 1221/54/1012
f 1221/54/1012 78/53/42 79/55/43 1250/56/476
f 1250/56/476 79/55/43 80/57/44 1278/58/522
f 1278/58/522 80/57/44 81/59/45 1306/60/568
f 1306/60/568 81/59/45 82/61/46 1335/62/614
f 1335/62/614 82/61/46 83/63/47 1364/64/660
f 1364/64/660 83/63/47 84/65/48 1393/66/706
f 1393/66/706 84/65/48 85/67/49 1422/68/752
f 1422/68/752 85/67/49 86/69/50 1453/70/790
f 1453/70/790 86/69/50 87/71/51 1484/72/827
f 1484/72/827 87/71/51 88/73/52 1517/74/861
f 1517/74/861 88/73/52 89/75/53 1552/76/894
f 1552/76/894 89/75/53 90/77/54 1589/78/1354
f 1589/78/1354 90/77/54 91/79/55 1629/80/1389
f 1629/80/1389 91/79/55 92/81/56 1674/82/1434
f 1674/82/1434 92/81/56 93/83/57 1724/84/1484
f 1724/84/1484 93/83/57 94/85/58 1774/86/1533
f 1774/86/1533 94/85/58 95/87/59 1824/88/1582
f 1824/88/1582 95/87/59 96/89/60 1874/90/1631
f 1874/90/1631 96/89/60 97/91/61 1924/92/1680
f 1924/92/1680 97/91/61 98/93/1 1974/94/1729
f 1974/94/1729 98/93/1 99/95/1 2024/96/1
f 2024/96/1 99/95/1 100/97/1 2074/98/1
f 2074/98/1 100/97/1 101/99/1 2124/100/1
f 2124/100/1 101/99/1 102/101/1 2174/102/1
f 2174/102/1 102/101/1 103/103/1 2224/104/1
f 2224/104/1 103/103/1 104/2/1 2274/1/1
f 6/105/1 2273/106/1 2323/107/1 5/108/1
f 2273/106/1 2272/109/1 2322/110/1 2323/107/1
f 2272/109/1 2271/111/1 2321/112/1 2322/110/1
f 2271/111/1 2270/113/1 2320/114/1 2321/112/1
f 2270/113/1 2269/115/1 2319/116/1 2320/114/1
f 2269/115/1 2268/117/1 2318/118/1 2319/116/1
f 2268/117/1 2267/119/1 2317/120/1 2318/118/1
f 2267/119/1 2266/121/1 2316/122/1 2317/120/1
f 2266/121/1 2265/123/1 2315/124/1 2316/122/1
f 2265/123/1 2264/125/1 2314/126/1 2315/124/1
f 2264/125/1 2263/127/1 2313/128/1 2314/126/1
f 2263/127/1 2262/129/1 2312/130/1 2313/128/1
f 2262/129/1 2261/131/1 2311/132/1 2312/130/1
f 2261/131/1 2260/133/1 2310/134/1 2311/132/1
f 2260/133/1 2259/135/1 2309/136/1 2310/134/1
f 2259/135/1 2258/137/1 2308/138/1 2309/136/1
f 2258/137/1 2257/139/1 2307/140/1 2308/138/1
f 2257/139/1 2256/141/1 2306/142/1 2307/140/1
f 2256/141/1 2255/143/1 2305/144/1 2306/142/1
f 2255/143/1 2254/145/1 2304/146/1 2305/144/1
f 2254/145/1 2253/147/1 2303/148/1 2304/146/1
f 2253/147/1 2252/149/1 2302/150/1 2303/148/1
f 2252/149/1 2251/151/1 2301/152/1 2302/150/1
f 2251/151/1 2250/153/1 2300/154/1 2301/152/1
f 2250/153/1 2249/155/1 2299/156/1 2300/154/1
f 2249/155/1 2248/157/1 2298/158/1 2299/156/1
f 2248/157/1 2247/159/1 2297/160/1 2298/158/1
f 2247/159/1 2246/161/1 2296/162/1 2297/160/1
f 2246/161/1 2245/163/1 2295/164/1 2296/162/1
f 2245/163/1 2244/165/658 2294/166/1 2295/164/1
f 2244/165/658 2243/167/1803 2293/168/1 2294/166/1
f 2243/167/1803 2242/169/1802 2292/170/1825 2293/168/1
f 2242/169/1802 2241/171/1861 2291/172/1824 2292/170/1825
f 2241/171/1861 2240/173/1860 2290/174/1823 2291/172/1824
f 2240/173/1860 2239/175/1859 2289/176/1822 2290/174/1823
f 2239/175/1859 2238/177/1858 2288/178/1821 2289/176/1822
f 2238/177/1858 2237/179/1857 2287/180/1820 2288/178/1821
f 2237/179/1857 2236/181/1856 2286/182/1819 2287/180/1820
f 2236/181/1856 2235/183/1855 2285/184/1818 2286/182/1819
f 2235/183/1855 2234/185/1854 2284/186/1817 2285/184/1818
f 2234/185/1854 2233/187/1853 2283/188/1 2284/186/1817
f 2233/187/1853 2232/189/1792 2282/190/1 2283/188/1
f 2232/189/1792 2231/191/1 2281/192/1 2282/190/1
f 2231/191/1 2230/193/1 2280/194/1 2281/192/1
f 2230/193/1 2229/195/1 2279/196/1 2280/194/1
f 2229/195/1 2228/197/1 2278/198/1 2279/196/1
f 2228/197/1 2227/199/1 2277/200/1 2278/198/1
f 2227/199/1 2226/201/1 2276/202/1 2277/200/1
f 2226/201/1 2225/203/1 2275/204/1 2276/202/1
f 2225/203/1 2224/104/1 2274/1/1 2275/204/1
f 7/205/1 2223/206/1 2273/106/1 6/105/1
f 2223/206/1 2222/207/1 2272/109/1 2273/106/1
f 2222/207/1 2221/208/1 2271/111/1 2272/109/1
f 2221/208/1 2220/209/1 2270/113/1 2271/111/1
f 2220/209/1 2219/210/1 2269/115/1 2270/113/1
f 2219/210/1 2218/211/1 2268/117/1 2269/115/1
f 2218/211/1 2217/212/1 2267/119/1 2268/117/1
f 2217/212/1 2216/213/1 2266/121/1 2267/119/1
f 2216/213/1 2215/214/1 2265/123/1 2266/121/1
f 2215/214/1 2214/215/1 2264/125/1 2265/123/1
f 2214/215/1 2213/216/1 2263/127/1 2264/125/1
f 2213/216/1 2212/217/1 2262/129/1 2263/127/1
f 2212/217/1 2211/218/1 2261/131/1 2262/129/1
f 2211/218/1 2210/219/1 2260/133/1 2261/131/1
f 2210/219/1 2209/220/1 2259/135/1 2260/133/1
f 2209/220/1 2208/221/1 2258/137/1 2259/135/1
f 2208/221/1 2207/222/1 2257/139/1 2258/137/1
f 2207/222/1 2206/223/1 2256/141/1 2257/139/1
f 2206/223/1 2205/224/1 2255/143/1 2256/141/1
f 2205/224/1 2204/225/1 2254/145/1 2255/143/1
f 2204/225/1 2203/226/1 2253/147/1 2254/145/1
f 2203/226/1 2202/227/1 2252/149/1 2253/147/1
f 2202/227/1 2201/228/1 2251/151/1 2252/149/1
f 2201/228/1 2200/229/1 2250/153/1 2251/151/1
f 2200/229/1 2199/230/1 2249/155/1 2250/153/1
f 2199/230/1 2198/231/1 2248/157/1 2249/155/1
f 2198/231/1 2197/232/1 2247/159/1 2248/157/1
f 2197/232/1 2196/233/1 2246/161/1 2247/159/1
f 2196/233/1 2195/234/1 2245/163/1 2246/161/1
f 2195/234/1 2194/235/1773 2244/165/658 2245/163/1
f 2194/235/1773 2193/236/1772 2243/167/1803 2244/165/658
f 2193/236/1772 2192/237/1852 2242/169/1802 2243/167/1803
f 2192/237/1852 2191/238/1851 2241/171/1861 2242/169/1802
f 2191/238/1851 2190/239/1850 2240/173/1860 2241/171/1861
f 2190/239/1850 2189/240/1849 2239/175/1859 2240/173/1860
f 2189/240/1849 2188/241/1848 2238/177/1858 2239/175/1859
f 2188/241/1848 2187/242/1847 2237/179/1857 2238/177/1858
f 2187/242/1847 2186/243/1846 2236/181/1856 2237/179/1857
f 2186/243/1846 2185/244/1845 2235/183/1855 2236/181/1856
f 2185/244/1845 2184/245/1844 2234/185/1854 2235/183/1855
f 2184/245/1844 2183/246/1843 2233/187/1853 2234/185/1854
f 2183/246/1843 2182/247/1842 2232/189/1792 2233/187/1853
f 2182/247/1842 2181/248/1 2231/191/1 2232/189/1792
f 2181/248/1 2180/249/1 2230/193/1 2231/191/1
f 2180/249/1 2179/250/1 2229/195/1 2230/193/1
f 2179/250/1 2178/251/1 2228/197/1 2229/195/1
f 2178/251/1 2177/252/1 2227/199/1 2228/197/1
f 2177/252/1 2176/253/1 2226/201/1 2227/199/1
f 2176/253/1 2175/254/1 2225/203/1 2226/201/1
f 2175/254/1 2174/102/1 2224/104/1 2225/203/1
f 8/255/1 2173/256/1 2223/206/1 7/205/1
f 2173/256/1 2172/257/1 2222/207/1 2223/206/1
f 2172/257/1 2171/258/1 2221/208/1 2222/207/1
f 2171/258/1 2170/259/1 2220/209/1 2221/208/1
f 2170/259/1 2169/260/1 2219/210/1 2220/209/1
f 2169/260/1 2168/261/1 2218/211/1 2219/210/1
f 2168/261/1 2167/262/658 2217/212/1 2218/211/1
f 2167/262/658 2166/263/1841 2216/213/1 2217/212/1
f 2166/263/1841 2165/264/1840 2215/214/1 2216/213/1
f 2165/264/1840 2164/265/1839 2214/215/1 2215/214/1
f 2164/265/1839 2163/266/1792 2213/216/1 2214/215/1
f 2163/266/1792 2162/267/1 2212/217/1 2213/216/1
f 2162/267/1 2161/268/1 2211/218/1 2212/217/1
f 2161/268/1 2160/269/1 2210/219/1 2211/218/1
f 2160/269/1 2159/270/1 2209/220/1 2210/219/1
f 2159/270/1 2158/271/1 2208/221/1 2209/220/1
f 2158/271/1 2157/272/1 2207/222/1 2208/221/1
f 2157/272/1 2156/273/1 2206/223/1 2207/222/1
f 2156/273/1 2155/274/1 2205/224/1 2206/223/1
f 2155/274/1 2154/275/1 2204/225/1 2205/224/1
f 2154/275/1 2153/276/1 2203/226/1 2204/225/1
f 2153/276/1 2152/277/1 2202/227/1 2203/226/1
f 2152/277/1 2151/278/1 2201/228/1 2202/227/1
f 2151/278/1 2150/279/1 2200/229/1 2201/228/1
f 2150/279/1 2149/280/1 2199/230/1 2200/229/1
f 2149/280/1 2148/281/1 2198/231/1 2199/230/1
f 2148/281/1 2147/282/1 2197/232/1 2198/231/1
f 2147/282/1 2146/283/1 2196/233/1 2197/232/1
f 2146/283/1 2145/284/1728 2195/234/1 2196/233/1
f 2145/284/1728 2144/285/1727 2194/235/1773 2195/234/1
f 2144/285/1727 2143/286/1838 2193/236/1772 2194/235/1773
f 2143/286/1838 2142/287/1837 2192/237/1852 2193/236/1772
f 2142/287/1837 2141/288/1836 2191/238/1851 2192/237/1852
f 2141/288/1836 2140/289/1835 2190/239/1850 2191/238/1851
f 2140/289/1835 2139/290/1834 2189/240/1849 2190/239/1850
f 2139/290/1834 2138/291/1833 2188/241/1848 2189/240/1849
f 2138/291/1833 2137/292/1832 2187/242/1847 2188/241/1848
f 2137/292/1832 2136/293/1831 2186/243/1846 2187/242/1847
f 2136/293/1831 2135/294/1830 2185/244/1845 2186/243/1846
f 2135/294/1830 2134/295/1829 2184/245/1844 2185/244/1845
f 2134/295/1829 2133/296/1828 2183/246/1843 2184/245/1844
f 2133/296/1828 2132/297/1827 2182/247/1842 2183/246/1843
f 2132/297/1827 2131/298/1826 2181/248/1 2182/247/1842
f 2131/298/1826 2130/299/1 2180/249/1 2181/248/1
f 2130/299/1 2129/300/1 2179/250/1 2180/249/1
f 2129/300/1 2128/301/1 2178/251/1 2179/250/1
f 2128/301/1 2127/302/1 2177/252/1 2178/251/1
f 2127/302/1 2126/303/1 2176/253/1 2177/252/1
f 2126/303/1 2125/304/1 2175/254/1 2176/253/1
f 2125/304/1 2124/100/1 2174/102/1 2175/254/1
f 9/305/1 2123/306/1 2173/256/1 8/255/1
f 2123/306/1 2122/307/1 2172/257/1 2173/256/1
f 2122/307/1 2121/308/1 2171/258/1 2172/257/1
f 2121/308/1 2120/309/1 2170/259/1 2171/258/1
f 2120/309/1 2119/310/1825 2169/260/1 2170/259/1
f 2119/310/1825 2118/311/1824 2168/261/1 2169/260/1
f 2118/311/1824 2117/312/1823 2167/262/658 2168/261/1
f 2117/312/1823 2116/313/1822 2166/263/1841 2167/262/658
f 2116/313/1822 2115/314/1821 2165/264/1840 2166/263/1841
f 2115/314/1821 2114/315/1820 2164/265/1839 2165/264/1840
f 2114/315/1820 2113/316/1819 2163/266/1792 2164/265/1839
f 2113/316/1819 2112/317/1818 2162/267/1 2163/266/1792
f 2112/317/1818 2111/318/1817 2161/268/1 2162/267/1
f 2111/318/1817 2110/319/1 2160/269/1 2161/268/1
f 2110/319/1 2109/320/1 2159/270/1 2160/269/1
f 2109/320/1 2108/321/1 2158/271/1 2159/270/1
f 2108/321/1 2107/322/1 2157/272/1 2158/271/1
f 2107/322/1 2106/323/1 2156/273/1 2157/272/1
f 2106/323/1 2105/324/1 2155/274/1 2156/273/1
f 2105/324/1 2104/325/1 2154/275/1 2155/274/1
f 2104/325/1 2103/326/1 2153/276/1 2154/275/1
f 2103/326/1 2102/327/1 2152/277/1 2153/276/1
f 2102/327/1 2101/328/1 2151/278/1 2152/277/1
f 2101/328/1 2100/329/1 2150/279/1 2151/278/1
f 2100/329/1 2099/330/1 2149/280/1 2150/279/1
f 2099/330/1 2098/331/1 2148/281/1 2149/280/1
f 2098/331/1 2097/332/1 2147/282/1 2148/281/1
f 2097/332/1 2096/333/1 2146/283/1 2147/282/1
f 2096/333/1 2095/334/1679 2145/284/1728 2146/283/1
f 2095/334/1679 2094/335/1678 2144/285/1727 2145/284/1728
f 2094/335/1678 2093/336/1816 2143/286/1838 2144/285/1727
f 2093/336/1816 2092/337/1815 2142/287/1837 2143/286/1838
f 2092/337/1815 2091/338/1814 2141/288/1836 2142/287/1837
f 2091/338/1814 2090/339/1813 2140/289/1835 2141/288/1836
f 2090/339/1813 2089/340/1812 2139/290/1834 2140/289/1835
f 2089/340/1812 2088/341/1811 2138/291/1833 2139/290/1834
f 2088/341/1811 2087/342/1810 2137/292/1832 2138/291/1833
f 2087/342/1810 2086/343/1809 2136/293/1831 2137/292/1832
f 2086/343/1809 2085/344/1808 2135/294/1830 2136/293/1831
f 2085/344/1808 2084/345/1807 2134/295/1829 2135/294/1830
f 2084/345/1807 2083/346/1806 2133/296/1828 2134/295/1829
f 2083/346/1806 2082/347/1805 2132/297/1827 2133/296/1828
f 2082/347/1805 2081/348/1804 2131/298/1826 2132/297/1827
f 2081/348/1804 2080/349/1759 2130/299/1 2131/298/1826
f 2080/349/1759 2079/350/1729 2129/300/1 2130/299/1
f 2079/350/1729 2078/351/1 2128/301/1 2129/300/1
f 2078/351/1 2077/352/1 2127/302/1 2128/301/1
f 2077/352/1 2076/353/1 2126/303/1 2127/302/1
f 2076/353/1 2075/354/1 2125/304/1 2126/303/1
f 2075/354/1 2074/98/1 2124/100/1 2125/304/1
f 10/355/1 2073/356/1 2123/306/1 9/305/1
f 2073/356/1 2072/357/1 2122/307/1 2123/306/1
f 2072/357/1 2071/358/658 2121/308/1 2122/307/1
f 2071/358/658 2070/359/1803 2120/309/1 2121/308/1
f 2070/359/1803 2069/360/1802 2119/310/1825 2120/309/1
f 2069/360/1802 2068/361/1801 2118/311/1824 2119/310/1825
f 2068/361/1801 2067/362/1800 2117/312/1823 2118/311/1824
f 2067/362/1800 2066/363/1799 2116/313/1822 2117/312/1823
f 2066/363/1799 2065/364/1798 2115/314/1821 2116/313/1822
f 2065/364/1798 2064/365/1797 2114/315/1820 2115/314/1821
f 2064/365/1797 2063/366/1796 2113/316/1819 2114/315/1820
f 2063/366/1796 2062/367/1795 2112/317/1818 2113/316/1819
f 2062/367/1795 2061/368/1794 2111/318/1817 2112/317/1818
f 2061/368/1794 2060/369/1793 2110/319/1 2111/318/1817
f 2060/369/1793 2059/370/1792 2109/320/1 2110/319/1
f 2059/370/1792 2058/371/1 2108/321/1 2109/320/1
f 2058/371/1 2057/372/1 2107/322/1 2108/321/1
f 2057/372/1 2056/373/1 2106/323/1 2107/322/1
f 2056/373/1 2055/374/1 2105/324/1 2106/323/1
f 2055/374/1 2054/375/1 2104/325/1 2105/324/1
f 2054/375/1 2053/376/1 2103/326/1 2104/325/1
f 2053/376/1 2052/377/1 2102/327/1 2103/326/1
f 2052/377/1 2051/378/1 2101/328/1 2102/327/1
f 2051/378/1 2050/379/1 2100/329/1 2101/328/1
f 2050/379/1 2049/380/1 2099/330/1 2100/329/1
f 2049/380/1 2048/381/1 2098/331/1 2099/330/1
f 2048/381/1 2047/382/1 2097/332/1 2098/331/1
f 2047/382/1 2046/383/658 2096/333/1 2097/332/1
f 2046/383/658 2045/384/1630 2095/334/1679 2096/333/1
f 2045/384/1630 2044/385/1629 2094/335/1678 2095/334/1679
f 2044/385/1629 2043/386/1791 2093/336/1816 2094/335/1678
f 2043/386/1791 2042/387/1790 2092/337/1815 2093/336/1816
f 2042/387/1790 2041/388/1789 2091/338/1814 2092/337/1815
f 2041/388/1789 2040/389/1788 2090/339/1813 2091/338/1814
f 2040/389/1788 2039/390/1787 2089/340/1812 2090/339/1813
f 2039/390/1787 2038/391/1786 2088/341/1811 2089/340/1812
f 2038/391/1786 2037/392/1785 2087/342/1810 2088/341/1811
f 2037/392/1785 2036/393/1784 2086/343/1809 2087/342/1810
f 2036/393/1784 2035/394/1783 2085/344/1808 2086/343/1809
f 2035/394/1783 2034/395/1782 2084/345/1807 2085/344/1808
f 2034/395/1782 2033/396/1781 2083/346/1806 2084/345/1807
f 2033/396/1781 2032/397/1780 2082/347/1805 2083/346/1806
f 2032/397/1780 2031/398/1779 2081/348/1804 2082/347/1805
f 2031/398/1779 2030/399/1778 2080/349/1759 2081/348/1804
f 2030/399/1778 2029/400/1777 2079/350/1729 2080/349/1759
f 2029/400/1777 2028/401/1776 2078/351/1 2079/350/1729
f 2028/401/1776 2027/402/1775 2077/352/1 2078/351/1
f 2027/402/1775 2026/403/1774 2076/353/1 2077/352/1
f 2026/403/1774 2025/404/1 2075/354/1 2076/353/1
f 2025/404/1 2024/96/1 2074/98/1 2075/354/1
f 11/405/1 2023/406/1 2073/356/1 10/355/1
f 2023/406/1 2022/407/1 2072/357/1 2073/356/1
f 2022/407/1 2021/408/1773 2071/358/658 2072/357/1
f 2021/408/1773 2020/409/1772 2070/359/1803 2071/358/658
f 2020/409/1772 2019/410/1771 2069/360/1802 2070/359/1803
f 2019/410/1771 2018/411/1770 2068/361/1801 2069/360/1802
f 2018/411/1770 2017/412/1769 2067/362/1800 2068/361/1801
f 2017/412/1769 2016/413/1768 2066/363/1799 2067/362/1800
f 2016/413/1768 2015/414/1767 2065/364/1798 2066/363/1799
f 2015/414/1767 2014/415/1766 2064/365/1797 2065/364/1798
f 2014/415/1766 2013/416/1765 2063/366/1796 2064/365/1797
f 2013/416/1765 2012/417/1764 2062/367/1795 2063/366/1796
f 2012/417/1764 2011/418/1763 2061/368/1794 2062/367/1795
f 2011/418/1763 2010/419/1762 2060/369/1793 2061/368/1794
f 2010/419/1762 2009/420/1761 2059/370/1792 2060/369/1793
f 2009/420/1761 2008/421/1760 2058/371/1 2059/370/1792
f 2008/421/1760 2007/422/1759 2057/372/1 2058/371/1
f 2007/422/1759 2006/423/1729 2056/373/1 2057/372/1
f 2006/423/1729 2005/424/1 2055/374/1 2056/373/1
f 2005/424/1 2004/425/1 2054/375/1 2055/374/1
f 2004/425/1 2003/426/1758 2053/376/1 2054/375/1
f 2003/426/1758 2002/427/1757 2052/377/1 2053/376/1
f 2002/427/1757 2001/428/1756 2051/378/1 2052/377/1
f 2001/428/1756 2000/429/1755 2050/379/1 2051/378/1
f 2000/429/1755 1999/430/1754 2049/380/1 2050/379/1
f 1999/430/1754 1998/431/1753 2048/381/1 2049/380/1
f 1998/431/1753 1997/432/1752 2047/382/1 2048/381/1
f 1997/432/1752 1996/433/1751 2046/383/658 2047/382/1
f 1996/433/1751 1995/434/1750 2045/384/1630 2046/383/658
f 1995/434/1750 1994/435/1749 2044/385/1629 2045/384/1630
f 1994/435/1749 1993/436/1748 2043/386/1791 2044/385/1629
f 1993/436/1748 1992/437/1747 2042/387/1790 2043/386/1791
f 1992/437/1747 1991/438/1746 2041/388/1789 2042/387/1790
f 1991/438/1746 1990/439/1745 2040/389/1788 2041/388/1789
f 1990/439/1745 1989/440/1744 2039/390/1787 2040/389/1788
f 1989/440/1744 1988/441/1743 2038/391/1786 2039/390/1787
f 1988/441/1743 1987/442/1742 2037/392/1785 2038/391/1786
f 1987/442/1742 1986/443/1741 2036/393/1784 2037/392/1785
f 1986/443/1741 1985/444/1740 2035/394/1783 2036/393/1784
f 1985/444/1740 1984/445/1739 2034/395/1782 2035/394/1783
f 1984/445/1739 1983/446/1738 2033/396/1781 2034/395/1782
f 1983/446/1738 1982/447/1737 2032/397/1780 2033/396/1781
f 1982/447/1737 1981/448/1736 2031/398/1779 2032/397/1780
f 1981/448/1736 1980/449/1735 2030/399/1778 2031/398/1779
f 1980/449/1735 1979/450/1734 2029/400/1777 2030/399/1778
f 1979/450/1734 1978/451/1733 2028/401/1776 2029/400/1777
f 1978/451/1733 1977/452/1732 2027/402/1775 2028/401/1776
f 1977/452/1732 1976/453/1731 2026/403/1774 2027/402/1775
f 1976/453/1731 1975/454/1730 2025/404/1 2026/403/1774
f 1975/454/1730 1974/94/1729 2024/96/1 2025/404/1
f 12/455/1 1973/456/1 2023/406/1 11/405/1
f 1973/456/1 1972/457/1728 2022/407/1 2023/406/1
f 1972/457/1728 1971/458/1727 2021/408/1773 2022/407/1
f 1971/458/1727 1970/459/1726 2020/409/1772 2021/408/1773
f 1970/459/1726 1969/460/1725 2019/410/1771 2020/409/1772
f 1969/460/1725 1968/461/1724 2018/411/1770 2019/410/1771
f 1968/461/1724 1967/462/1723 2017/412/1769 2018/411/1770
f 1967/462/1723 1966/463/1722 2016/413/1768 2017/412/1769
f 1966/463/1722 1965/464/1721 2015/414/1767 2016/413/1768
f 1965/464/1721 1964/465/1720 2014/415/1766 2015/414/1767
f 1964/465/1720 1963/466/1719 2013/416/1765 2014/415/1766
f 1963/466/1719 1962/467/1718 2012/417/1764 2013/416/1765
f 1962/467/1718 1961/468/1717 2011/418/1763 2012/417/1764
f 1961/468/1717 1960/469/1716 2010/419/1762 2011/418/1763
f 1960/469/1716 1959/470/1715 2009/420/1761 2010/419/1762
f 1959/470/1715 1958/471/1714 2008/421/1760 2009/420/1761
f 1958/471/1714 1957/472/1713 2007/422/1759 2008/421/1760
f 1957/472/1713 1956/473/1712 2006/423/1729 2007/422/1759
f 1956/473/1712 1955/474/1711 2005/424/1 2006/423/1729
f 1955/474/1711 1954/475/1710 2004/425/1 2005/424/1
f 1954/475/1710 1953/476/1709 2003/426/1758 2004/425/1
f 1953/476/1709 1952/477/1708 2002/427/1757 2003/426/1758
f 1952/477/1708 1951/478/1707 2001/428/1756 2002/427/1757
f 1951/478/1707 1950/479/1706 2000/429/1755 2001/428/1756
f 1950/479/1706 1949/480/1705 1999/430/1754 2000/429/1755
f 1949/480/1705 1948/481/1704 1998/431/1753 1999/430/1754
f 1948/481/1704 1947/482/1703 1997/432/1752 1998/431/1753
f 1947/482/1703 1946/483/1702 1996/433/1751 1997/432/1752
f 1946/483/1702 1945/484/1701 1995/434/1750 1996/433/1751
f 1945/484/1701 1944/485/1700 1994/435/1749 1995/434/1750
f 1944/485/1700 1943/486/1699 1993/436/1748 1994/435/1749
f 1943/486/1699 1942/487/1698 1992/437/1747 1993/436/1748
f 1942/487/1698 1941/488/1697 1991/438/1746 1992/437/1747
f 1941/488/1697 1940/489/1696 1990/439/1745 1991/438/1746
f 1940/489/1696 1939/490/1695 1989/440/1744 1990/439/1745
f 1939/490/1695 1938/491/1694 1988/441/1743 1989/440/1744
f 1938/491/1694 1937/492/1693 1987/442/1742 1988/441/1743
f 1937/492/1693 1936/493/1692 1986/443/1741 1987/442/1742
f 1936/493/1692 1935/494/1691 1985/444/1740 1986/443/1741
f 1935/494/1691 1934/495/1690 1984/445/1739 1985/444/1740
f 1934/495/1690 1933/496/1689 1983/446/1738 1984/445/1739
f 1933/496/1689 1932/497/1688 1982/447/1737 1983/446/1738
f 1932/497/1688 1931/498/1687 1981/448/1736 1982/447/1737
f 1931/498/1687 1930/499/1686 1980/449/1735 1981/448/1736
f 1930/499/1686 1929/500/1685 1979/450/1734 1980/449/1735
f 1929/500/1685 1928/501/1684 1978/451/1733 1979/450/1734
f 1928/501/1684 1927/502/1683 1977/452/1732 1978/451/1733
f 1927/502/1683 1926/503/1682 1976/453/1731 1977/452/1732
f 1926/503/1682 1925/504/1681 1975/454/1730 1976/453/1731
f 1925/504/1681 1924/92/1680 1974/94/1729 1975/454/1730
f 13/505/1 1923/506/1 1973/456/1 12/455/1
f 1923/506/1 1922/507/1679 1972/457/1728 1973/456/1
f 1922/507/1679 1921/508/1678 1971/458/1727 1972/457/1728
f 1921/508/1678 1920/509/1677 1970/459/1726 1971/458/1727
f 1920/509/1677 1919/510/1676 1969/460/1725 1970/459/1726
f 1919/510/1676 1918/511/1675 1968/461/1724 1969/460/1725
f 1918/511/1675 1917/512/1674 1967/462/1723 1968/461/1724
f 1917/512/1674 1916/513/1673 1966/463/1722 1967/462/1723
f 1916/513/1673 1915/514/1672 1965/464/1721 1966/463/1722
f 1915/514/1672 1914/515/1671 1964/465/1720 1965/464/1721
f 1914/515/1671 1913/516/1670 1963/466/1719 1964/465/1720
f 1913/516/1670 1912/517/1669 1962/467/1718 1963/466/1719
f 1912/517/1669 1911/518/1668 1961/468/1717 1962/467/1718
f 1911/518/1668 1910/519/1667 1960/469/1716 1961/468/1717
f 1910/519/1667 1909/520/1666 1959/470/1715 1960/469/1716
f 1909/520/1666 1908/521/1665 1958/471/1714 1959/470/1715
f 1908/521/1665 1907/522/1664 1957/472/1713 1958/471/1714
f 1907/522/1664 1906/523/1663 1956/473/1712 1957/472/1713
f 1906/523/1663 1905/524/1662 1955/474/1711 1956/473/1712
f 1905/524/1662 1904/525/1661 1954/475/1710 1955/474/1711
f 1904/525/1661 1903/526/1660 1953/476/1709 1954/475/1710
f 1903/526/1660 1902/527/1659 1952/477/1708 1953/476/1709
f 1902/527/1659 1901/528/1658 1951/478/1707 1952/477/1708
f 1901/528/1658 1900/529/1657 1950/479/1706 1951/478/1707
f 1900/529/1657 1899/530/1656 1949/480/1705 1950/479/1706
f 1899/530/1656 1898/531/1655 1948/481/1704 1949/480/1705
f 1898/531/1655 1897/532/1654 1947/482/1703 1948/481/1704
f 1897/532/1654 1896/533/1653 1946/483/1702 1947/482/1703
f 1896/533/1653 1895/534/1652 1945/484/1701 1946/483/1702
f 1895/534/1652 1894/535/1651 1944/485/1700 1945/484/1701
f 1894/535/1651 1893/536/1650 1943/486/1699 1944/485/1700
f 1893/536/1650 1892/537/1649 1942/487/1698 1943/486/1699
f 1892/537/1649 1891/538/1648 1941/488/1697 1942/487/1698
f 1891/538/1648 1890/539/1647 1940/489/1696 1941/488/1697
f 1890/539/1647 1889/540/1646 1939/490/1695 1940/489/1696
f 1889/540/1646 1888/541/1645 1938/491/1694 1939/490/1695
f 1888/541/1645 1887/542/1644 1937/492/1693 1938/491/1694
f 1887/542/1644 1886/543/1643 1936/493/1692 1937/492/1693
f 1886/543/1643 1885/544/1642 1935/494/1691 1936/493/1692
f 1885/544/1642 1884/545/1641 1934/495/1690 1935/494/1691
f 1884/545/1641 1883/546/1640 1933/496/1689 1934/495/1690
f 1883/546/1640 1882/547/1639 1932/497/1688 1933/496/1689
f 1882/547/1639 1881/548/1638 1931/498/1687 1932/497/1688
f 1881/548/1638 1880/549/1637 1930/499/1686 1931/498/1687
f 1880/549/1637 1879/550/1636 1929/500/1685 1930/499/1686
f 1879/550/1636 1878/551/1635 1928/501/1684 1929/500/1685
f 1878/551/1635 1877/552/1634 1927/502/1683 1928/501/1684
f 1877/552/1634 1876/553/1633 1926/503/1682 1927/502/1683
f 1876/553/1633 1875/554/1632 1925/504/1681 1926/503/1682
f 1875/554/1632 1874/90/1631 1924/92/1680 1925/504/1681
f 14/555/1 1873/556/658 1923/506/1 13/505/1
f 1873/556/658 1872/557/1630 1922/507/1679 1923/506/1
f 1872/557/1630 1871/558/1629 1921/508/1678 1922/507/1679
f 1871/558/1629 1870/559/1628 1920/509/1677 1921/508/1678
f 1870/559/1628 1869/560/1627 1919/510/1676 1920/509/1677
f 1869/560/1627 1868/561/1626 1918/511/1675 1919/510/1676
f 1868/561/1626 1867/562/1625 1917/512/1674 1918/511/1675
f 1867/562/1625 1866/563/1624 1916/513/1673 1917/512/1674
f 1866/563/1624 1865/564/1623 1915/514/1672 1916/513/1673
f 1865/564/1623 1864/565/1622 1914/515/1671 1915/514/1672
f 1864/565/1622 1863/566/1621 1913/516/1670 1914/515/1671
f 1863/566/1621 1862/567/1620 1912/517/1669 1913/516/1670
f 1862/567/1620 1861/568/1619 1911/518/1668 1912/517/1669
f 1861/568/1619 1860/569/1618 1910/519/1667 1911/518/1668
f 1860/569/1618 1859/570/1617 1909/520/1666 1910/519/1667
f 1859/570/1617 1858/571/1616 1908/521/1665 1909/520/1666
f 1858/571/1616 1857/572/1615 1907/522/1664 1908/521/1665
f 1857/572/1615 1856/573/1614 1906/523/1663 1907/522/1664
f 1856/573/1614 1855/574/1613 1905/524/1662 1906/523/1663
f 1855/574/1613 1854/575/1612 1904/525/1661 1905/524/1662
f 1854/575/1612 1853/576/1611 1903/526/1660 1904/525/1661
f 1853/576/1611 1852/577/1610 1902/527/1659 1903/526/1660
f 1852/577/1610 1851/578/1609 1901/528/1658 1902/527/1659
f 1851/578/1609 1850/579/1608 1900/529/1657 1901/528/1658
f 1850/579/1608 1849/580/1607 1899/530/1656 1900/529/1657
f 1849/580/1607 1848/581/1606 1898/531/1655 1899/530/1656
f 1848/581/1606 1847/582/1605 1897/532/1654 1898/531/1655
f 1847/582/1605 1846/583/1604 1896/533/1653 1897/532/1654
f 1846/583/1604 1845/584/1603 1895/534/1652 1896/533/1653
f 1845/584/1603 1844/585/1602 1894/535/1651 1895/534/1652
f 1844/585/1602 1843/586/1601 1893/536/1650 1894/535/1651
f 1843/586/1601 1842/587/1600 1892/537/1649 1893/536/1650
f 1842/587/1600 1841/588/1599 1891/538/1648 1892/537/1649
f 1841/588/1599 1840/589/1598 1890/539/1647 1891/538/1648
f 1840/589/1598 1839/590/1597 1889/540/1646 1890/539/1647
f 1839/590/1597 1838/591/1596 1888/541/1645 1889/540/1646
f 1838/591/1596 1837/592/1595 1887/542/1644 1888/541/1645
f 1837/592/1595 1836/593/1594 1886/543/1643 1887/542/1644
f 1836/593/1594 1835/594/1593 1885/544/1642 1886/543/1643
f 1835/594/1593 1834/595/1592 1884/545/1641 1885/544/1642
f 1834/595/1592 1833/596/1591 1883/546/1640 1884/545/1641
f 1833/596/1591 1832/597/1590 1882/547/1639 1883/546/1640
f 1832/597/1590 1831/598/1589 1881/548/1638 1882/547/1639
f 1831/598/1589 1830/599/1588 1880/549/1637 1881/548/1638
f 1830/599/1588 1829/600/1587 1879/550/1636 1880/549/1637
f 1829/600/1587 1828/601/1586 1878/551/1635 1879/550/1636
f 1828/601/1586 1827/602/1585 1877/552/1634 1878/551/1635
f 1827/602/1585 1826/603/1584 1876/553/1633 1877/552/1634
f 1826/603/1584 1825/604/1583 1875/554/1632 1876/553/1633
f 1825/604/1583 1824/88/1582 1874/90/1631 1875/554/1632
f 15/605/1 1823/606/612 1873/556/658 14/555/1
f 1823/606/612 1822/607/1581 1872/557/1630 1873/556/658
f 1822/607/1581 1821/608/1580 1871/558/1629 1872/557/1630
f 1821/608/1580 1820/609/1579 1870/559/1628 1871/558/1629
f 1820/609/1579 1819/610/1578 1869/560/1627 1870/559/1628
f 1819/610/1578 1818/611/1577 1868/561/1626 1869/560/1627
f 1818/611/1577 1817/612/1576 1867/562/1625 1868/561/1626
f 1817/612/1576 1816/613/1575 1866/563/1624 1867/562/1625
f 1816/613/1575 1815/614/1574 1865/564/1623 1866/563/1624
f 1815/614/1574 1814/615/1573 1864/565/1622 1865/564/1623
f 1814/615/1573 1813/616/1572 1863/566/1621 1864/565/1622
f 1813/616/1572 1812/617/1571 1862/567/1620 1863/566/1621
f 1812/617/1571 1811/618/1570 1861/568/1619 1862/567/1620
f 1811/618/1570 1810/619/1569 1860/569/1618 1861/568/1619
f 1810/619/1569 1809/620/1568 1859/570/1617 1860/569/1618
f 1809/620/1568 1808/621/1567 1858/571/1616 1859/570/1617
f 1808/621/1567 1807/622/1566 1857/572/1615 1858/571/1616
f 1807/622/1566 1806/623/1565 1856/573/1614 1857/572/1615
f 1806/623/1565 1805/624/1564 1855/574/1613 1856/573/1614
f 1805/624/1564 1804/625/1563 1854/575/1612 1855/574/1613
f 1804/625/1563 1803/626/1562 1853/576/1611 1854/575/1612
f 1803/626/1562 1802/627/1561 1852/577/1610 1853/576/1611
f 1802/627/1561 1801/628/1560 1851/578/1609 1852/577/1610
f 1801/628/1560 1800/629/1559 1850/579/1608 1851/578/1609
f 1800/629/1559 1799/630/1558 1849/580/1607 1850/579/1608
f 1799/630/1558 1798/631/1557 1848/581/1606 1849/580/1607
f 1798/631/1557 1797/632/1556 1847/582/1605 1848/581/1606
f 1797/632/1556 1796/633/1555 1846/583/1604 1847/582/1605
f 1796/633/1555 1795/634/1554 1845/584/1603 1846/583/1604
f 1795/634/1554 1794/635/1553 1844/585/1602 1845/584/1603
f 1794/635/1553 1793/636/1552 1843/586/1601 1844/585/1602
f 1793/636/1552 1792/637/1551 1842/587/1600 1843/586/1601
f 1792/637/1551 1791/638/1550 1841/588/1599 1842/587/1600
f 1791/638/1550 1790/639/1549 1840/589/1598 1841/588/1599
f 1790/639/1549 1789/640/1548 1839/590/1597 1840/589/1598
f 1789/640/1548 1788/641/1547 1838/591/1596 1839/590/1597
f 1788/641/1547 1787/642/1546 1837/592/1595 1838/591/1596
f 1787/642/1546 1786/643/1545 1836/593/1594 1837/592/1595
f 1786/643/1545 1785/644/1544 1835/594/1593 1836/593/1594
f 1785/644/1544 1784/645/1543 1834/595/1592 1835/594/1593
f 1784/645/1543 1783/646/1542 1833/596/1591 1834/595/1592
f 1783/646/1542 1782/647/1541 1832/597/1590 1833/596/1591
f 1782/647/1541 1781/648/1540 1831/598/1589 1832/597/1590
f 1781/648/1540 1780/649/1539 1830/599/1588 1831/598/1589
f 1780/649/1539 1779/650/1538 1829/600/1587 1830/599/1588
f 1779/650/1538 1778/651/1537 1828/601/1586 1829/600/1587
f 1778/651/1537 1777/652/1536 1827/602/1585 1828/601/1586
f 1777/652/1536 1776/653/1535 1826/603/1584 1827/602/1585
f 1776/653/1535 1775/654/1534 1825/604/1583 1826/603/1584
f 1775/654/1534 1774/86/1533 1824/88/1582 1825/604/1583
f 16/655/1 1773/656/566 1823/606/612 15/605/1
f 1773/656/566 1772/657/1532 1822/607/1581 1823/606/612
f 1772/657/1532 1771/658/1531 1821/608/1580 1822/607/1581
f 1771/658/1531 1770/659/1530 1820/609/1579 1821/608/1580
f 1770/659/1530 1769/660/1529 1819/610/1578 1820/609/1579
f 1769/660/1529 1768/661/1528 1818/611/1577 1819/610/1578
f 1768/661/1528 1767/662/1527 1817/612/1576 1818/611/1577
f 1767/662/1527 1766/663/1526 1816/613/1575 1817/612/1576
f 1766/663/1526 1765/664/1525 1815/614/1574 1816/613/1575
f 1765/664/1525 1764/665/1524 1814/615/1573 1815/614/1574
f 1764/665/1524 1763/666/1523 1813/616/1572 1814/615/1573
f 1763/666/1523 1762/667/1522 1812/617/1571 1813/616/1572
f 1762/667/1522 1761/668/1521 1811/618/1570 1812/617/1571
f 1761/668/1521 1760/669/1520 1810/619/1569 1811/618/1570
f 1760/669/1520 1759/670/1519 1809/620/1568 1810/619/1569
f 1759/670/1519 1758/671/1518 1808/621/1567 1809/620/1568
f 1758/671/1518 1757/672/1517 1807/622/1566 1808/621/1567
f 1757/672/1517 1756/673/1516 1806/623/1565 1807/622/1566
f 1756/673/1516 1755/674/1515 1805/624/1564 1806/623/1565
f 1755/674/1515 1754/675/1514 1804/625/1563 1805/624/1564
f 1754/675/1514 1753/676/1513 1803/626/1562 1804/625/1563
f 1753/676/1513 1752/677/1512 1802/627/1561 1803/626/1562
f 1752/677/1512 1751/678/1511 1801/628/1560 1802/627/1561
f 1751/678/1511 1750/679/1510 1800/629/1559 1801/628/1560
f 1750/679/1510 1749/680/1509 1799/630/1558 1800/629/1559
f 1749/680/1509 1748/681/1508 1798/631/1557 1799/630/1558
f 1748/681/1508 1747/682/1507 1797/632/1556 1798/631/1557
f 1747/682/1507 1746/683/1506 1796/633/1555 1797/632/1556
f 1746/683/1506 1745/684/1505 1795/634/1554 1796/633/1555
f 1745/684/1505 1744/685/1504 1794/635/1553 1795/634/1554
f 1744/685/1504 1743/686/1503 1793/636/1552 1794/635/1553
f 1743/686/1503 1742/687/1502 1792/637/1551 1793/636/1552
f 1742/687/1502 1741/688/1501 1791/638/1550 1792/637/1551
f 1741/688/1501 1740/689/1500 1790/639/1549 1791/638/1550
f 1740/689/1500 1739/690/1499 1789/640/1548 1790/639/1549
f 1739/690/1499 1738/691/1498 1788/641/1547 1789/640/1548
f 1738/691/1498 1737/692/1497 1787/642/1546 1788/641/1547
f 1737/692/1497 1736/693/1496 1786/643/1545 1787/642/1546
f 1736/693/1496 1735/694/1495 1785/644/1544 1786/643/1545
f 1735/694/1495 1734/695/1494 1784/645/1543 1785/644/1544
f 1734/695/1494 1733/696/1493 1783/646/1542 1784/645/1543
f 1733/696/1493 1732/697/1492 1782/647/1541 1783/646/1542
f 1732/697/1492 1731/698/1491 1781/648/1540 1782/647/1541
f 1731/698/1491 1730/699/1490 1780/649/1539 1781/648/1540
f 1730/699/1490 1729/700/1489 1779/650/1538 1780/649/1539
f 1729/700/1489 1728/701/1488 1778/651/1537 1779/650/1538
f 1728/701/1488 1727/702/1487 1777/652/1536 1778/651/1537
f 1727/702/1487 1726/703/1486 1776/653/1535 1777/652/1536
f 1726/703/1486 1725/704/1485 1775/654/1534 1776/653/1535
f 1725/704/1485 1724/84/1484 1774/86/1533 1775/654/1534
f 17/705/1 1723/706/1483 1773/656/566 16/655/1
f 1723/706/1483 1722/707/1482 1772/657/1532 1773/656/566
f 1722/707/1482 1721/708/1481 1771/658/1531 1772/657/1532
f 1721/708/1481 1720/709/1480 1770/659/1530 1771/658/1531
f 1720/709/1480 1719/710/1479 1769/660/1529 1770/659/1530
f 1719/710/1479 1718/711/1478 1768/661/1528 1769/660/1529
f 1718/711/1478 1717/712/1477 1767/662/1527 1768/661/1528
f 1717/712/1477 1716/713/1476 1766/663/1526 1767/662/1527
f 1716/713/1476 1715/714/1475 1765/664/1525 1766/663/1526
f 1715/714/1475 1714/715/1474 1764/665/1524 1765/664/1525
f 1714/715/1474 1713/716/1473 1763/666/1523 1764/665/1524
f 1713/716/1473 1712/717/1472 1762/667/1522 1763/666/1523
f 1712/717/1472 1711/718/1471 1761/668/1521 1762/667/1522
f 1711/718/1471 1710/719/1470 1760/669/1520 1761/668/1521
f 1710/719/1470 1709/720/1469 1759/670/1519 1760/669/1520
f 1709/720/1469 1708/721/1468 1758/671/1518 1759/670/1519
f 1708/721/1468 1707/722/1467 1757/672/1517 1758/671/1518
f 1707/722/1467 1706/723/1466 1756/673/1516 1757/672/1517
f 1706/723/1466 1705/724/1465 1755/674/1515 1756/673/1516
f 1705/724/1465 1704/725/1464 1754/675/1514 1755/674/1515
f 1704/725/1464 1703/726/1463 1753/676/1513 1754/675/1514
f 1703/726/1463 1702/727/1462 1752/677/1512 1753/676/1513
f 1702/727/1462 1701/728/1461 1751/678/1511 1752/677/1512
f 1701/728/1461 1700/729/1460 1750/679/1510 1751/678/1511
f 1700/729/1460 1699/730/1459 1749/680/1509 1750/679/1510
f 1699/730/1459 1698/731/1458 1748/681/1508 1749/680/1509
f 1698/731/1458 1697/732/1457 1747/682/1507 1748/681/1508
f 1697/732/1457 1696/733/1456 1746/683/1506 1747/682/1507
f 1696/733/1456 1695/734/1455 1745/684/1505 1746/683/1506
f 1695/734/1455 1694/735/1454 1744/685/1504 1745/684/1505
f 1694/735/1454 1693/736/1453 1743/686/1503 1744/685/1504
f 1693/736/1453 1692/737/1452 1742/687/1502 1743/686/1503
f 1692/737/1452 1691/738/1451 1741/688/1501 1742/687/1502
f 1691/738/1451 1690/739/1450 1740/689/1500 1741/688/1501
f 1690/739/1450 1689/740/1449 1739/690/1499 1740/689/1500
f 1689/740/1449 1688/741/1448 1738/691/1498 1739/690/1499
f 1688/741/1448 1687/742/1447 1737/692/1497 1738/691/1498
f 1687/742/1447 1686/743/1446 1736/693/1496 1737/692/1497
f 1686/743/1446 1685/744/1445 1735/694/1495 1736/693/1496
f 1685/744/1445 1684/745/1444 1734/695/1494 1735/694/1495
f 1684/745/1444 1683/746/1443 1733/696/1493 1734/695/1494
f 1683/746/1443 1682/747/1442 1732/697/1492 1733/696/1493
f 1682/747/1442 1681/748/1441 1731/698/1491 1732/697/1492
f 1681/748/1441 1680/749/1440 1730/699/1490 1731/698/1491
f 1680/749/1440 1679/750/1439 1729/700/1489 1730/699/1490
f 1679/750/1439 1678/751/1438 1728/701/1488 1729/700/1489
f 1678/751/1438 1677/752/1437 1727/702/1487 1728/701/1488
f 1677/752/1437 1676/753/1436 1726/703/1486 1727/702/1487
f 1676/753/1436 1675/754/1435 1725/704/1485 1726/703/1486
f 1675/754/1435 1674/82/1434 1724/84/1484 1725/704/1485
f 18/755/2 1673/756/1433 1723/706/1483 17/705/1
f 1673/756/1433 1672/757/1432 1722/707/1482 1723/706/1483
f 1672/757/1432 1671/758/1431 1721/708/1481 1722/707/1482
f 1671/758/1431 1670/759/1430 1720/709/1480 1721/708/1481
f 1670/759/1430 1669/760/1429 1719/710/1479 1720/709/1480
f 1669/760/1429 1668/761/1428 1718/711/1478 1719/710/1479
f 1668/761/1428 1667/762/1427 1717/712/1477 1718/711/1478
f 1667/762/1427 1666/763/1426 1716/713/1476 1717/712/1477
f 1666/763/1426 1665/764/1425 1715/714/1475 1716/713/1476
f 1665/764/1425 1664/765/1424 1714/715/1474 1715/714/1475
f 1664/765/1424 1663/766/1423 1713/716/1473 1714/715/1474
f 1663/766/1423 1662/767/1422 1712/717/1472 1713/716/1473
f 1662/767/1422 1661/768/1421 1711/718/1471 1712/717/1472
f 1661/768/1421 1660/769/1420 1710/719/1470 1711/718/1471
f 1660/769/1420 1659/770/1419 1709/720/1469 1710/719/1470
f 1659/770/1419 1658/771/1418 1708/721/1468 1709/720/1469
f 1658/771/1418 1657/772/1417 1707/722/1467 1708/721/1468
f 1657/772/1417 1656/773/1416 1706/723/1466 1707/722/1467
f 1656/773/1416 1655/774/1415 1705/724/1465 1706/723/1466
f 1655/774/1415 1654/775/1414 1704/725/1464 1705/724/1465
f 1654/775/1414 1653/776/1413 1703/726/1463 1704/725/1464
f 1653/776/1413 1652/777/1412 1702/727/1462 1703/726/1463
f 1651/778/1411 1650/779/1410 1695/734/1455 1696/733/1456
f 1650/779/1410 1649/780/1409 1694/735/1454 1695/734/1455
f 1649/780/1409 1648/781/1408 1693/736/1453 1694/735/1454
f 1648/781/1408 1647/782/1407 1692/737/1452 1693/736/1453
f 1647/782/1407 1646/783/1406 1691/738/1451 1692/737/1452
f 1646/783/1406 1645/784/1405 1690/739/1450 1691/738/1451
f 1645/784/1405 1644/785/1404 1689/740/1449 1690/739/1450
f 1644/785/1404 1643/786/1403 1688/741/1448 1689/740/1449
f 1643/786/1403 1642/787/1402 1687/742/1447 1688/741/1448
f 1642/787/1402 1641/788/1401 1686/743/1446 1687/742/1447
f 1641/788/1401 1640/789/1400 1685/744/1445 1686/743/1446
f 1640/789/1400 1639/790/1399 1684/745/1444 1685/744/1445
f 1639/790/1399 1638/791/1398 1683/746/1443 1684/745/1444
f 1638/791/1398 1637/792/1397 1682/747/1442 1683/746/1443
f 1637/792/1397 1636/793/1396 1681/748/1441 1682/747/1442
f 1636/793/1396 1635/794/1395 1680/749/1440 1681/748/1441
f 1635/794/1395 1634/795/1394 1679/750/1439 1680/749/1440
f 1634/795/1394 1633/796/1393 1678/751/1438 1679/750/1439
f 1633/796/1393 1632/797/1392 1677/752/1437 1678/751/1438
f 1632/797/1392 1631/798/1391 1676/753/1436 1677/752/1437
f 1631/798/1391 1630/799/1390 1675/754/1435 1676/753/1436
f 1630/799/1390 1629/80/1389 1674/82/1434 1675/754/1435
f 19/800/3 1628/801/1388 1673/756/1433 18/755/2
f 1628/801/1388 1627/802/1387 1672/757/1432 1673/756/1433
f 1627/802/1387 1626/803/1386 1671/758/1431 1672/757/1432
f 1626/803/1386 1625/804/1385 1670/759/1430 1671/758/1431
f 1625/804/1385 1624/805/1384 1669/760/1429 1670/759/1430
f 1624/805/1384 1623/806/1383 1668/761/1428 1669/760/1429
f 1623/806/1383 1622/807/1382 1667/762/1427 1668/761/1428
f 1622/807/1382 1621/808/1381 1666/763/1426 1667/762/1427
f 1621/808/1381 1620/809/1380 1665/764/1425 1666/763/1426
f 1620/809/1380 1619/810/1379 1664/765/1424 1665/764/1425
f 1619/810/1379 1618/811/1378 1663/766/1423 1664/765/1424
f 1618/811/1378 1617/812/1377 1662/767/1422 1663/766/1423
f 1617/812/1377 1616/813/1376 1661/768/1421 1662/767/1422
f 1616/813/1376 1615/814/1375 1660/769/1420 1661/768/1421
f 1615/814/1375 1614/815/1374 1659/770/1419 1660/769/1420
f 1614/815/1374 1613/816/1373 1658/771/1418 1659/770/1419
f 1613/816/1373 1612/817/1372 1657/772/1417 1658/771/1418
f 1612/817/1372 1611/818/1371 1656/773/1416 1657/772/1417
f 1611/818/1371 1610/819/1370 1655/774/1415 1656/773/1416
f 1610/819/1370 1609/820/1369 1654/775/1414 1655/774/1415
f 1608/821/1368 1607/822/1367 1647/782/1407 1648/781/1408
f 1607/822/1367 1606/823/1366 1646/783/1406 1647/782/1407
f 1606/823/1366 1605/824/1365 1645/784/1405 1646/783/1406
f 1605/824/1365 1604/825/1364 1644/785/1404 1645/784/1405
f 1604/825/1364 1603/826/1363 1643/786/1403 1644/785/1404
f 1603/826/1363 1602/827/1362 1642/787/1402 1643/786/1403
f 1602/827/1362 1601/828/1361 1641/788/1401 1642/787/1402
f 1601/828/1361 1600/829/1360 1640/789/1400 1641/788/1401
f 1600/829/1360 1599/830/1359 1639/790/1399 1640/789/1400
f 1599/830/1359 1598/831/1358 1638/791/1398 1639/790/1399
f 1598/831/1358 1597/832/1357 1637/792/1397 1638/791/1398
f 1597/832/1357 1596/833/1356 1636/793/1396 1637/792/1397
f 1596/833/1356 1595/834/930 1635/794/1395 1636/793/1396
f 1595/834/930 1594/835/929 1634/795/1394 1635/794/1395
f 1594/835/929 1593/836/928 1633/796/1393 1634/795/1394
f 1593/836/928 1592/837/927 1632/797/1392 1633/796/1393
f 1592/837/927 1591/838/926 1631/798/1391 1632/797/1392
f 1591/838/926 1590/839/1355 1630/799/1390 1631/798/1391
f 1590/839/1355 1589/78/1354 1629/80/1389 1630/799/1390
f 20/840/4 1588/841/1353 1628/801/1388 19/800/3
f 1588/841/1353 1587/842/1352 1627/802/1387 1628/801/1388
f 1587/842/1352 1586/843/1351 1626/803/1386 1627/802/1387
f 1586/843/1351 1585/844/1350 1625/804/1385 1626/803/1386
f 1585/844/1350 1584/845/1349 1624/805/1384 1625/804/1385
f 1584/845/1349 1583/846/1348 1623/806/1383 1624/805/1384
f 1583/846/1348 1582/847/1347 1622/807/1382 1623/806/1383
f 1582/847/1347 1581/848/1346 1621/808/1381 1622/807/1382
f 1581/848/1346 1580/849/1345 1620/809/1380 1621/808/1381
f 1580/849/1345 1579/850/1344 1619/810/1379 1620/809/1380
f 1579/850/1344 1578/851/1343 1618/811/1378 1619/810/1379
f 1578/851/1343 1577/852/1342 1617/812/1377 1618/811/1378
f 1577/852/1342 1576/853/1341 1616/813/1376 1617/812/1377
f 1576/853/1341 1575/854/1340 1615/814/1375 1616/813/1376
f 1575/854/1340 1574/855/1339 1614/815/1374 1615/814/1375
f 1574/855/1339 1573/856/1338 1613/816/1373 1614/815/1374
f 1573/856/1338 1572/857/1337 1612/817/1372 1613/816/1373
f 1572/857/1337 1571/858/1336 1611/818/1371 1612/817/1372
f 1570/859/1335 1569/860/1334 1606/823/1366 1607/822/1367
f 1569/860/1334 1568/861/1333 1605/824/1365 1606/823/1366
f 1568/861/1333 1567/862/1332 1604/825/1364 1605/824/1365
f 1567/862/1332 1566/863/1331 1603/826/1363 1604/825/1364
f 1566/863/1331 1565/864/1330 1602/827/1362 1603/826/1363
f 1565/864/1330 1564/865/1329 1601/828/1361 1602/827/1362
f 1564/865/1329 1563/866/1328 1600/829/1360 1601/828/1361
f 1563/866/1328 1562/867/1327 1599/830/1359 1600/829/1360
f 1562/867/1327 1561/868/1326 1598/831/1358 1599/830/1359
f 1561/868/1326 1560/869/1325 1597/832/1357 1598/831/1358
f 1560/869/1325 1559/870/1324 1596/833/1356 1597/832/1357
f 1559/870/1324 1558/871/1323 1595/834/930 1596/833/1356
f 1558/871/1323 1557/872/1322 1594/835/929 1595/834/930
f 1557/872/1322 1556/873/898 1593/836/928 1594/835/929
f 1556/873/898 1555/874/897 1592/837/927 1593/836/928
f 1555/874/897 1554/875/896 1591/838/926 1592/837/927
f 1554/875/896 1553/876/895 1590/839/1355 1591/838/926
f 1553/876/895 1552/76/894 1589/78/1354 1590/839/1355
f 21/877/5 1551/878/1321 1588/841/1353 20/840/4
f 1551/878/1321 1550/879/1320 1587/842/1352 1588/841/1353
f 1550/879/1320 1549/880/1319 1586/843/1351 1587/842/1352
f 1549/880/1319 1548/881/1318 1585/844/1350 1586/843/1351
f 1548/881/1318 1547/882/1317 1584/845/1349 1585/844/1350
f 1547/882/1317 1546/883/1316 1583/846/1348 1584/845/1349
f 1546/883/1316 1545/884/1315 1582/847/1347 1583/846/1348
f 1545/884/1315 1544/885/1314 1581/848/1346 1582/847/1347
f 1544/885/1314 1543/886/1313 1580/849/1345 1581/848/1346
f 1543/886/1313 1542/887/1312 1579/850/1344 1580/849/1345
f 1542/887/1312 1541/888/1311 1578/851/1343 1579/850/1344
f 1541/888/1311 1540/889/1310 1577/852/1342 1578/851/1343
f 1540/889/1310 1539/890/1309 1576/853/1341 1577/852/1342
f 1539/890/1309 1538/891/1308 1575/854/1340 1576/853/1341
f 1538/891/1308 1537/892/1307 1574/855/1339 1575/854/1340
f 1537/892/1307 1536/893/1306 1573/856/1338 1574/855/1339
f 1536/893/1306 1535/894/1305 1572/857/1337 1573/856/1338
f 1534/895/1304 1533/896/1303 1568/861/1333 1569/860/1334
f 1533/896/1303 1532/897/1302 1567/862/1332 1568/861/1333
f 1532/897/1302 1531/898/1301 1566/863/1331 1567/862/1332
f 1531/898/1301 1530/899/1300 1565/864/1330 1566/863/1331
f 1530/899/1300 1529/900/1299 1564/865/1329 1565/864/1330
f 1529/900/1299 1528/901/1298 1563/866/1328 1564/865/1329
f 1528/901/1298 1527/902/1297 1562/867/1327 1563/866/1328
f 1527/902/1297 1526/903/1296 1561/868/1326 1562/867/1327
f 1526/903/1296 1525/904/1295 1560/869/1325 1561/868/1326
f 1525/904/1295 1524/905/1294 1559/870/1324 1560/869/1325
f 1524/905/1294 1523/906/1293 1558/871/1323 1559/870/1324
f 1523/906/1293 1522/907/1292 1557/872/1322 1558/871/1323
f 1522/907/1292 1521/908/1291 1556/873/898 1557/872/1322
f 1521/908/1291 1520/909/864 1555/874/897 1556/873/898
f 1520/909/864 1519/910/863 1554/875/896 1555/874/897
f 1519/910/863 1518/911/862 1553/876/895 1554/875/896
f 1518/911/862 1517/74/861 1552/76/894 1553/876/895
f 22/912/6 1516/913/1290 1551/878/1321 21/877/5
f 1516/913/1290 1515/914/1289 1550/879/1320 1551/878/1321
f 1515/914/1289 1514/915/1288 1549/880/1319 1550/879/1320
f 1514/915/1288 1513/916/1287 1548/881/1318 1549/880/1319
f 1513/916/1287 1512/917/1286 1547/882/1317 1548/881/1318
f 1512/917/1286 1511/918/1285 1546/883/1316 1547/882/1317
f 1511/918/1285 1510/919/1284 1545/884/1315 1546/883/1316
f 1510/919/1284 1509/920/1283 1544/885/1314 1545/884/1315
f 1509/920/1283 1508/921/1282 1543/886/1313 1544/885/1314
f 1508/921/1282 1507/922/1281 1542/887/1312 1543/886/1313
f 1507/922/1281 1506/923/1280 1541/888/1311 1542/887/1312
f 1506/923/1280 1505/924/1279 1540/889/1310 1541/888/1311
f 1505/924/1279 1504/925/1278 1539/890/1309 1540/889/1310
f 1504/925/1278 1503/926/1277 1538/891/1308 1539/890/1309
f 1503/926/1277 1502/927/1276 1537/892/1307 1538/891/1308
f 1502/927/1276 1501/928/1275 1536/893/1306 1537/892/1307
f 1500/929/1274 1499/930/1273 1532/897/1302 1533/896/1303
f 1499/930/1273 1498/931/1272 1531/898/1301 1532/897/1302
f 1498/931/1272 1497/932/1271 1530/899/1300 1531/898/1301
f 1497/932/1271 1496/933/1270 1529/900/1299 1530/899/1300
f 1496/933/1270 1495/934/1269 1528/901/1298 1529/900/1299
f 1495/934/1269 1494/935/1268 1527/902/1297 1528/901/1298
f 1494/935/1268 1493/936/1267 1526/903/1296 1527/902/1297
f 1493/936/1267 1492/937/1266 1525/904/1295 1526/903/1296
f 1492/937/1266 1491/938/1265 1524/905/1294 1525/904/1295
f 1491/938/1265 1490/939/1264 1523/906/1293 1524/905/1294
f 1490/939/1264 1489/940/1263 1522/907/1292 1523/906/1293
f 1489/940/1263 1488/941/1262 1521/908/1291 1522/907/1292
f 1488/941/1262 1487/942/830 1520/909/864 1521/908/1291
f 1487/942/830 1486/943/829 1519/910/863 1520/909/864
f 1486/943/829 1485/944/828 1518/911/862 1519/910/863
f 1485/944/828 1484/72/827 1517/74/861 1518/911/862
f 23/945/7 1483/946/1261 1516/913/1290 22/912/6
f 1483/946/1261 1482/947/1260 1515/914/1289 1516/913/1290
f 1482/947/1260 1481/948/1259 1514/915/1288 1515/914/1289
f 1481/948/1259 1480/949/1258 1513/916/1287 1514/915/1288
f 1480/949/1258 1479/950/1257 1512/917/1286 1513/916/1287
f 1479/950/1257 1478/951/1256 1511/918/1285 1512/917/1286
f 1478/951/1256 1477/952/1255 1510/919/1284 1511/918/1285
f 1477/952/1255 1476/953/1254 1509/920/1283 1510/919/1284
f 1476/953/1254 1475/954/1253 1508/921/1282 1509/920/1283
f 1475/954/1253 1474/955/1252 1507/922/1281 1508/921/1282
f 1474/955/1252 1473/956/1251 1506/923/1280 1507/922/1281
f 1473/956/1251 1472/957/1250 1505/924/1279 1506/923/1280
f 1472/957/1250 1471/958/1249 1504/925/1278 1505/924/1279
f 1471/958/1249 1470/959/1248 1503/926/1277 1504/925/1278
f 1470/959/1248 1469/960/1247 1502/927/1276 1503/926/1277
f 1468/961/1246 1467/962/1245 1498/931/1272 1499/930/1273
f 1467/962/1245 1466/963/1244 1497/932/1271 1498/931/1272
f 1466/963/1244 1465/964/1243 1496/933/1270 1497/932/1271
f 1465/964/1243 1464/965/1242 1495/934/1269 1496/933/1270
f 1464/965/1242 1463/966/1241 1494/935/1268 1495/934/1269
f 1463/966/1241 1462/967/1240 1493/936/1267 1494/935/1268
f 1462/967/1240 1461/968/1239 1492/937/1266 1493/936/1267
f 1461/968/1239 1460/969/1238 1491/938/1265 1492/937/1266
f 1460/969/1238 1459/970/1237 1490/939/1264 1491/938/1265
f 1459/970/1237 1458/971/1236 1489/940/1263 1490/939/1264
f 1458/971/1236 1457/972/1235 1488/941/1262 1489/940/1263
f 1457/972/1235 1456/973/1234 1487/942/830 1488/941/1262
f 1456/973/1234 1455/974/792 1486/943/829 1487/942/830
f 1455/974/792 1454/975/791 1485/944/828 1486/943/829
f 1454/975/791 1453/70/790 1484/72/827 1485/944/828
f 24/976/8 1452/977/1233 1483/946/1261 23/945/7
f 1452/977/1233 1451/978/1232 1482/947/1260 1483/946/1261
f 1451/978/1232 1450/979/1231 1481/948/1259 1482/947/1260
f 1450/979/1231 1449/980/1230 1480/949/1258 1481/948/1259
f 1449/980/1230 1448/981/1229 1479/950/1257 1480/949/1258
f 1448/981/1229 1447/982/1228 1478/951/1256 1479/950/1257
f 1447/982/1228 1446/983/1227 1477/952/1255 1478/951/1256
f 1446/983/1227 1445/984/1226 1476/953/1254 1477/952/1255
f 1445/984/1226 1444/985/1225 1475/954/1253 1476/953/1254
f 1444/985/1225 1443/986/1224 1474/955/1252 1475/954/1253
f 1443/986/1224 1442/987/1223 1473/956/1251 1474/955/1252
f 1442/987/1223 1441/988/1222 1472/957/1250 1473/956/1251
f 1441/988/1222 1440/989/1221 1471/958/1249 1472/957/1250
f 1440/989/1221 1439/990/1220 1470/959/1248 1471/958/1249
f 1439/990/1220 1438/991/1219 1469/960/1247 1470/959/1248
f 1437/992/1218 1436/993/1217 1467/962/1245 1468/961/1246
f 1436/993/1217 1435/994/1216 1466/963/1244 1467/962/1245
f 1435/994/1216 1434/995/1215 1465/964/1243 1466/963/1244
f 1434/995/1215 1433/996/1214 1464/965/1242 1465/964/1243
f 1433/996/1214 1432/997/1213 1463/966/1241 1464/965/1242
f 1432/997/1213 1431/998/1212 1462/967/1240 1463/966/1241
f 1431/998/1212 1430/999/1211 1461/968/1239 1462/967/1240
f 1430/999/1211 1429/1000/1210 1460/969/1238 1461/968/1239
f 1429/1000/1210 1428/1001/1209 1459/970/1237 1460/969/1238
f 1428/1001/1209 1427/1002/1208 1458/971/1236 1459/970/1237
f 1427/1002/1208 1426/1003/1207 1457/972/1235 1458/971/1236
f 1426/1003/1207 1425/1004/1206 1456/973/1234 1457/972/1235
f 1425/1004/1206 1424/1005/1205 1455/974/792 1456/973/1234
f 1424/1005/1205 1423/1006/753 1454/975/791 1455/974/792
f 1423/1006/753 1422/68/752 1453/70/790 1454/975/791
f 25/1007/9 1421/1008/1204 1452/977/1233 24/976/8
f 1421/1008/1204 1420/1009/1203 1451/978/1232 1452/977/1233
f 1420/1009/1203 1419/1010/1202 1450/979/1231 1451/978/1232
f 1419/1010/1202 1418/1011/1201 1449/980/1230 1450/979/1231
f 1418/1011/1201 1417/1012/1200 1448/981/1229 1449/980/1230
f 1417/1012/1200 1416/1013/1199 1447/982/1228 1448/981/1229
f 1416/1013/1199 1415/1014/1198 1446/983/1227 1447/982/1228
f 1415/1014/1198 1414/1015/1197 1445/984/1226 1446/983/1227
f 1414/1015/1197 1413/1016/1196 1444/985/1225 1445/984/1226
f 1413/1016/1196 1412/1017/1195 1443/986/1224 1444/985/1225
f 1412/1017/1195 1411/1018/1194 1442/987/1223 1443/986/1224
f 1411/1018/1194 1410/1019/1193 1441/988/1222 1442/987/1223
f 1410/1019/1193 1409/1020/1192 1440/989/1221 1441/988/1222
f 1409/1020/1192 1408/1021/1191 1439/990/1220 1440/989/1221
f 1407/1022/1190 1406/1023/1189 1435/994/1216 1436/993/1217
f 1406/1023/1189 1405/1024/1188 1434/995/1215 1435/994/1216
f 1405/1024/1188 1404/1025/1187 1433/996/1214 1434/995/1215
f 1404/1025/1187 1403/1026/1186 1432/997/1213 1433/996/1214
f 1403/1026/1186 1402/1027/1185 1431/998/1212 1432/997/1213
f 1402/1027/1185 1401/1028/1184 1430/999/1211 1431/998/1212
f 1401/1028/1184 1400/1029/1183 1429/1000/1210 1430/999/1211
f 1400/1029/1183 1399/1030/1182 1428/1001/1209 1429/1000/1210
f 1399/1030/1182 1398/1031/1181 1427/1002/1208 1428/1001/1209
f 1398/1031/1181 1397/1032/1180 1426/1003/1207 1427/1002/1208
f 1397/1032/1180 1396/1033/1179 1425/1004/1206 1426/1003/1207
f 1396/1033/1179 1395/1034/1178 1424/1005/1205 1425/1004/1206
f 1395/1034/1178 1394/1035/707 1423/1006/753 1424/1005/1205
f 1394/1035/707 1393/66/706 1422/68/752 1423/1006/753
f 26/1036/10 1392/1037/1177 1421/1008/1204 25/1007/9
f 1392/1037/1177 1391/1038/1176 1420/1009/1203 1421/1008/1204
f 1391/1038/1176 1390/1039/1175 1419/1010/1202 1420/1009/1203
f 1390/1039/1175 1389/1040/1174 1418/1011/1201 1419/1010/1202
f 1389/1040/1174 1388/1041/1173 1417/1012/1200 1418/1011/1201
f 1388/1041/1173 1387/1042/1172 1416/1013/1199 1417/1012/1200
f 1387/1042/1172 1386/1043/1171 1415/1014/1198 1416/1013/1199
f 1386/1043/1171 1385/1044/1170 1414/1015/1197 1415/1014/1198
f 1385/1044/1170 1384/1045/1169 1413/1016/1196 1414/1015/1197
f 1384/1045/1169 1383/1046/1168 1412/1017/1195 1413/1016/1196
f 1383/1046/1168 1382/1047/1167 1411/1018/1194 1412/1017/1195
f 1382/1047/1167 1381/1048/1166 1410/1019/1193 1411/1018/1194
f 1381/1048/1166 1380/1049/1165 1409/1020/1192 1410/1019/1193
f 1380/1049/1165 1379/1050/1164 1408/1021/1191 1409/1020/1192
f 1378/1051/1163 1377/1052/1162 1406/1023/1189 1407/1022/1190
f 1377/1052/1162 1376/1053/1161 1405/1024/1188 1406/1023/1189
f 1376/1053/1161 1375/1054/1160 1404/1025/1187 1405/1024/1188
f 1375/1054/1160 1374/1055/1159 1403/1026/1186 1404/1025/1187
f 1374/1055/1159 1373/1056/1158 1402/1027/1185 1403/1026/1186
f 1373/1056/1158 1372/1057/1157 1401/1028/1184 1402/1027/1185
f 1372/1057/1157 1371/1058/1156 1400/1029/1183 1401/1028/1184
f 1371/1058/1156 1370/1059/1155 1399/1030/1182 1400/1029/1183
f 1370/1059/1155 1369/1060/1154 1398/1031/1181 1399/1030/1182
f 1369/1060/1154 1368/1061/1153 1397/1032/1180 1398/1031/1181
f 1368/1061/1153 1367/1062/1152 1396/1033/1179 1397/1032/1180
f 1367/1062/1152 1366/1063/1151 1395/1034/1178 1396/1033/1179
f 1366/1063/1151 1365/1064/661 1394/1035/707 1395/1034/1178
f 1365/1064/661 1364/64/660 1393/66/706 1394/1035/707
f 27/1065/11 1363/1066/1150 1392/1037/1177 26/1036/10
f 1363/1066/1150 1362/1067/1149 1391/1038/1176 1392/1037/1177
f 1362/1067/1149 1361/1068/1148 1390/1039/1175 1391/1038/1176
f 1361/1068/1148 1360/1069/1147 1389/1040/1174 1390/1039/1175
f 1360/1069/1147 1359/1070/1146 1388/1041/1173 1389/1040/1174
f 1359/1070/1146 1358/1071/1145 1387/1042/1172 1388/1041/1173
f 1358/1071/1145 1357/1072/1144 1386/1043/1171 1387/1042/1172
f 1357/1072/1144 1356/1073/1143 1385/1044/1170 1386/1043/1171
f 1356/1073/1143 1355/1074/1142 1384/1045/1169 1385/1044/1170
f 1355/1074/1142 1354/1075/1141 1383/1046/1168 1384/1045/1169
f 1354/1075/1141 1353/1076/1140 1382/1047/1167 1383/1046/1168
f 1353/1076/1140 1352/1077/1139 1381/1048/1166 1382/1047/1167
f 1352/1077/1139 1351/1078/1138 1380/1049/1165 1381/1048/1166
f 1351/1078/1138 1350/1079/1137 1379/1050/1164 1380/1049/1165
f 1349/1080/1136 1348/1081/1135 1377/1052/1162 1378/1051/1163
f 1348/1081/1135 1347/1082/1134 1376/1053/1161 1377/1052/1162
f 1347/1082/1134 1346/1083/1133 1375/1054/1160 1376/1053/1161
f 1346/1083/1133 1345/1084/1132 1374/1055/1159 1375/1054/1160
f 1345/1084/1132 1344/1085/1131 1373/1056/1158 1374/1055/1159
f 1344/1085/1131 1343/1086/1130 1372/1057/1157 1373/1056/1158
f 1343/1086/1130 1342/1087/1129 1371/1058/1156 1372/1057/1157
f 1342/1087/1129 1341/1088/1128 1370/1059/1155 1371/1058/1156
f 1341/1088/1128 1340/1089/1127 1369/1060/1154 1370/1059/1155
f 1340/1089/1127 1339/1090/1126 1368/1061/1153 1369/1060/1154
f 1339/1090/1126 1338/1091/1125 1367/1062/1152 1368/1061/1153
f 1338/1091/1125 1337/1092/1124 1366/1063/1151 1367/1062/1152
f 1337/1092/1124 1336/1093/1123 1365/1064/661 1366/1063/1151
f 1336/1093/1123 1335/62/614 1364/64/660 1365/1064/661
f 28/1094/12 1334/1095/1122 1363/1066/1150 27/1065/11
f 1334/1095/1122 1333/1096/1121 1362/1067/1149 1363/1066/1150
f 1333/1096/1121 1332/1097/1120 1361/1068/1148 1362/1067/1149
f 1332/1097/1120 1331/1098/1119 1360/1069/1147 1361/1068/1148
f 1331/1098/1119 1330/1099/1118 1359/1070/1146 1360/1069/1147
f 1330/1099/1118 1329/1100/1117 1358/1071/1145 1359/1070/1146
f 1329/1100/1117 1328/1101/1116 1357/1072/1144 1358/1071/1145
f 1328/1101/1116 1327/1102/1115 1356/1073/1143 1357/1072/1144
f 1327/1102/1115 1326/1103/1114 1355/1074/1142 1356/1073/1143
f 1326/1103/1114 1325/1104/1113 1354/1075/1141 1355/1074/1142
f 1325/1104/1113 1324/1105/1112 1353/1076/1140 1354/1075/1141
f 1324/1105/1112 1323/1106/1111 1352/1077/1139 1353/1076/1140
f 1323/1106/1111 1322/1107/1110 1351/1078/1138 1352/1077/1139
f 1322/1107/1110 1321/1108/1109 1350/1079/1137 1351/1078/1138
f 1320/1109/1108 1319/1110/1107 1348/1081/1135 1349/1080/1136
f 1319/1110/1107 1318/1111/1106 1347/1082/1134 1348/1081/1135
f 1318/1111/1106 1317/1112/1105 1346/1083/1133 1347/1082/1134
f 1317/1112/1105 1316/1113/1104 1345/1084/1132 1346/1083/1133
f 1316/1113/1104 1315/1114/1103 1344/1085/1131 1345/1084/1132
f 1315/1114/1103 1314/1115/1102 1343/1086/1130 1344/1085/1131
f 1314/1115/1102 1313/1116/1101 1342/1087/1129 1343/1086/1130
f 1313/1116/1101 1312/1117/1100 1341/1088/1128 1342/1087/1129
f 1312/1117/1100 1311/1118/1099 1340/1089/1127 1341/1088/1128
f 1311/1118/1099 1310/1119/1098 1339/1090/1126 1340/1089/1127
f 1310/1119/1098 1309/1120/1097 1338/1091/1125 1339/1090/1126
f 1309/1120/1097 1308/1121/1096 1337/1092/1124 1338/1091/1125
f 1308/1121/1096 1307/1122/1095 1336/1093/1123 1337/1092/1124
f 1307/1122/1095 1306/60/568 1335/62/614 1336/1093/1123
f 29/1123/13 1305/1124/1094 1334/1095/1122 28/1094/12
f 1305/1124/1094 1304/1125/1093 1333/1096/1121 1334/1095/1122
f 1304/1125/1093 1303/1126/1092 1332/1097/1120 1333/1096/1121
f 1303/1126/1092 1302/1127/1091 1331/1098/1119 1332/1097/1120
f 1302/1127/1091 1301/1128/1090 1330/1099/1118 1331/1098/1119
f 1301/1128/1090 1300/1129/1089 1329/1100/1117 1330/1099/1118
f 1300/1129/1089 1299/1130/1088 1328/1101/1116 1329/1100/1117
f 1299/1130/1088 1298/1131/1087 1327/1102/1115 1328/1101/1116
f 1298/1131/1087 1297/1132/1086 1326/1103/1114 1327/1102/1115
f 1297/1132/1086 1296/1133/1085 1325/1104/1113 1326/1103/1114
f 1296/1133/1085 1295/1134/1084 1324/1105/1112 1325/1104/1113
f 1295/1134/1084 1294/1135/1083 1323/1106/1111 1324/1105/1112
f 1294/1135/1083 1293/1136/1082 1322/1107/1110 1323/1106/1111
f 1293/1136/1082 1292/1137/1081 1321/1108/1109 1322/1107/1110
f 1291/1138/1080 1290/1139/1079 1318/1111/1106 1319/1110/1107
f 1290/1139/1079 1289/1140/1078 1317/1112/1105 1318/1111/1106
f 1289/1140/1078 1288/1141/1077 1316/1113/1104 1317/1112/1105
f 1288/1141/1077 1287/1142/1076 1315/1114/1103 1316/1113/1104
f 1287/1142/1076 1286/1143/1075 1314/1115/1102 1315/1114/1103
f 1286/1143/1075 1285/1144/1074 1313/1116/1101 1314/1115/1102
f 1285/1144/1074 1284/1145/1073 1312/1117/1100 1313/1116/1101
f 1284/1145/1073 1283/1146/1072 1311/1118/1099 1312/1117/1100
f 1283/1146/1072 1282/1147/1071 1310/1119/1098 1311/1118/1099
f 1282/1147/1071 1281/1148/1070 1309/1120/1097 1310/1119/1098
f 1281/1148/1070 1280/1149/1069 1308/1121/1096 1309/1120/1097
f 1280/1149/1069 1279/1150/1068 1307/1122/1095 1308/1121/1096
f 1279/1150/1068 1278/58/522 1306/60/568 1307/1122/1095
f 30/1151/14 1277/1152/1067 1305/1124/1094 29/1123/13
f 1277/1152/1067 1276/1153/1066 1304/1125/1093 1305/1124/1094
f 1276/1153/1066 1275/1154/1065 1303/1126/1092 1304/1125/1093
f 1275/1154/1065 1274/1155/1064 1302/1127/1091 1303/1126/1092
f 1274/1155/1064 1273/1156/1063 1301/1128/1090 1302/1127/1091
f 1273/1156/1063 1272/1157/1062 1300/1129/1089 1301/1128/1090
f 1272/1157/1062 1271/1158/1061 1299/1130/1088 1300/1129/1089
f 1271/1158/1061 1270/1159/1060 1298/1131/1087 1299/1130/1088
f 1270/1159/1060 1269/1160/1059 1297/1132/1086 1298/1131/1087
f 1269/1160/1059 1268/1161/1058 1296/1133/1085 1297/1132/1086
f 1268/1161/1058 1267/1162/1057 1295/1134/1084 1296/1133/1085
f 1267/1162/1057 1266/1163/1056 1294/1135/1083 1295/1134/1084
f 1266/1163/1056 1265/1164/1055 1293/1136/1082 1294/1135/1083
f 1265/1164/1055 1264/1165/1054 1292/1137/1081 1293/1136/1082
f 1263/1166/1053 1262/1167/1052 1290/1139/1079 1291/1138/1080
f 1262/1167/1052 1261/1168/1051 1289/1140/1078 1290/1139/1079
f 1261/1168/1051 1260/1169/1050 1288/1141/1077 1289/1140/1078
f 1260/1169/1050 1259/1170/1049 1287/1142/1076 1288/1141/1077
f 1259/1170/1049 1258/1171/1048 1286/1143/1075 1287/1142/1076
f 1258/1171/1048 1257/1172/1047 1285/1144/1074 1286/1143/1075
f 1257/1172/1047 1256/1173/1046 1284/1145/1073 1285/1144/1074
f 1256/1173/1046 1255/1174/1045 1283/1146/1072 1284/1145/1073
f 1255/1174/1045 1254/1175/1044 1282/1147/1071 1283/1146/1072
f 1254/1175/1044 1253/1176/1043 1281/1148/1070 1282/1147/1071
f 1253/1176/1043 1252/1177/1042 1280/1149/1069 1281/1148/1070
f 1252/1177/1042 1251/1178/1041 1279/1150/1068 1280/1149/1069
f 1251/1178/1041 1250/56/476 1278/58/522 1279/1150/1068
f 31/1179/15 1249/1180/1040 1277/1152/1067 30/1151/14
f 1249/1180/1040 1248/1181/1039 1276/1153/1066 1277/1152/1067
f 1248/1181/1039 1247/1182/1038 1275/1154/1065 1276/1153/1066
f 1247/1182/1038 1246/1183/1037 1274/1155/1064 1275/1154/1065
f 1246/1183/1037 1245/1184/1036 1273/1156/1063 1274/1155/1064
f 1245/1184/1036 1244/1185/1035 1272/1157/1062 1273/1156/1063
f 1244/1185/1035 1243/1186/1034 1271/1158/1061 1272/1157/1062
f 1243/1186/1034 1242/1187/1033 1270/1159/1060 1271/1158/1061
f 1242/1187/1033 1241/1188/1032 1269/1160/1059 1270/1159/1060
f 1241/1188/1032 1240/1189/1031 1268/1161/1058 1269/1160/1059
f 1240/1189/1031 1239/1190/1030 1267/1162/1057 1268/1161/1058
f 1239/1190/1030 1238/1191/1029 1266/1163/1056 1267/1162/1057
f 1238/1191/1029 1237/1192/1028 1265/1164/1055 1266/1163/1056
f 1237/1192/1028 1236/1193/1027 1264/1165/1054 1265/1164/1055
f 1234/1194/1025 1233/1195/1024 1262/1167/1052 1263/1166/1053
f 1233/1195/1024 1232/1196/1023 1261/1168/1051 1262/1167/1052
f 1232/1196/1023 1231/1197/1022 1260/1169/1050 1261/1168/1051
f 1231/1197/1022 1230/1198/1021 1259/1170/1049 1260/1169/1050
f 1230/1198/1021 1229/1199/1020 1258/1171/1048 1259/1170/1049
f 1229/1199/1020 1228/1200/1019 1257/1172/1047 1258/1171/1048
f 1228/1200/1019 1227/1201/1018 1256/1173/1046 1257/1172/1047
f 1227/1201/1018 1226/1202/1017 1255/1174/1045 1256/1173/1046
f 1226/1202/1017 1225/1203/1016 1254/1175/1044 1255/1174/1045
f 1225/1203/1016 1224/1204/1015 1253/1176/1043 1254/1175/1044
f 1224/1204/1015 1223/1205/1014 1252/1177/1042 1253/1176/1043
f 1223/1205/1014 1222/1206/1013 1251/1178/1041 1252/1177/1042
f 1222/1206/1013 1221/54/1012 1250/56/476 1251/1178/1041
f 32/1207/16 1220/1208/1011 1249/1180/1040 31/1179/15
f 1220/1208/1011 1219/1209/1010 1248/1181/1039 1249/1180/1040
f 1219/1209/1010 1218/1210/1009 1247/1182/1038 1248/1181/1039
f 1218/1210/1009 1217/1211/1008 1246/1183/1037 1247/1182/1038
f 1217/1211/1008 1216/1212/1007 1245/1184/1036 1246/1183/1037
f 1216/1212/1007 1215/1213/1006 1244/1185/1035 1245/1184/1036
f 1215/1213/1006 1214/1214/1005 1243/1186/1034 1244/1185/1035
f 1214/1214/1005 1213/1215/1004 1242/1187/1033 1243/1186/1034
f 1213/1215/1004 1212/1216/1003 1241/1188/1032 1242/1187/1033
f 1212/1216/1003 1211/1217/1002 1240/1189/1031 1241/1188/1032
f 1211/1217/1002 1210/1218/1001 1239/1190/1030 1240/1189/1031
f 1210/1218/1001 1209/1219/1000 1238/1191/1029 1239/1190/1030
f 1209/1219/1000 1208/1220/999 1237/1192/1028 1238/1191/1029
f 1208/1220/999 1207/1221/998 1236/1193/1027 1237/1192/1028
f 1206/1222/997 1205/1223/996 1234/1194/1025 1235/1224/1026
f 1205/1223/996 1204/1225/995 1233/1195/1024 1234/1194/1025
f 1204/1225/995 1203/1226/994 1232/1196/1023 1233/1195/1024
f 1203/1226/994 1202/1227/993 1231/1197/1022 1232/1196/1023
f 1202/1227/993 1201/1228/992 1230/1198/1021 1231/1197/1022
f 1201/1228/992 1200/1229/991 1229/1199/1020 1230/1198/1021
f 1200/1229/991 1199/1230/990 1228/1200/1019 1229/1199/1020
f 1199/1230/990 1198/1231/989 1227/1201/1018 1228/1200/1019
f 1198/1231/989 1197/1232/988 1226/1202/1017 1227/1201/1018
f 1197/1232/988 1196/1233/987 1225/1203/1016 1226/1202/1017
f 1196/1233/987 1195/1234/986 1224/1204/1015 1225/1203/1016
f 1195/1234/986 1194/1235/985 1223/1205/1014 1224/1204/1015
f 1194/1235/985 1193/1236/984 1222/1206/1013 1223/1205/1014
f 1193/1236/984 1192/52/983 1221/54/1012 1222/1206/1013
f 33/1237/17 1191/1238/982 1220/1208/1011 32/1207/16
f 1191/1238/982 1190/1239/981 1219/1209/1010 1220/1208/1011
f 1190/1239/981 1189/1240/980 1218/1210/1009 1219/1209/1010
f 1189/1240/980 1188/1241/979 1217/1211/1008 1218/1210/1009
f 1188/1241/979 1187/1242/978 1216/1212/1007 1217/1211/1008
f 1187/1242/978 1186/1243/977 1215/1213/1006 1216/1212/1007
f 1186/1243/977 1185/1244/976 1214/1214/1005 1215/1213/1006
f 1185/1244/976 1184/1245/975 1213/1215/1004 1214/1214/1005
f 1184/1245/975 1183/1246/974 1212/1216/1003 1213/1215/1004
f 1183/1246/974 1182/1247/973 1211/1217/1002 1212/1216/1003
f 1182/1247/973 1181/1248/972 1210/1218/1001 1211/1217/1002
f 1181/1248/972 1180/1249/971 1209/1219/1000 1210/1218/1001
f 1180/1249/971 1179/1250/970 1208/1220/999 1209/1219/1000
f 1179/1250/970 1178/1251/969 1207/1221/998 1208/1220/999
f 1177/1252/968 1176/1253/967 1205/1223/996 1206/1222/997
f 1176/1253/967 1175/1254/966 1204/1225/995 1205/1223/996
f 1175/1254/966 1174/1255/965 1203/1226/994 1204/1225/995
f 1174/1255/965 1173/1256/964 1202/1227/993 1203/1226/994
f 1173/1256/964 1172/1257/963 1201/1228/992 1202/1227/993
f 1172/1257/963 1171/1258/962 1200/1229/991 1201/1228/992
f 1171/1258/962 1170/1259/961 1199/1230/990 1200/1229/991
f 1170/1259/961 1169/1260/960 1198/1231/989 1199/1230/990
f 1169/1260/960 1168/1261/959 1197/1232/988 1198/1231/989
f 1168/1261/959 1167/1262/958 1196/1233/987 1197/1232/988
f 1167/1262/958 1166/1263/957 1195/1234/986 1196/1233/987
f 1166/1263/957 1165/1264/956 1194/1235/985 1195/1234/986
f 1165/1264/956 1164/1265/955 1193/1236/984 1194/1235/985
f 1164/1265/955 1163/50/954 1192/52/983 1193/1236/984
f 34/1266/18 1162/1267/953 1191/1238/982 33/1237/17
f 1162/1267/953 1161/1268/952 1190/1239/981 1191/1238/982
f 1161/1268/952 1160/1269/951 1189/1240/980 1190/1239/981
f 1160/1269/951 1159/1270/950 1188/1241/979 1189/1240/980
f 1159/1270/950 1158/1271/949 1187/1242/978 1188/1241/979
f 1158/1271/949 1157/1272/948 1186/1243/977 1187/1242/978
f 1157/1272/948 1156/1273/947 1185/1244/976 1186/1243/977
f 1156/1273/947 1155/1274/946 1184/1245/975 1185/1244/976
f 1155/1274/946 1154/1275/945 1183/1246/974 1184/1245/975
f 1154/1275/945 1153/1276/944 1182/1247/973 1183/1246/974
f 1153/1276/944 1152/1277/943 1181/1248/972 1182/1247/973
f 1152/1277/943 1151/1278/942 1180/1249/971 1181/1248/972
f 1151/1278/942 1150/1279/941 1179/1250/970 1180/1249/971
f 1150/1279/941 1149/1280/940 1178/1251/969 1179/1250/970
f 1146/1281/937 1145/1282/936 1176/1253/967 1177/1252/968
f 1145/1282/936 1144/1283/935 1175/1254/966 1176/1253/967
f 1144/1283/935 1143/1284/934 1174/1255/965 1175/1254/966
f 1143/1284/934 1142/1285/933 1173/1256/964 1174/1255/965
f 1142/1285/933 1141/1286/932 1172/1257/963 1173/1256/964
f 1141/1286/932 1140/1287/931 1171/1258/962 1172/1257/963
f 1140/1287/931 1139/1288/930 1170/1259/961 1171/1258/962
f 1139/1288/930 1138/1289/929 1169/1260/960 1170/1259/961
f 1138/1289/929 1137/1290/928 1168/1261/959 1169/1260/960
f 1137/1290/928 1136/1291/927 1167/1262/958 1168/1261/959
f 1136/1291/927 1135/1292/926 1166/1263/957 1167/1262/958
f 1135/1292/926 1134/1293/925 1165/1264/956 1166/1263/957
f 1134/1293/925 1133/1294/924 1164/1265/955 1165/1264/956
f 1133/1294/924 1132/48/923 1163/50/954 1164/1265/955
f 35/1295/19 1131/1296/922 1162/1267/953 34/1266/18
f 1131/1296/922 1130/1297/921 1161/1268/952 1162/1267/953
f 1130/1297/921 1129/1298/920 1160/1269/951 1161/1268/952
f 1129/1298/920 1128/1299/919 1159/1270/950 1160/1269/951
f 1128/1299/919 1127/1300/359 1158/1271/949 1159/1270/950
f 1127/1300/359 1126/1301/918 1157/1272/948 1158/1271/949
f 1126/1301/918 1125/1302/917 1156/1273/947 1157/1272/948
f 1125/1302/917 1124/1303/916 1155/1274/946 1156/1273/947
f 1124/1303/916 1123/1304/915 1154/1275/945 1155/1274/946
f 1123/1304/915 1122/1305/914 1153/1276/944 1154/1275/945
f 1122/1305/914 1121/1306/913 1152/1277/943 1153/1276/944
f 1121/1306/913 1120/1307/912 1151/1278/942 1152/1277/943
f 1120/1307/912 1119/1308/911 1150/1279/941 1151/1278/942
f 1119/1308/911 1118/1309/910 1149/1280/940 1150/1279/941
f 1118/1309/910 1117/1310/909 1148/1311/939 1149/1280/940
f 1116/1312/908 1115/1313/907 1146/1281/937 1147/1314/938
f 1115/1313/907 1114/1315/906 1145/1282/936 1146/1281/937
f 1114/1315/906 1113/1316/905 1144/1283/935 1145/1282/936
f 1113/1316/905 1112/1317/904 1143/1284/934 1144/1283/935
f 1112/1317/904 1111/1318/903 1142/1285/933 1143/1284/934
f 1111/1318/903 1110/1319/902 1141/1286/932 1142/1285/933
f 1110/1319/902 1109/1320/901 1140/1287/931 1141/1286/932
f 1109/1320/901 1108/1321/900 1139/1288/930 1140/1287/931
f 1108/1321/900 1107/1322/899 1138/1289/929 1139/1288/930
f 1107/1322/899 1106/1323/898 1137/1290/928 1138/1289/929
f 1106/1323/898 1105/1324/897 1136/1291/927 1137/1290/928
f 1105/1324/897 1104/1325/896 1135/1292/926 1136/1291/927
f 1104/1325/896 1103/1326/895 1134/1293/925 1135/1292/926
f 1103/1326/895 1102/1327/894 1133/1294/924 1134/1293/925
f 1102/1327/894 1101/46/893 1132/48/923 1133/1294/924
f 36/1328/20 1100/1329/892 1131/1296/922 35/1295/19
f 1100/1329/892 1099/1330/891 1130/1297/921 1131/1296/922
f 1099/1330/891 1098/1331/890 1129/1298/920 1130/1297/921
f 1098/1331/890 1097/1332/889 1128/1299/919 1129/1298/920
f 1097/1332/889 1096/1333/888 1127/1300/359 1128/1299/919
f 1096/1333/888 1095/1334/887 1126/1301/918 1127/1300/359
f 1095/1334/887 1094/1335/886 1125/1302/917 1126/1301/918
f 1094/1335/886 1093/1336/885 1124/1303/916 1125/1302/917
f 1093/1336/885 1092/1337/884 1123/1304/915 1124/1303/916
f 1092/1337/884 1091/1338/883 1122/1305/914 1123/1304/915
f 1091/1338/883 1090/1339/882 1121/1306/913 1122/1305/914
f 1090/1339/882 1089/1340/881 1120/1307/912 1121/1306/913
f 1089/1340/881 1088/1341/880 1119/1308/911 1120/1307/912
f 1088/1341/880 1087/1342/879 1118/1309/910 1119/1308/911
f 1087/1342/879 1086/1343/878 1117/1310/909 1118/1309/910
f 1083/1344/875 1082/1345/874 1115/1313/907 1116/1312/908
f 1082/1345/874 1081/1346/873 1114/1315/906 1115/1313/907
f 1081/1346/873 1080/1347/872 1113/1316/905 1114/1315/906
f 1080/1347/872 1079/1348/871 1112/1317/904 1113/1316/905
f 1079/1348/871 1078/1349/870 1111/1318/903 1112/1317/904
f 1078/1349/870 1077/1350/869 1110/1319/902 1111/1318/903
f 1077/1350/869 1076/1351/868 1109/1320/901 1110/1319/902
f 1076/1351/868 1075/1352/867 1108/1321/900 1109/1320/901
f 1075/1352/867 1074/1353/866 1107/1322/899 1108/1321/900
f 1074/1353/866 1073/1354/865 1106/1323/898 1107/1322/899
f 1073/1354/865 1072/1355/864 1105/1324/897 1106/1323/898
f 1072/1355/864 1071/1356/863 1104/1325/896 1105/1324/897
f 1071/1356/863 1070/1357/862 1103/1326/895 1104/1325/896
f 1070/1357/862 1069/1358/861 1102/1327/894 1103/1326/895
f 1069/1358/861 1068/44/860 1101/46/893 1102/1327/894
f 37/1359/1 1067/1360/134 1100/1329/892 36/1328/20
f 1067/1360/134 1066/1361/859 1099/1330/891 1100/1329/892
f 1066/1361/859 1065/1362/858 1098/1331/890 1099/1330/891
f 1065/1362/858 1064/1363/857 1097/1332/889 1098/1331/890
f 1064/1363/857 1063/1364/856 1096/1333/888 1097/1332/889
f 1063/1364/856 1062/1365/855 1095/1334/887 1096/1333/888
f 1062/1365/855 1061/1366/854 1094/1335/886 1095/1334/887
f 1061/1366/854 1060/1367/853 1093/1336/885 1094/1335/886
f 1060/1367/853 1059/1368/852 1092/1337/884 1093/1336/885
f 1059/1368/852 1058/1369/851 1091/1338/883 1092/1337/884
f 1058/1369/851 1057/1370/850 1090/1339/882 1091/1338/883
f 1057/1370/850 1056/1371/849 1089/1340/881 1090/1339/882
f 1056/1371/849 1055/1372/848 1088/1341/880 1089/1340/881
f 1055/1372/848 1054/1373/847 1087/1342/879 1088/1341/880
f 1054/1373/847 1053/1374/846 1086/1343/878 1087/1342/879
f 1053/1374/846 1052/1375/845 1085/1376/877 1086/1343/878
f 1049/1377/842 1048/1378/841 1083/1344/875 1084/1379/876
f 1048/1378/841 1047/1380/840 1082/1345/874 1083/1344/875
f 1047/1380/840 1046/1381/839 1081/1346/873 1082/1345/874
f 1046/1381/839 1045/1382/838 1080/1347/872 1081/1346/873
f 1045/1382/838 1044/1383/837 1079/1348/871 1080/1347/872
f 1044/1383/837 1043/1384/836 1078/1349/870 1079/1348/871
f 1043/1384/836 1042/1385/835 1077/1350/869 1078/1349/870
f 1042/1385/835 1041/1386/834 1076/1351/868 1077/1350/869
f 1041/1386/834 1040/1387/833 1075/1352/867 1076/1351/868
f 1040/1387/833 1039/1388/832 1074/1353/866 1075/1352/867
f 1039/1388/832 1038/1389/831 1073/1354/865 1074/1353/866
f 1038/1389/831 1037/1390/830 1072/1355/864 1073/1354/865
f 1037/1390/830 1036/1391/829 1071/1356/863 1072/1355/864
f 1036/1391/829 1035/1392/828 1070/1357/862 1071/1356/863
f 1035/1392/828 1034/1393/827 1069/1358/861 1070/1357/862
f 1034/1393/827 1033/42/826 1068/44/860 1069/1358/861
f 38/1394/1 1032/1395/1 1067/1360/134 37/1359/1
f 1032/1395/1 1031/1396/825 1066/1361/859 1067/1360/134
f 1031/1396/825 1030/1397/824 1065/1362/858 1066/1361/859
f 1030/1397/824 1029/1398/823 1064/1363/857 1065/1362/858
f 1029/1398/823 1028/1399/822 1063/1364/856 1064/1363/857
f 1028/1399/822 1027/1400/821 1062/1365/855 1063/1364/856
f 1027/1400/821 1026/1401/820 1061/1366/854 1062/1365/855
f 1026/1401/820 1025/1402/819 1060/1367/853 1061/1366/854
f 1025/1402/819 1024/1403/818 1059/1368/852 1060/1367/853
f 1024/1403/818 1023/1404/817 1058/1369/851 1059/1368/852
f 1023/1404/817 1022/1405/816 1057/1370/850 1058/1369/851
f 1022/1405/816 1021/1406/815 1056/1371/849 1057/1370/850
f 1021/1406/815 1020/1407/814 1055/1372/848 1056/1371/849
f 1020/1407/814 1019/1408/813 1054/1373/847 1055/1372/848
f 1019/1408/813 1018/1409/812 1053/1374/846 1054/1373/847
f 1018/1409/812 1017/1410/811 1052/1375/845 1053/1374/846
f 1017/1410/811 1016/1411/810 1051/1412/844 1052/1375/845
f 1012/1413/806 1011/1414/805 1049/1377/842 1050/1415/843
f 1011/1414/805 1010/1416/804 1048/1378/841 1049/1377/842
f 1010/1416/804 1009/1417/803 1047/1380/840 1048/1378/841
f 1009/1417/803 1008/1418/802 1046/1381/839 1047/1380/840
f 1008/1418/802 1007/1419/801 1045/1382/838 1046/1381/839
f 1007/1419/801 1006/1420/800 1044/1383/837 1045/1382/838
f 1006/1420/800 1005/1421/799 1043/1384/836 1044/1383/837
f 1005/1421/799 1004/1422/798 1042/1385/835 1043/1384/836
f 1004/1422/798 1003/1423/797 1041/1386/834 1042/1385/835
f 1003/1423/797 1002/1424/796 1040/1387/833 1041/1386/834
f 1002/1424/796 1001/1425/795 1039/1388/832 1040/1387/833
f 1001/1425/795 1000/1426/794 1038/1389/831 1039/1388/832
f 1000/1426/794 999/1427/793 1037/1390/830 1038/1389/831
f 999/1427/793 998/1428/792 1036/1391/829 1037/1390/830
f 998/1428/792 997/1429/791 1035/1392/828 1036/1391/829
f 997/1429/791 996/1430/790 1034/1393/827 1035/1392/828
f 996/1430/790 995/40/789 1033/42/826 1034/1393/827
f 39/1431/1 994/1432/1 1032/1395/1 38/1394/1
f 994/1432/1 993/1433/1 1031/1396/825 1032/1395/1
f 993/1433/1 992/1434/788 1030/1397/824 1031/1396/825
f 992/1434/788 991/1435/787 1029/1398/823 1030/1397/824
f 991/1435/787 990/1436/786 1028/1399/822 1029/1398/823
f 990/1436/786 989/1437/785 1027/1400/821 1028/1399/822
f 989/1437/785 988/1438/784 1026/1401/820 1027/1400/821
f 988/1438/784 987/1439/783 1025/1402/819 1026/1401/820
f 987/1439/783 986/1440/782 1024/1403/818 1025/1402/819
f 986/1440/782 985/1441/781 1023/1404/817 1024/1403/818
f 985/1441/781 984/1442/780 1022/1405/816 1023/1404/817
f 984/1442/780 983/1443/779 1021/1406/815 1022/1405/816
f 983/1443/779 982/1444/778 1020/1407/814 1021/1406/815
f 982/1444/778 981/1445/777 1019/1408/813 1020/1407/814
f 981/1445/777 980/1446/776 1018/1409/812 1019/1408/813
f 980/1446/776 979/1447/775 1017/1410/811 1018/1409/812
f 979/1447/775 978/1448/774 1016/1411/810 1017/1410/811
f 978/1448/774 977/1449/773 1015/1450/809 1016/1411/810
f 974/1451/770 973/1452/769 1013/1453/807 1014/1454/808
f 973/1452/769 972/1455/768 1012/1413/806 1013/1453/807
f 972/1455/768 971/1456/767 1011/1414/805 1012/1413/806
f 971/1456/767 970/1457/766 1010/1416/804 1011/1414/805
f 970/1457/766 969/1458/765 1009/1417/803 1010/1416/804
f 969/1458/765 968/1459/764 1008/1418/802 1009/1417/803
f 968/1459/764 967/1460/763 1007/1419/801 1008/1418/802
f 967/1460/763 966/1461/762 1006/1420/800 1007/1419/801
f 966/1461/762 965/1462/761 1005/1421/799 1006/1420/800
f 965/1462/761 964/1463/760 1004/1422/798 1005/1421/799
f 964/1463/760 963/1464/759 1003/1423/797 1004/1422/798
f 963/1464/759 962/1465/758 1002/1424/796 1003/1423/797
f 962/1465/758 961/1466/757 1001/1425/795 1002/1424/796
f 961/1466/757 960/1467/756 1000/1426/794 1001/1425/795
f 960/1467/756 959/1468/755 999/1427/793 1000/1426/794
f 959/1468/755 958/1469/754 998/1428/792 999/1427/793
f 958/1469/754 957/1470/753 997/1429/791 998/1428/792
f 957/1470/753 956/1471/752 996/1430/790 997/1429/791
f 956/1471/752 955/38/751 995/40/789 996/1430/790
f 40/1472/1 954/1473/1 994/1432/1 39/1431/1
f 954/1473/1 953/1474/1 993/1433/1 994/1432/1
f 953/1474/1 952/1475/1 992/1434/788 993/1433/1
f 952/1475/1 951/1476/134 991/1435/787 992/1434/788
f 951/1476/134 950/1477/750 990/1436/786 991/1435/787
f 950/1477/750 949/1478/749 989/1437/785 990/1436/786
f 949/1478/749 948/1479/748 988/1438/784 989/1437/785
f 948/1479/748 947/1480/747 987/1439/783 988/1438/784
f 947/1480/747 946/1481/746 986/1440/782 987/1439/783
f 946/1481/746 945/1482/745 985/1441/781 986/1440/782
f 945/1482/745 944/1483/744 984/1442/780 985/1441/781
f 944/1483/744 943/1484/743 983/1443/779 984/1442/780
f 943/1484/743 942/1485/742 982/1444/778 983/1443/779
f 942/1485/742 941/1486/741 981/1445/777 982/1444/778
f 941/1486/741 940/1487/740 980/1446/776 981/1445/777
f 940/1487/740 939/1488/739 979/1447/775 980/1446/776
f 939/1488/739 938/1489/738 978/1448/774 979/1447/775
f 938/1489/738 937/1490/737 977/1449/773 978/1448/774
f 937/1490/737 936/1491/736 976/1492/772 977/1449/773
f 925/1493/725 924/1494/724 974/1451/770 975/1495/771
f 924/1494/724 923/1496/723 973/1452/769 974/1451/770
f 923/1496/723 922/1497/722 972/1455/768 973/1452/769
f 922/1497/722 921/1498/721 971/1456/767 972/1455/768
f 921/1498/721 920/1499/720 970/1457/766 971/1456/767
f 920/1499/720 919/1500/719 969/1458/765 970/1457/766
f 919/1500/719 918/1501/718 968/1459/764 969/1458/765
f 918/1501/718 917/1502/717 967/1460/763 968/1459/764
f 917/1502/717 916/1503/716 966/1461/762 967/1460/763
f 916/1503/716 915/1504/715 965/1462/761 966/1461/762
f 915/1504/715 914/1505/714 964/1463/760 965/1462/761
f 914/1505/714 913/1506/713 963/1464/759 964/1463/760
f 913/1506/713 912/1507/712 962/1465/758 963/1464/759
f 912/1507/712 911/1508/711 961/1466/757 962/1465/758
f 911/1508/711 910/1509/710 960/1467/756 961/1466/757
f 910/1509/710 909/1510/709 959/1468/755 960/1467/756
f 909/1510/709 908/1511/708 958/1469/754 959/1468/755
f 908/1511/708 907/1512/707 957/1470/753 958/1469/754
f 907/1512/707 906/1513/706 956/1471/752 957/1470/753
f 906/1513/706 905/36/705 955/38/751 956/1471/752
f 41/1514/1 904/1515/1 954/1473/1 40/1472/1
f 904/1515/1 903/1516/1 953/1474/1 954/1473/1
f 903/1516/1 902/1517/1 952/1475/1 953/1474/1
f 902/1517/1 901/1518/1 951/1476/134 952/1475/1
f 901/1518/1 900/1519/704 950/1477/750 951/1476/134
f 900/1519/704 899/1520/703 949/1478/749 950/1477/750
f 899/1520/703 898/1521/702 948/1479/748 949/1478/749
f 898/1521/702 897/1522/701 947/1480/747 948/1479/748
f 897/1522/701 896/1523/700 946/1481/746 947/1480/747
f 896/1523/700 895/1524/699 945/1482/745 946/1481/746
f 895/1524/699 894/1525/698 944/1483/744 945/1482/745
f 894/1525/698 893/1526/697 943/1484/743 944/1483/744
f 893/1526/697 892/1527/696 942/1485/742 943/1484/743
f 892/1527/696 891/1528/695 941/1486/741 942/1485/742
f 891/1528/695 890/1529/694 940/1487/740 941/1486/741
f 890/1529/694 889/1530/693 939/1488/739 940/1487/740
f 889/1530/693 888/1531/692 938/1489/738 939/1488/739
f 888/1531/692 887/1532/691 937/1490/737 938/1489/738
f 887/1532/691 886/1533/690 936/1491/736 937/1490/737
f 886/1533/690 885/1534/689 935/1535/735 936/1491/736
f 885/1534/689 884/1536/688 934/1537/734 935/1535/735
f 884/1536/688 883/1538/687 933/1539/733 934/1537/734
f 883/1538/687 882/1540/686 932/1541/732 933/1539/733
f 882/1540/686 881/1542/685 931/1543/731 932/1541/732
f 881/1542/685 880/1544/684 930/1545/730 931/1543/731
f 880/1544/684 879/1546/683 929/1547/729 930/1545/730
f 879/1546/683 878/1548/682 928/1549/728 929/1547/729
f 878/1548/682 877/1550/681 927/1551/727 928/1549/728
f 877/1550/681 876/1552/680 926/1553/726 927/1551/727
f 876/1552/680 875/1554/679 925/1493/725 926/1553/726
f 875/1554/679 874/1555/678 924/1494/724 925/1493/725
f 874/1555/678 873/1556/677 923/1496/723 924/1494/724
f 873/1556/677 872/1557/676 922/1497/722 923/1496/723
f 872/1557/676 871/1558/675 921/1498/721 922/1497/722
f 871/1558/675 870/1559/674 920/1499/720 921/1498/721
f 870/1559/674 869/1560/673 919/1500/719 920/1499/720
f 869/1560/673 868/1561/672 918/1501/718 919/1500/719
f 868/1561/672 867/1562/671 917/1502/717 918/1501/718
f 867/1562/671 866/1563/670 916/1503/716 917/1502/717
f 866/1563/670 865/1564/669 915/1504/715 916/1503/716
f 865/1564/669 864/1565/668 914/1505/714 915/1504/715
f 864/1565/668 863/1566/667 913/1506/713 914/1505/714
f 863/1566/667 862/1567/666 912/1507/712 913/1506/713
f 862/1567/666 861/1568/665 911/1508/711 912/1507/712
f 861/1568/665 860/1569/664 910/1509/710 911/1508/711
f 860/1569/664 859/1570/663 909/1510/709 910/1509/710
f 859/1570/663 858/1571/662 908/1511/708 909/1510/709
f 858/1571/662 857/1572/661 907/1512/707 908/1511/708
f 857/1572/661 856/1573/660 906/1513/706 907/1512/707
f 856/1573/660 855/34/659 905/36/705 906/1513/706
f 42/1574/1 854/1575/1 904/1515/1 41/1514/1
f 854/1575/1 853/1576/1 903/1516/1 904/1515/1
f 853/1576/1 852/1577/1 902/1517/1 903/1516/1
f 852/1577/1 851/1578/1 901/1518/1 902/1517/1
f 851/1578/1 850/1579/658 900/1519/704 901/1518/1
f 850/1579/658 849/1580/657 899/1520/703 900/1519/704
f 849/1580/657 848/1581/656 898/1521/702 899/1520/703
f 848/1581/656 847/1582/655 897/1522/701 898/1521/702
f 847/1582/655 846/1583/654 896/1523/700 897/1522/701
f 846/1583/654 845/1584/653 895/1524/699 896/1523/700
f 845/1584/653 844/1585/652 894/1525/698 895/1524/699
f 844/1585/652 843/1586/651 893/1526/697 894/1525/698
f 843/1586/651 842/1587/650 892/1527/696 893/1526/697
f 842/1587/650 841/1588/649 891/1528/695 892/1527/696
f 841/1588/649 840/1589/648 890/1529/694 891/1528/695
f 840/1589/648 839/1590/647 889/1530/693 890/1529/694
f 839/1590/647 838/1591/646 888/1531/692 889/1530/693
f 838/1591/646 837/1592/645 887/1532/691 888/1531/692
f 837/1592/645 836/1593/644 886/1533/690 887/1532/691
f 836/1593/644 835/1594/643 885/1534/689 886/1533/690
f 835/1594/643 834/1595/642 884/1536/688 885/1534/689
f 834/1595/642 833/1596/641 883/1538/687 884/1536/688
f 833/1596/641 832/1597/640 882/1540/686 883/1538/687
f 832/1597/640 831/1598/639 881/1542/685 882/1540/686
f 831/1598/639 830/1599/638 880/1544/684 881/1542/685
f 830/1599/638 829/1600/637 879/1546/683 880/1544/684
f 829/1600/637 828/1601/636 878/1548/682 879/1546/683
f 828/1601/636 827/1602/635 877/1550/681 878/1548/682
f 827/1602/635 826/1603/634 876/1552/680 877/1550/681
f 826/1603/634 825/1604/633 875/1554/679 876/1552/680
f 825/1604/633 824/1605/632 874/1555/678 875/1554/679
f 824/1605/632 823/1606/631 873/1556/677 874/1555/678
f 823/1606/631 822/1607/630 872/1557/676 873/1556/677
f 822/1607/630 821/1608/629 871/1558/675 872/1557/676
f 821/1608/629 820/1609/628 870/1559/674 871/1558/675
f 820/1609/628 819/1610/627 869/1560/673 870/1559/674
f 819/1610/627 818/1611/626 868/1561/672 869/1560/673
f 818/1611/626 817/1612/625 867/1562/671 868/1561/672
f 817/1612/625 816/1613/624 866/1563/670 867/1562/671
f 816/1613/624 815/1614/623 865/1564/669 866/1563/670
f 815/1614/623 814/1615/622 864/1565/668 865/1564/669
f 814/1615/622 813/1616/621 863/1566/667 864/1565/668
f 813/1616/621 812/1617/620 862/1567/666 863/1566/667
f 812/1617/620 811/1618/619 861/1568/665 862/1567/666
f 811/1618/619 810/1619/618 860/1569/664 861/1568/665
f 810/1619/618 809/1620/617 859/1570/663 860/1569/664
f 809/1620/617 808/1621/616 858/1571/662 859/1570/663
f 808/1621/616 807/1622/615 857/1572/661 858/1571/662
f 807/1622/615 806/1623/614 856/1573/660 857/1572/661
f 806/1623/614 805/32/613 855/34/659 856/1573/660
f 43/1624/1 804/1625/1 854/1575/1 42/1574/1
f 804/1625/1 803/1626/1 853/1576/1 854/1575/1
f 803/1626/1 802/1627/1 852/1577/1 853/1576/1
f 802/1627/1 801/1628/1 851/1578/1 852/1577/1
f 801/1628/1 800/1629/612 850/1579/658 851/1578/1
f 800/1629/612 799/1630/611 849/1580/657 850/1579/658
f 799/1630/611 798/1631/610 848/1581/656 849/1580/657
f 798/1631/610 797/1632/609 847/1582/655 848/1581/656
f 797/1632/609 796/1633/608 846/1583/654 847/1582/655
f 796/1633/608 795/1634/607 845/1584/653 846/1583/654
f 795/1634/607 794/1635/606 844/1585/652 845/1584/653
f 794/1635/606 793/1636/605 843/1586/651 844/1585/652
f 793/1636/605 792/1637/604 842/1587/650 843/1586/651
f 792/1637/604 791/1638/603 841/1588/649 842/1587/650
f 791/1638/603 790/1639/602 840/1589/648 841/1588/649
f 790/1639/602 789/1640/601 839/1590/647 840/1589/648
f 789/1640/601 788/1641/600 838/1591/646 839/1590/647
f 788/1641/600 787/1642/599 837/1592/645 838/1591/646
f 787/1642/599 786/1643/598 836/1593/644 837/1592/645
f 786/1643/598 785/1644/597 835/1594/643 836/1593/644
f 785/1644/597 784/1645/596 834/1595/642 835/1594/643
f 784/1645/596 783/1646/595 833/1596/641 834/1595/642
f 783/1646/595 782/1647/594 832/1597/640 833/1596/641
f 782/1647/594 781/1648/593 831/1598/639 832/1597/640
f 781/1648/593 780/1649/592 830/1599/638 831/1598/639
f 780/1649/592 779/1650/591 829/1600/637 830/1599/638
f 779/1650/591 778/1651/590 828/1601/636 829/1600/637
f 778/1651/590 777/1652/589 827/1602/635 828/1601/636
f 777/1652/589 776/1653/588 826/1603/634 827/1602/635
f 776/1653/588 775/1654/587 825/1604/633 826/1603/634
f 775/1654/587 774/1655/586 824/1605/632 825/1604/633
f 774/1655/586 773/1656/585 823/1606/631 824/1605/632
f 773/1656/585 772/1657/584 822/1607/630 823/1606/631
f 772/1657/584 771/1658/583 821/1608/629 822/1607/630
f 771/1658/583 770/1659/582 820/1609/628 821/1608/629
f 770/1659/582 769/1660/581 819/1610/627 820/1609/628
f 769/1660/581 768/1661/580 818/1611/626 819/1610/627
f 768/1661/580 767/1662/579 817/1612/625 818/1611/626
f 767/1662/579 766/1663/578 816/1613/624 817/1612/625
f 766/1663/578 765/1664/577 815/1614/623 816/1613/624
f 765/1664/577 764/1665/576 814/1615/622 815/1614/623
f 764/1665/576 763/1666/575 813/1616/621 814/1615/622
f 763/1666/575 762/1667/574 812/1617/620 813/1616/621
f 762/1667/574 761/1668/573 811/1618/619 812/1617/620
f 761/1668/573 760/1669/572 810/1619/618 811/1618/619
f 760/1669/572 759/1670/571 809/1620/617 810/1619/618
f 759/1670/571 758/1671/570 808/1621/616 809/1620/617
f 758/1671/570 757/1672/569 807/1622/615 808/1621/616
f 757/1672/569 756/1673/568 806/1623/614 807/1622/615
f 756/1673/568 755/30/567 805/32/613 806/1623/614
f 44/1674/1 754/1675/1 804/1625/1 43/1624/1
f 754/1675/1 753/1676/1 803/1626/1 804/1625/1
f 753/1676/1 752/1677/1 802/1627/1 803/1626/1
f 752/1677/1 751/1678/1 801/1628/1 802/1627/1
f 751/1678/1 750/1679/566 800/1629/612 801/1628/1
f 750/1679/566 749/1680/565 799/1630/611 800/1629/612
f 749/1680/565 748/1681/564 798/1631/610 799/1630/611
f 748/1681/564 747/1682/563 797/1632/609 798/1631/610
f 747/1682/563 746/1683/562 796/1633/608 797/1632/609
f 746/1683/562 745/1684/561 795/1634/607 796/1633/608
f 745/1684/561 744/1685/560 794/1635/606 795/1634/607
f 744/1685/560 743/1686/559 793/1636/605 794/1635/606
f 743/1686/559 742/1687/558 792/1637/604 793/1636/605
f 742/1687/558 741/1688/557 791/1638/603 792/1637/604
f 741/1688/557 740/1689/556 790/1639/602 791/1638/603
f 740/1689/556 739/1690/555 789/1640/601 790/1639/602
f 739/1690/555 738/1691/554 788/1641/600 789/1640/601
f 738/1691/554 737/1692/553 787/1642/599 788/1641/600
f 737/1692/553 736/1693/552 786/1643/598 787/1642/599
f 736/1693/552 735/1694/551 785/1644/597 786/1643/598
f 735/1694/551 734/1695/550 784/1645/596 785/1644/597
f 734/1695/550 733/1696/549 783/1646/595 784/1645/596
f 733/1696/549 732/1697/548 782/1647/594 783/1646/595
f 732/1697/548 731/1698/547 781/1648/593 782/1647/594
f 731/1698/547 730/1699/546 780/1649/592 781/1648/593
f 730/1699/546 729/1700/545 779/1650/591 780/1649/592
f 729/1700/545 728/1701/544 778/1651/590 779/1650/591
f 728/1701/544 727/1702/543 777/1652/589 778/1651/590
f 727/1702/543 726/1703/542 776/1653/588 777/1652/589
f 726/1703/542 725/1704/541 775/1654/587 776/1653/588
f 725/1704/541 724/1705/540 774/1655/586 775/1654/587
f 724/1705/540 723/1706/539 773/1656/585 774/1655/586
f 723/1706/539 722/1707/538 772/1657/584 773/1656/585
f 722/1707/538 721/1708/537 771/1658/583 772/1657/584
f 721/1708/537 720/1709/536 770/1659/582 771/1658/583
f 720/1709/536 719/1710/535 769/1660/581 770/1659/582
f 719/1710/535 718/1711/534 768/1661/580 769/1660/581
f 718/1711/534 717/1712/533 767/1662/579 768/1661/580
f 717/1712/533 716/1713/532 766/1663/578 767/1662/579
f 716/1713/532 715/1714/531 765/1664/577 766/1663/578
f 715/1714/531 714/1715/530 764/1665/576 765/1664/577
f 714/1715/530 713/1716/529 763/1666/575 764/1665/576
f 713/1716/529 712/1717/528 762/1667/574 763/1666/575
f 712/1717/528 711/1718/527 761/1668/573 762/1667/574
f 711/1718/527 710/1719/526 760/1669/572 761/1668/573
f 710/1719/526 709/1720/525 759/1670/571 760/1669/572
f 709/1720/525 708/1721/524 758/1671/570 759/1670/571
f 708/1721/524 707/1722/523 757/1672/569 758/1671/570
f 707/1722/523 706/1723/522 756/1673/568 757/1672/569
f 706/1723/522 705/28/521 755/30/567 756/1673/568
f 45/1724/1 704/1725/1 754/1675/1 44/1674/1
f 704/1725/1 703/1726/1 753/1676/1 754/1675/1
f 703/1726/1 702/1727/1 752/1677/1 753/1676/1
f 702/1727/1 701/1728/1 751/1678/1 752/1677/1
f 701/1728/1 700/1729/520 750/1679/566 751/1678/1
f 700/1729/520 699/1730/519 749/1680/565 750/1679/566
f 699/1730/519 698/1731/518 748/1681/564 749/1680/565
f 698/1731/518 697/1732/517 747/1682/563 748/1681/564
f 697/1732/517 696/1733/516 746/1683/562 747/1682/563
f 696/1733/516 695/1734/515 745/1684/561 746/1683/562
f 695/1734/515 694/1735/514 744/1685/560 745/1684/561
f 694/1735/514 693/1736/513 743/1686/559 744/1685/560
f 693/1736/513 692/1737/512 742/1687/558 743/1686/559
f 692/1737/512 691/1738/511 741/1688/557 742/1687/558
f 691/1738/511 690/1739/510 740/1689/556 741/1688/557
f 690/1739/510 689/1740/509 739/1690/555 740/1689/556
f 689/1740/509 688/1741/508 738/1691/554 739/1690/555
f 688/1741/508 687/1742/507 737/1692/553 738/1691/554
f 687/1742/507 686/1743/506 736/1693/552 737/1692/553
f 686/1743/506 685/1744/505 735/1694/551 736/1693/552
f 685/1744/505 684/1745/504 734/1695/550 735/1694/551
f 684/1745/504 683/1746/503 733/1696/549 734/1695/550
f 683/1746/503 682/1747/502 732/1697/548 733/1696/549
f 682/1747/502 681/1748/501 731/1698/547 732/1697/548
f 681/1748/501 680/1749/500 730/1699/546 731/1698/547
f 680/1749/500 679/1750/499 729/1700/545 730/1699/546
f 679/1750/499 678/1751/498 728/1701/544 729/1700/545
f 678/1751/498 677/1752/497 727/1702/543 728/1701/544
f 677/1752/497 676/1753/496 726/1703/542 727/1702/543
f 676/1753/496 675/1754/495 725/1704/541 726/1703/542
f 675/1754/495 674/1755/494 724/1705/540 725/1704/541
f 674/1755/494 673/1756/493 723/1706/539 724/1705/540
f 673/1756/493 672/1757/492 722/1707/538 723/1706/539
f 672/1757/492 671/1758/491 721/1708/537 722/1707/538
f 671/1758/491 670/1759/490 720/1709/536 721/1708/537
f 670/1759/490 669/1760/489 719/1710/535 720/1709/536
f 669/1760/489 668/1761/488 718/1711/534 719/1710/535
f 668/1761/488 667/1762/487 717/1712/533 718/1711/534
f 667/1762/487 666/1763/486 716/1713/532 717/1712/533
f 666/1763/486 665/1764/485 715/1714/531 716/1713/532
f 665/1764/485 664/1765/484 714/1715/530 715/1714/531
f 664/1765/484 663/1766/483 713/1716/529 714/1715/530
f 663/1766/483 662/1767/482 712/1717/528 713/1716/529
f 662/1767/482 661/1768/481 711/1718/527 712/1717/528
f 661/1768/481 660/1769/480 710/1719/526 711/1718/527
f 660/1769/480 659/1770/479 709/1720/525 710/1719/526
f 659/1770/479 658/1771/478 708/1721/524 709/1720/525
f 658/1771/478 657/1772/477 707/1722/523 708/1721/524
f 657/1772/477 656/1773/476 706/1723/522 707/1722/523
f 656/1773/476 655/26/475 705/28/521 706/1723/522
f 46/1774/1 654/1775/1 704/1725/1 45/1724/1
f 654/1775/1 653/1776/1 703/1726/1 704/1725/1
f 653/1776/1 652/1777/1 702/1727/1 703/1726/1
f 652/1777/1 651/1778/1 701/1728/1 702/1727/1
f 651/1778/1 650/1779/134 700/1729/520 701/1728/1
f 650/1779/134 649/1780/474 699/1730/519 700/1729/520
f 649/1780/474 648/1781/473 698/1731/518 699/1730/519
f 648/1781/473 647/1782/472 697/1732/517 698/1731/518
f 647/1782/472 646/1783/471 696/1733/516 697/1732/517
f 646/1783/471 645/1784/470 695/1734/515 696/1733/516
f 645/1784/470 644/1785/469 694/1735/514 695/1734/515
f 644/1785/469 643/1786/468 693/1736/513 694/1735/514
f 643/1786/468 642/1787/467 692/1737/512 693/1736/513
f 642/1787/467 641/1788/466 691/1738/511 692/1737/512
f 641/1788/466 640/1789/465 690/1739/510 691/1738/511
f 640/1789/465 639/1790/464 689/1740/509 690/1739/510
f 639/1790/464 638/1791/463 688/1741/508 689/1740/509
f 638/1791/463 637/1792/462 687/1742/507 688/1741/508
f 637/1792/462 636/1793/461 686/1743/506 687/1742/507
f 636/1793/461 635/1794/460 685/1744/505 686/1743/506
f 635/1794/460 634/1795/459 684/1745/504 685/1744/505
f 634/1795/459 633/1796/458 683/1746/503 684/1745/504
f 633/1796/458 632/1797/457 682/1747/502 683/1746/503
f 632/1797/457 631/1798/456 681/1748/501 682/1747/502
f 631/1798/456 630/1799/455 680/1749/500 681/1748/501
f 630/1799/455 629/1800/454 679/1750/499 680/1749/500
f 629/1800/454 628/1801/453 678/1751/498 679/1750/499
f 628/1801/453 627/1802/452 677/1752/497 678/1751/498
f 627/1802/452 626/1803/451 676/1753/496 677/1752/497
f 626/1803/451 625/1804/450 675/1754/495 676/1753/496
f 625/1804/450 624/1805/449 674/1755/494 675/1754/495
f 624/1805/449 623/1806/448 673/1756/493 674/1755/494
f 623/1806/448 622/1807/447 672/1757/492 673/1756/493
f 622/1807/447 621/1808/446 671/1758/491 672/1757/492
f 621/1808/446 620/1809/445 670/1759/490 671/1758/491
f 620/1809/445 619/1810/444 669/1760/489 670/1759/490
f 619/1810/444 618/1811/443 668/1761/488 669/1760/489
f 618/1811/443 617/1812/442 667/1762/487 668/1761/488
f 617/1812/442 616/1813/441 666/1763/486 667/1762/487
f 616/1813/441 615/1814/440 665/1764/485 666/1763/486
f 615/1814/440 614/1815/439 664/1765/484 665/1764/485
f 614/1815/439 613/1816/438 663/1766/483 664/1765/484
f 613/1816/438 612/1817/437 662/1767/482 663/1766/483
f 612/1817/437 611/1818/436 661/1768/481 662/1767/482
f 611/1818/436 610/1819/435 660/1769/480 661/1768/481
f 610/1819/435 609/1820/434 659/1770/479 660/1769/480
f 609/1820/434 608/1821/433 658/1771/478 659/1770/479
f 608/1821/433 607/1822/432 657/1772/477 658/1771/478
f 607/1822/432 606/1823/431 656/1773/476 657/1772/477
f 606/1823/431 605/24/430 655/26/475 656/1773/476
f 47/1824/1 604/1825/1 654/1775/1 46/1774/1
f 604/1825/1 603/1826/1 653/1776/1 654/1775/1
f 603/1826/1 602/1827/1 652/1777/1 653/1776/1
f 602/1827/1 601/1828/1 651/1778/1 652/1777/1
f 601/1828/1 600/1829/1 650/1779/134 651/1778/1
f 600/1829/1 599/1830/429 649/1780/474 650/1779/134
f 599/1830/429 598/1831/428 648/1781/473 649/1780/474
f 598/1831/428 597/1832/427 647/1782/472 648/1781/473
f 597/1832/427 596/1833/426 646/1783/471 647/1782/472
f 596/1833/426 595/1834/425 645/1784/470 646/1783/471
f 595/1834/425 594/1835/424 644/1785/469 645/1784/470
f 594/1835/424 593/1836/423 643/1786/468 644/1785/469
f 593/1836/423 592/1837/422 642/1787/467 643/1786/468
f 592/1837/422 591/1838/421 641/1788/466 642/1787/467
f 591/1838/421 590/1839/420 640/1789/465 641/1788/466
f 590/1839/420 589/1840/419 639/1790/464 640/1789/465
f 589/1840/419 588/1841/418 638/1791/463 639/1790/464
f 588/1841/418 587/1842/417 637/1792/462 638/1791/463
f 587/1842/417 586/1843/416 636/1793/461 637/1792/462
f 586/1843/416 585/1844/415 635/1794/460 636/1793/461
f 585/1844/415 584/1845/414 634/1795/459 635/1794/460
f 584/1845/414 583/1846/413 633/1796/458 634/1795/459
f 583/1846/413 582/1847/412 632/1797/457 633/1796/458
f 582/1847/412 581/1848/411 631/1798/456 632/1797/457
f 581/1848/411 580/1849/410 630/1799/455 631/1798/456
f 580/1849/410 579/1850/409 629/1800/454 630/1799/455
f 579/1850/409 578/1851/408 628/1801/453 629/1800/454
f 578/1851/408 577/1852/407 627/1802/452 628/1801/453
f 577/1852/407 576/1853/406 626/1803/451 627/1802/452
f 576/1853/406 575/1854/405 625/1804/450 626/1803/451
f 575/1854/405 574/1855/404 624/1805/449 625/1804/450
f 574/1855/404 573/1856/403 623/1806/448 624/1805/449
f 573/1856/403 572/1857/402 622/1807/447 623/1806/448
f 572/1857/402 571/1858/401 621/1808/446 622/1807/447
f 571/1858/401 570/1859/400 620/1809/445 621/1808/446
f 570/1859/400 569/1860/399 619/1810/444 620/1809/445
f 569/1860/399 568/1861/398 618/1811/443 619/1810/444
f 568/1861/398 567/1862/397 617/1812/442 618/1811/443
f 567/1862/397 566/1863/396 616/1813/441 617/1812/442
f 566/1863/396 565/1864/395 615/1814/440 616/1813/441
f 565/1864/395 564/1865/394 614/1815/439 615/1814/440
f 564/1865/394 563/1866/393 613/1816/438 614/1815/439
f 563/1866/393 562/1867/392 612/1817/437 613/1816/438
f 562/1867/392 561/1868/391 611/1818/436 612/1817/437
f 561/1868/391 560/1869/390 610/1819/435 611/1818/436
f 560/1869/390 559/1870/389 609/1820/434 610/1819/435
f 559/1870/389 558/1871/388 608/1821/433 609/1820/434
f 558/1871/388 557/1872/387 607/1822/432 608/1821/433
f 557/1872/387 556/1873/386 606/1823/431 607/1822/432
f 556/1873/386 555/22/385 605/24/430 606/1823/431
f 48/1874/1 554/1875/1 604/1825/1 47/1824/1
f 554/1875/1 553/1876/1 603/1826/1 604/1825/1
f 553/1876/1 552/1877/1 602/1827/1 603/1826/1
f 552/1877/1 551/1878/1 601/1828/1 602/1827/1
f 551/1878/1 550/1879/1 600/1829/1 601/1828/1
f 550/1879/1 549/1880/384 599/1830/429 600/1829/1
f 549/1880/384 548/1881/383 598/1831/428 599/1830/429
f 548/1881/383 547/1882/382 597/1832/427 598/1831/428
f 547/1882/382 546/1883/381 596/1833/426 597/1832/427
f 546/1883/381 545/1884/380 595/1834/425 596/1833/426
f 545/1884/380 544/1885/379 594/1835/424 595/1834/425
f 544/1885/379 543/1886/378 593/1836/423 594/1835/424
f 543/1886/378 542/1887/377 592/1837/422 593/1836/423
f 542/1887/377 541/1888/376 591/1838/421 592/1837/422
f 541/1888/376 540/1889/375 590/1839/420 591/1838/421
f 540/1889/375 539/1890/374 589/1840/419 590/1839/420
f 539/1890/374 538/1891/373 588/1841/418 589/1840/419
f 538/1891/373 537/1892/372 587/1842/417 588/1841/418
f 537/1892/372 536/1893/371 586/1843/416 587/1842/417
f 536/1893/371 535/1894/370 585/1844/415 586/1843/416
f 535/1894/370 534/1895/369 584/1845/414 585/1844/415
f 534/1895/369 533/1896/368 583/1846/413 584/1845/414
f 533/1896/368 532/1897/367 582/1847/412 583/1846/413
f 532/1897/367 531/1898/366 581/1848/411 582/1847/412
f 531/1898/366 530/1899/365 580/1849/410 581/1848/411
f 530/1899/365 529/1900/364 579/1850/409 580/1849/410
f 529/1900/364 528/1901/363 578/1851/408 579/1850/409
f 528/1901/363 527/1902/362 577/1852/407 578/1851/408
f 527/1902/362 526/1903/361 576/1853/406 577/1852/407
f 526/1903/361 525/1904/360 575/1854/405 576/1853/406
f 525/1904/360 524/1905/359 574/1855/404 575/1854/405
f 524/1905/359 523/1906/358 573/1856/403 574/1855/404
f 523/1906/358 522/1907/357 572/1857/402 573/1856/403
f 522/1907/357 521/1908/356 571/1858/401 572/1857/402
f 521/1908/356 520/1909/355 570/1859/400 571/1858/401
f 520/1909/355 519/1910/354 569/1860/399 570/1859/400
f 519/1910/354 518/1911/353 568/1861/398 569/1860/399
f 518/1911/353 517/1912/352 567/1862/397 568/1861/398
f 517/1912/352 516/1913/351 566/1863/396 567/1862/397
f 516/1913/351 515/1914/350 565/1864/395 566/1863/396
f 515/1914/350 514/1915/349 564/1865/394 565/1864/395
f 514/1915/349 513/1916/348 563/1866/393 564/1865/394
f 513/1916/348 512/1917/347 562/1867/392 563/1866/393
f 512/1917/347 511/1918/346 561/1868/391 562/1867/392
f 511/1918/346 510/1919/345 560/1869/390 561/1868/391
f 510/1919/345 509/1920/344 559/1870/389 560/1869/390
f 509/1920/344 508/1921/343 558/1871/388 559/1870/389
f 508/1921/343 507/1922/342 557/1872/387 558/1871/388
f 507/1922/342 506/1923/341 556/1873/386 557/1872/387
f 506/1923/341 505/20/340 555/22/385 556/1873/386
f 49/1924/1 504/1925/1 554/1875/1 48/1874/1
f 504/1925/1 503/1926/1 553/1876/1 554/1875/1
f 503/1926/1 502/1927/1 552/1877/1 553/1876/1
f 502/1927/1 501/1928/1 551/1878/1 552/1877/1
f 501/1928/1 500/1929/1 550/1879/1 551/1878/1
f 500/1929/1 499/1930/1 549/1880/384 550/1879/1
f 499/1930/1 498/1931/339 548/1881/383 549/1880/384
f 498/1931/339 497/1932/338 547/1882/382 548/1881/383
f 497/1932/338 496/1933/337 546/1883/381 547/1882/382
f 496/1933/337 495/1934/336 545/1884/380 546/1883/381
f 495/1934/336 494/1935/335 544/1885/379 545/1884/380
f 494/1935/335 493/1936/334 543/1886/378 544/1885/379
f 493/1936/334 492/1937/333 542/1887/377 543/1886/378
f 492/1937/333 491/1938/332 541/1888/376 542/1887/377
f 491/1938/332 490/1939/331 540/1889/375 541/1888/376
f 490/1939/331 489/1940/330 539/1890/374 540/1889/375
f 489/1940/330 488/1941/329 538/1891/373 539/1890/374
f 488/1941/329 487/1942/328 537/1892/372 538/1891/373
f 487/1942/328 486/1943/327 536/1893/371 537/1892/372
f 486/1943/327 485/1944/326 535/1894/370 536/1893/371
f 485/1944/326 484/1945/325 534/1895/369 535/1894/370
f 484/1945/325 483/1946/324 533/1896/368 534/1895/369
f 483/1946/324 482/1947/323 532/1897/367 533/1896/368
f 482/1947/323 481/1948/322 531/1898/366 532/1897/367
f 481/1948/322 480/1949/321 530/1899/365 531/1898/366
f 480/1949/321 479/1950/320 529/1900/364 530/1899/365
f 479/1950/320 478/1951/319 528/1901/363 529/1900/364
f 478/1951/319 477/1952/318 527/1902/362 528/1901/363
f 477/1952/318 476/1953/317 526/1903/361 527/1902/362
f 476/1953/317 475/1954/316 525/1904/360 526/1903/361
f 475/1954/316 474/1955/315 524/1905/359 525/1904/360
f 474/1955/315 473/1956/314 523/1906/358 524/1905/359
f 473/1956/314 472/1957/313 522/1907/357 523/1906/358
f 472/1957/313 471/1958/312 521/1908/356 522/1907/357
f 471/1958/312 470/1959/311 520/1909/355 521/1908/356
f 470/1959/311 469/1960/310 519/1910/354 520/1909/355
f 469/1960/310 468/1961/309 518/1911/353 519/1910/354
f 468/1961/309 467/1962/308 517/1912/352 518/1911/353
f 467/1962/308 466/1963/307 516/1913/351 517/1912/352
f 466/1963/307 465/1964/306 515/1914/350 516/1913/351
f 465/1964/306 464/1965/305 514/1915/349 515/1914/350
f 464/1965/305 463/1966/304 513/1916/348 514/1915/349
f 463/1966/304 462/1967/303 512/1917/347 513/1916/348
f 462/1967/303 461/1968/302 511/1918/346 512/1917/347
f 461/1968/302 460/1969/301 510/1919/345 511/1918/346
f 460/1969/301 459/1970/300 509/1920/344 510/1919/345
f 459/1970/300 458/1971/299 508/1921/343 509/1920/344
f 458/1971/299 457/1972/298 507/1922/342 508/1921/343
f 457/1972/298 456/1973/297 506/1923/341 507/1922/342
f 456/1973/297 455/18/296 505/20/340 506/1923/341
f 50/1974/1 454/1975/1 504/1925/1 49/1924/1
f 454/1975/1 453/1976/1 503/1926/1 504/1925/1
f 453/1976/1 452/1977/1 502/1927/1 503/1926/1
f 452/1977/1 451/1978/1 501/1928/1 502/1927/1
f 451/1978/1 450/1979/1 500/1929/1 501/1928/1
f 450/1979/1 449/1980/1 499/1930/1 500/1929/1
f 449/1980/1 448/1981/134 498/1931/339 499/1930/1
f 448/1981/134 447/1982/295 497/1932/338 498/1931/339
f 447/1982/295 446/1983/294 496/1933/337 497/1932/338
f 446/1983/294 445/1984/293 495/1934/336 496/1933/337
f 445/1984/293 444/1985/292 494/1935/335 495/1934/336
f 444/1985/292 443/1986/291 493/1936/334 494/1935/335
f 443/1986/291 442/1987/290 492/1937/333 493/1936/334
f 442/1987/290 441/1988/289 491/1938/332 492/1937/333
f 441/1988/289 440/1989/288 490/1939/331 491/1938/332
f 440/1989/288 439/1990/287 489/1940/330 490/1939/331
f 439/1990/287 438/1991/286 488/1941/329 489/1940/330
f 438/1991/286 437/1992/285 487/1942/328 488/1941/329
f 437/1992/285 436/1993/284 486/1943/327 487/1942/328
f 436/1993/284 435/1994/283 485/1944/326 486/1943/327
f 435/1994/283 434/1995/282 484/1945/325 485/1944/326
f 434/1995/282 433/1996/281 483/1946/324 484/1945/325
f 433/1996/281 432/1997/280 482/1947/323 483/1946/324
f 432/1997/280 431/1998/279 481/1948/322 482/1947/323
f 431/1998/279 430/1999/278 480/1949/321 481/1948/322
f 430/1999/278 429/2000/277 479/1950/320 480/1949/321
f 429/2000/277 428/2001/276 478/1951/319 479/1950/320
f 428/2001/276 427/2002/275 477/1952/318 478/1951/319
f 427/2002/275 426/2003/274 476/1953/317 477/1952/318
f 426/2003/274 425/2004/273 475/1954/316 476/1953/317
f 425/2004/273 424/2005/272 474/1955/315 475/1954/316
f 424/2005/272 423/2006/271 473/1956/314 474/1955/315
f 423/2006/271 422/2007/270 472/1957/313 473/1956/314
f 422/2007/270 421/2008/269 471/1958/312 472/1957/313
f 421/2008/269 420/2009/268 470/1959/311 471/1958/312
f 420/2009/268 419/2010/267 469/1960/310 470/1959/311
f 419/2010/267 418/2011/266 468/1961/309 469/1960/310
f 418/2011/266 417/2012/265 467/1962/308 468/1961/309
f 417/2012/265 416/2013/264 466/1963/307 467/1962/308
f 416/2013/264 415/2014/263 465/1964/306 466/1963/307
f 415/2014/263 414/2015/262 464/1965/305 465/1964/306
f 414/2015/262 413/2016/261 463/1966/304 464/1965/305
f 413/2016/261 412/2017/260 462/1967/303 463/1966/304
f 412/2017/260 411/2018/259 461/1968/302 462/1967/303
f 411/2018/259 410/2019/258 460/1969/301 461/1968/302
f 410/2019/258 409/2020/257 459/1970/300 460/1969/301
f 409/2020/257 408/2021/256 458/1971/299 459/1970/300
f 408/2021/256 407/2022/255 457/1972/298 458/1971/299
f 407/2022/255 406/2023/254 456/1973/297 457/1972/298
f 406/2023/254 405/16/253 455/18/296 456/1973/297
f 51/2024/1 404/2025/1 454/1975/1 50/1974/1
f 404/2025/1 403/2026/1 453/1976/1 454/1975/1
f 403/2026/1 402/2027/1 452/1977/1 453/1976/1
f 402/2027/1 401/2028/1 451/1978/1 452/1977/1
f 401/2028/1 400/2029/1 450/1979/1 451/1978/1
f 400/2029/1 399/2030/1 449/1980/1 450/1979/1
f 399/2030/1 398/2031/1 448/1981/134 449/1980/1
f 398/2031/1 397/2032/1 447/1982/295 448/1981/134
f 397/2032/1 396/2033/252 446/1983/294 447/1982/295
f 396/2033/252 395/2034/251 445/1984/293 446/1983/294
f 395/2034/251 394/2035/250 444/1985/292 445/1984/293
f 394/2035/250 393/2036/249 443/1986/291 444/1985/292
f 393/2036/249 392/2037/248 442/1987/290 443/1986/291
f 392/2037/248 391/2038/247 441/1988/289 442/1987/290
f 391/2038/247 390/2039/246 440/1989/288 441/1988/289
f 390/2039/246 389/2040/245 439/1990/287 440/1989/288
f 389/2040/245 388/2041/244 438/1991/286 439/1990/287
f 388/2041/244 387/2042/243 437/1992/285 438/1991/286
f 387/2042/243 386/2043/242 436/1993/284 437/1992/285
f 386/2043/242 385/2044/241 435/1994/283 436/1993/284
f 385/2044/241 384/2045/240 434/1995/282 435/1994/283
f 384/2045/240 383/2046/239 433/1996/281 434/1995/282
f 383/2046/239 382/2047/238 432/1997/280 433/1996/281
f 382/2047/238 381/2048/237 431/1998/279 432/1997/280
f 381/2048/237 380/2049/236 430/1999/278 431/1998/279
f 380/2049/236 379/2050/235 429/2000/277 430/1999/278
f 379/2050/235 378/2051/234 428/2001/276 429/2000/277
f 378/2051/234 377/2052/233 427/2002/275 428/2001/276
f 377/2052/233 376/2053/232 426/2003/274 427/2002/275
f 376/2053/232 375/2054/231 425/2004/273 426/2003/274
f 375/2054/231 374/2055/230 424/2005/272 425/2004/273
f 374/2055/230 373/2056/229 423/2006/271 424/2005/272
f 373/2056/229 372/2057/228 422/2007/270 423/2006/271
f 372/2057/228 371/2058/227 421/2008/269 422/2007/270
f 371/2058/227 370/2059/226 420/2009/268 421/2008/269
f 370/2059/226 369/2060/225 419/2010/267 420/2009/268
f 369/2060/225 368/2061/224 418/2011/266 419/2010/267
f 368/2061/224 367/2062/223 417/2012/265 418/2011/266
f 367/2062/223 366/2063/222 416/2013/264 417/2012/265
f 366/2063/222 365/2064/221 415/2014/263 416/2013/264
f 365/2064/221 364/2065/220 414/2015/262 415/2014/263
f 364/2065/220 363/2066/219 413/2016/261 414/2015/262
f 363/2066/219 362/2067/218 412/2017/260 413/2016/261
f 362/2067/218 361/2068/217 411/2018/259 412/2017/260
f 361/2068/217 360/2069/216 410/2019/258 411/2018/259
f 360/2069/216 359/2070/215 409/2020/257 410/2019/258
f 359/2070/215 358/2071/214 408/2021/256 409/2020/257
f 358/2071/214 357/2072/213 407/2022/255 408/2021/256
f 357/2072/213 356/2073/212 406/2023/254 407/2022/255
f 356/2073/212 355/14/211 405/16/253 406/2023/254
f 52/2074/1 354/2075/1 404/2025/1 51/2024/1
f 354/2075/1 353/2076/1 403/2026/1 404/2025/1
f 353/2076/1 352/2077/1 402/2027/1 403/2026/1
f 352/2077/1 351/2078/1 401/2028/1 402/2027/1
f 351/2078/1 350/2079/1 400/2029/1 401/2028/1
f 350/2079/1 349/2080/1 399/2030/1 400/2029/1
f 349/2080/1 348/2081/1 398/2031/1 399/2030/1
f 348/2081/1 347/2082/1 397/2032/1 398/2031/1
f 347/2082/1 346/2083/1 396/2033/252 397/2032/1
f 346/2083/1 345/2084/1 395/2034/251 396/2033/252
f 345/2084/1 344/2085/134 394/2035/250 395/2034/251
f 344/2085/134 343/2086/210 393/2036/249 394/2035/250
f 343/2086/210 342/2087/209 392/2037/248 393/2036/249
f 342/2087/209 341/2088/208 391/2038/247 392/2037/248
f 341/2088/208 340/2089/207 390/2039/246 391/2038/247
f 340/2089/207 339/2090/206 389/2040/245 390/2039/246
f 339/2090/206 338/2091/205 388/2041/244 389/2040/245
f 338/2091/205 337/2092/204 387/2042/243 388/2041/244
f 337/2092/204 336/2093/203 386/2043/242 387/2042/243
f 336/2093/203 335/2094/202 385/2044/241 386/2043/242
f 335/2094/202 334/2095/201 384/2045/240 385/2044/241
f 334/2095/201 333/2096/200 383/2046/239 384/2045/240
f 333/2096/200 332/2097/199 382/2047/238 383/2046/239
f 332/2097/199 331/2098/198 381/2048/237 382/2047/238
f 331/2098/198 330/2099/197 380/2049/236 381/2048/237
f 330/2099/197 329/2100/196 379/2050/235 380/2049/236
f 329/2100/196 328/2101/195 378/2051/234 379/2050/235
f 328/2101/195 327/2102/194 377/2052/233 378/2051/234
f 327/2102/194 326/2103/193 376/2053/232 377/2052/233
f 326/2103/193 325/2104/192 375/2054/231 376/2053/232
f 325/2104/192 324/2105/191 374/2055/230 375/2054/231
f 324/2105/191 323/2106/190 373/2056/229 374/2055/230
f 323/2106/190 322/2107/189 372/2057/228 373/2056/229
f 322/2107/189 321/2108/188 371/2058/227 372/2057/228
f 321/2108/188 320/2109/187 370/2059/226 371/2058/227
f 320/2109/187 319/2110/186 369/2060/225 370/2059/226
f 319/2110/186 318/2111/185 368/2061/224 369/2060/225
f 318/2111/185 317/2112/184 367/2062/223 368/2061/224
f 317/2112/184 316/2113/183 366/2063/222 367/2062/223
f 316/2113/183 315/2114/182 365/2064/221 366/2063/222
f 315/2114/182 314/2115/181 364/2065/220 365/2064/221
f 314/2115/181 313/2116/180 363/2066/219 364/2065/220
f 313/2116/180 312/2117/179 362/2067/218 363/2066/219
f 312/2117/179 311/2118/178 361/2068/217 362/2067/218
f 311/2118/178 310/2119/177 360/2069/216 361/2068/217
f 310/2119/177 309/2120/176 359/2070/215 360/2069/216
f 309/2120/176 308/2121/175 358/2071/214 359/2070/215
f 308/2121/175 307/2122/174 357/2072/213 358/2071/214
f 307/2122/174 306/2123/173 356/2073/212 357/2072/213
f 306/2123/173 305/12/172 355/14/211 356/2073/212
f 53/2124/1 304/2125/1 354/2075/1 52/2074/1
f 304/2125/1 303/2126/1 353/2076/1 354/2075/1
f 303/2126/1 302/2127/1 352/2077/1 353/2076/1
f 302/2127/1 301/2128/1 351/2078/1 352/2077/1
f 301/2128/1 300/2129/1 350/2079/1 351/2078/1
f 300/2129/1 299/2130/1 349/2080/1 350/2079/1
f 299/2130/1 298/2131/1 348/2081/1 349/2080/1
f 298/2131/1 297/2132/1 347/2082/1 348/2081/1
f 297/2132/1 296/2133/1 346/2083/1 347/2082/1
f 296/2133/1 295/2134/1 345/2084/1 346/2083/1
f 295/2134/1 294/2135/1 344/2085/134 345/2084/1
f 294/2135/1 293/2136/1 343/2086/210 344/2085/134
f 293/2136/1 292/2137/1 342/2087/209 343/2086/210
f 292/2137/1 291/2138/171 341/2088/208 342/2087/209
f 291/2138/171 290/2139/170 340/2089/207 341/2088/208
f 290/2139/170 289/2140/169 339/2090/206 340/2089/207
f 289/2140/169 288/2141/168 338/2091/205 339/2090/206
f 288/2141/168 287/2142/167 337/2092/204 338/2091/205
f 287/2142/167 286/2143/166 336/2093/203 337/2092/204
f 286/2143/166 285/2144/165 335/2094/202 336/2093/203
f 285/2144/165 284/2145/164 334/2095/201 335/2094/202
f 284/2145/164 283/2146/163 333/2096/200 334/2095/201
f 283/2146/163 282/2147/162 332/2097/199 333/2096/200
f 282/2147/162 281/2148/161 331/2098/198 332/2097/199
f 281/2148/161 280/2149/160 330/2099/197 331/2098/198
f 280/2149/160 279/2150/159 329/2100/196 330/2099/197
f 279/2150/159 278/2151/158 328/2101/195 329/2100/196
f 278/2151/158 277/2152/157 327/2102/194 328/2101/195
f 277/2152/157 276/2153/156 326/2103/193 327/2102/194
f 276/2153/156 275/2154/155 325/2104/192 326/2103/193
f 275/2154/155 274/2155/154 324/2105/191 325/2104/192
f 274/2155/154 273/2156/153 323/2106/190 324/2105/191
f 273/2156/153 272/2157/152 322/2107/189 323/2106/190
f 272/2157/152 271/2158/151 321/2108/188 322/2107/189
f 271/2158/151 270/2159/150 320/2109/187 321/2108/188
f 270/2159/150 269/2160/149 319/2110/186 320/2109/187
f 269/2160/149 268/2161/148 318/2111/185 319/2110/186
f 268/2161/148 267/2162/147 317/2112/184 318/2111/185
f 267/2162/147 266/2163/146 316/2113/183 317/2112/184
f 266/2163/146 265/2164/145 315/2114/182 316/2113/183
f 265/2164/145 264/2165/144 314/2115/181 315/2114/182
f 264/2165/144 263/2166/143 313/2116/180 314/2115/181
f 263/2166/143 262/2167/142 312/2117/179 313/2116/180
f 262/2167/142 261/2168/141 311/2118/178 312/2117/179
f 261/2168/141 260/2169/140 310/2119/177 311/2118/178
f 260/2169/140 259/2170/139 309/2120/176 310/2119/177
f 259/2170/139 258/2171/138 308/2121/175 309/2120/176
f 258/2171/138 257/2172/137 307/2122/174 308/2121/175
f 257/2172/137 256/2173/136 306/2123/173 307/2122/174
f 256/2173/136 255/10/135 305/12/172 306/2123/173
f 54/2174/1 254/2175/1 304/2125/1 53/2124/1
f 254/2175/1 253/2176/1 303/2126/1 304/2125/1
f 253/2176/1 252/2177/1 302/2127/1 303/2126/1
f 252/2177/1 251/2178/1 301/2128/1 302/2127/1
f 251/2178/1 250/2179/1 300/2129/1 301/2128/1
f 250/2179/1 249/2180/1 299/2130/1 300/2129/1
f 249/2180/1 248/2181/1 298/2131/1 299/2130/1
f 248/2181/1 247/2182/1 297/2132/1 298/2131/1
f 247/2182/1 246/2183/1 296/2133/1 297/2132/1
f 246/2183/1 245/2184/1 295/2134/1 296/2133/1
f 245/2184/1 244/2185/1 294/2135/1 295/2134/1
f 244/2185/1 243/2186/1 293/2136/1 294/2135/1
f 243/2186/1 242/2187/1 292/2137/1 293/2136/1
f 242/2187/1 241/2188/134 291/2138/171 292/2137/1
f 241/2188/134 240/2189/133 290/2139/170 291/2138/171
f 240/2189/133 239/2190/132 289/2140/169 290/2139/170
f 239/2190/132 238/2191/131 288/2141/168 289/2140/169
f 238/2191/131 237/2192/130 287/2142/167 288/2141/168
f 237/2192/130 236/2193/129 286/2143/166 287/2142/167
f 236/2193/129 235/2194/128 285/2144/165 286/2143/166
f 235/2194/128 234/2195/127 284/2145/164 285/2144/165
f 234/2195/127 233/2196/126 283/2146/163 284/2145/164
f 233/2196/126 232/2197/125 282/2147/162 283/2146/163
f 232/2197/125 231/2198/124 281/2148/161 282/2147/162
f 231/2198/124 230/2199/123 280/2149/160 281/2148/161
f 230/2199/123 229/2200/122 279/2150/159 280/2149/160
f 229/2200/122 228/2201/121 278/2151/158 279/2150/159
f 228/2201/121 227/2202/120 277/2152/157 278/2151/158
f 227/2202/120 226/2203/119 276/2153/156 277/2152/157
f 226/2203/119 225/2204/118 275/2154/155 276/2153/156
f 225/2204/118 224/2205/117 274/2155/154 275/2154/155
f 224/2205/117 223/2206/116 273/2156/153 274/2155/154
f 223/2206/116 222/2207/115 272/2157/152 273/2156/153
f 222/2207/115 221/2208/114 271/2158/151 272/2157/152
f 221/2208/114 220/2209/113 270/2159/150 271/2158/151
f 220/2209/113 219/2210/112 269/2160/149 270/2159/150
f 219/2210/112 218/2211/111 268/2161/148 269/2160/149
f 218/2211/111 217/2212/110 267/2162/147 268/2161/148
f 217/2212/110 216/2213/109 266/2163/146 267/2162/147
f 216/2213/109 215/2214/108 265/2164/145 266/2163/146
f 215/2214/108 214/2215/107 264/2165/144 265/2164/145
f 214/2215/107 213/2216/106 263/2166/143 264/2165/144
f 213/2216/106 212/2217/105 262/2167/142 263/2166/143
f 212/2217/105 211/2218/104 261/2168/141 262/2167/142
f 211/2218/104 210/2219/103 260/2169/140 261/2168/141
f 210/2219/103 209/2220/102 259/2170/139 260/2169/140
f 209/2220/102 208/2221/101 258/2171/138 259/2170/139
f 208/2221/101 207/2222/100 257/2172/137 258/2171/138
f 207/2222/100 206/2223/99 256/2173/136 257/2172/137
f 206/2223/99 205/8/1 255/10/135 256/2173/136
f 1/2224/1 105/2225/1 254/2175/1 54/2174/1
f 105/2225/1 106/2226/1 253/2176/1 254/2175/1
f 106/2226/1 107/2227/1 252/2177/1 253/2176/1
f 107/2227/1 108/2228/1 251/2178/1 252/2177/1
f 108/2228/1 109/2229/1 250/2179/1 251/2178/1
f 109/2229/1 110/2230/1 249/2180/1 250/2179/1
f 110/2230/1 111/2231/1 248/2181/1 249/2180/1
f 111/2231/1 112/2232/1 247/2182/1 248/2181/1
f 112/2232/1 113/2233/1 246/2183/1 247/2182/1
f 113/2233/1 114/2234/1 245/2184/1 246/2183/1
f 114/2234/1 115/2235/1 244/2185/1 245/2184/1
f 115/2235/1 116/2236/1 243/2186/1 244/2185/1
f 116/2236/1 117/2237/1 242/2187/1 243/2186/1
f 117/2237/1 118/2238/1 241/2188/134 242/2187/1
f 118/2238/1 119/2239/62 240/2189/133 241/2188/134
f 119/2239/62 120/2240/63 239/2190/132 240/2189/133
f 120/2240/63 121/2241/64 238/2191/131 239/2190/132
f 121/2241/64 122/2242/65 237/2192/130 238/2191/131
f 122/2242/65 123/2243/66 236/2193/129 237/2192/130
f 123/2243/66 124/2244/67 235/2194/128 236/2193/129
f 124/2244/67 125/2245/68 234/2195/127 235/2194/128
f 125/2245/68 126/2246/69 233/2196/126 234/2195/127
f 126/2246/69 127/2247/70 232/2197/125 233/2196/126
f 127/2247/70 128/2248/71 231/2198/124 232/2197/125
f 128/2248/71 129/2249/72 230/2199/123 231/2198/124
f 129/2249/72 130/2250/73 229/2200/122 230/2199/123
f 130/2250/73 131/2251/74 228/2201/121 229/2200/122
f 131/2251/74 132/2252/75 227/2202/120 228/2201/121
f 132/2252/75 133/2253/76 226/2203/119 227/2202/120
f 133/2253/76 134/2254/77 225/2204/118 226/2203/119
f 134/2254/77 135/2255/78 224/2205/117 225/2204/118
f 135/2255/78 136/2256/79 223/2206/116 224/2205/117
f 136/2256/79 137/2257/80 222/2207/115 223/2206/116
f 137/2257/80 138/2258/81 221/2208/114 222/2207/115
f 138/2258/81 139/2259/82 220/2209/113 221/2208/114
f 139/2259/82 140/2260/83 219/2210/112 220/2209/113
f 140/2260/83 141/2261/84 218/2211/111 219/2210/112
f 141/2261/84 142/2262/85 217/2212/110 218/2211/111
f 142/2262/85 143/2263/86 216/2213/109 217/2212/110
f 143/2263/86 144/2264/87 215/2214/108 216/2213/109
f 144/2264/87 145/2265/88 214/2215/107 215/2214/108
f 145/2265/88 146/2266/89 213/2216/106 214/2215/107
f 146/2266/89 147/2267/90 212/2217/105 213/2216/106
f 147/2267/90 148/2268/91 211/2218/104 212/2217/105
f 148/2268/91 149/2269/92 210/2219/103 211/2218/104
f 149/2269/92 150/2270/93 209/2220/102 210/2219/103
f 150/2270/93 151/2271/94 208/2221/101 209/2220/102
f 151/2271/94 152/2272/1 207/2222/100 208/2221/101
f 152/2272/1 153/2273/1 206/2223/99 207/2222/100
f 153/2273/1 154/5/1 205/8/1 206/2223/99
f 5/108/1 2323/107/1 204/2274/1 3/2275/1
f 2323/107/1 2322/110/1 203/2276/1 204/2274/1
f 2322/110/1 2321/112/1 202/2277/1 203/2276/1
f 2321/112/1 2320/114/1 201/2278/1 202/2277/1
f 2320/114/1 2319/116/1 200/2279/1 201/2278/1
f 2319/116/1 2318/118/1 199/2280/1 200/2279/1
f 2318/118/1 2317/120/1 198/2281/1 199/2280/1
f 2317/120/1 2316/122/1 197/2282/1 198/2281/1
f 2316/122/1 2315/124/1 196/2283/1 197/2282/1
f 2315/124/1 2314/126/1 195/2284/1 196/2283/1
f 2314/126/1 2313/128/1 194/2285/1 195/2284/1
f 2313/128/1 2312/130/1 193/2286/1 194/2285/1
f 2312/130/1 2311/132/1 192/2287/1 193/2286/1
f 2311/132/1 2310/134/1 191/2288/1 192/2287/1
f 2310/134/1 2309/136/1 190/2289/1 191/2288/1
f 2309/136/1 2308/138/1 189/2290/1 190/2289/1
f 2308/138/1 2307/140/1 188/2291/1 189/2290/1
f 2307/140/1 2306/142/1 187/2292/1 188/2291/1
f 2306/142/1 2305/144/1 186/2293/1 187/2292/1
f 2305/144/1 2304/146/1 185/2294/1 186/2293/1
f 2304/146/1 2303/148/1 184/2295/1 185/2294/1
f 2303/148/1 2302/150/1 183/2296/1 184/2295/1
f 2302/150/1 2301/152/1 182/2297/1 183/2296/1
f 2301/152/1 2300/154/1 181/2298/1 182/2297/1
f 2300/154/1 2299/156/1 180/2299/1 181/2298/1
f 2299/156/1 2298/158/1 179/2300/1 180/2299/1
f 2298/158/1 2297/160/1 178/2301/1 179/2300/1
f 2297/160/1 2296/162/1 177/2302/1 178/2301/1
f 2296/162/1 2295/164/1 176/2303/1 177/2302/1
f 2295/164/1 2294/166/1 175/2304/1 176/2303/1
f 2294/166/1 2293/168/1 174/2305/1 175/2304/1
f 2293/168/1 2292/170/1825 173/2306/1 174/2305/1
f 2292/170/1825 2291/172/1824 172/2307/1 173/2306/1
f 2291/172/1824 2290/174/1823 171/2308/98 172/2307/1
f 2290/174/1823 2289/176/1822 170/2309/97 171/2308/98
f 2289/176/1822 2288/178/1821 169/2310/96 170/2309/97
f 2288/178/1821 2287/180/1820 168/2311/95 169/2310/96
f 2287/180/1820 2286/182/1819 167/2312/61 168/2311/95
f 2286/182/1819 2285/184/1818 166/2313/1 167/2312/61
f 2285/184/1818 2284/186/1817 165/2314/1 166/2313/1
f 2284/186/1817 2283/188/1 164/2315/1 165/2314/1
f 2283/188/1 2282/190/1 163/2316/1 164/2315/1
f 2282/190/1 2281/192/1 162/2317/1 163/2316/1
f 2281/192/1 2280/194/1 161/2318/1 162/2317/1
f 2280/194/1 2279/196/1 160/2319/1 161/2318/1
f 2279/196/1 2278/198/1 159/2320/1 160/2319/1
f 2278/198/1 2277/200/1 158/2321/1 159/2320/1
f 2277/200/1 2276/202/1 157/2322/1 158/2321/1
f 2276/202/1 2275/204/1 156/2323/1 157/2322/1
f 2275/204/1 2274/1/1 155/4/1 156/2323/1
f 1696/733/1456 1697/732/1457 1651/778/1411
f 1698/731/1458 1651/778/1411 1697/732/1457
f 1699/730/1459 1651/778/1411 1698/731/1458
f 1702/727/1462 1652/777/1412 1701/728/1461
f 1701/728/1461 1652/777/1412 1700/729/1460
f 1700/729/1460 1652/777/1412 1651/778/1411 1699/730/1459
f 1654/775/1414 1609/820/1369 1653/776/1413
f 1652/777/1412 1653/776/1413 1609/820/1369
o Cylinder.001
v -0.055717 -2.805573 -0.463446
v 0.000140 -0.686952 -0.463446
v 0.034186 -2.815167 -0.454541
v 0.090553 -0.686952 -0.454541
v 0.120634 -2.824394 -0.428168
v 0.177493 -0.686952 -0.428168
v 0.200305 -2.832897 -0.385341
v 0.257616 -0.686952 -0.385341
v 0.270138 -2.840349 -0.327706
v 0.327845 -0.686952 -0.327706
v 0.327448 -2.846466 -0.257477
v 0.385481 -0.686952 -0.257477
v 0.370033 -2.851011 -0.177353
v 0.428308 -0.686952 -0.177353
v 0.396257 -2.853809 -0.090414
v 0.454680 -0.686952 -0.090414
v 0.405111 -2.854754 0.000000
v 0.463585 -0.686952 0.000000
v 0.396257 -2.853809 0.090414
v 0.454680 -0.686952 0.090414
v 0.370033 -2.851011 0.177353
v 0.428308 -0.686952 0.177353
v 0.327448 -2.846466 0.257477
v 0.385481 -0.686952 0.257477
v 0.270138 -2.840349 0.327706
v 0.327845 -0.686952 0.327706
v 0.200305 -2.832897 0.385341
v 0.257616 -0.686952 0.385341
v 0.120634 -2.824394 0.428168
v 0.177493 -0.686952 0.428168
v 0.034186 -2.815167 0.454541
v 0.090553 -0.686952 0.454541
v -0.055717 -2.805573 0.463446
v 0.000140 -0.686952 0.463446
v -0.145621 -2.795978 0.454541
v -0.090274 -0.686952 0.454541
v -0.232069 -2.786752 0.428168
v -0.177213 -0.686952 0.428168
v -0.311740 -2.778249 0.385341
v -0.257337 -0.686952 0.385341
v -0.381573 -2.770796 0.327706
v -0.327566 -0.686952 0.327706
v -0.438883 -2.764680 0.257477
v -0.385201 -0.686952 0.257477
v -0.481468 -2.760135 0.177353
v -0.428028 -0.686952 0.177353
v -0.507691 -2.757337 0.090414
v -0.454401 -0.686952 0.090414
v -0.516546 -2.756392 0.000000
v -0.463306 -0.686952 0.000000
v -0.507691 -2.757337 -0.090414
v -0.454401 -0.686952 -0.090414
v -0.481468 -2.760135 -0.177353
v -0.428028 -0.686952 -0.177353
v -0.438883 -2.764680 -0.257477
v -0.385201 -0.686952 -0.257477
v -0.381573 -2.770796 -0.327706
v -0.327566 -0.686952 -0.327706
v -0.311740 -2.778249 -0.385341
v -0.257337 -0.686952 -0.385341
v -0.232069 -2.786752 -0.428168
v -0.177213 -0.686952 -0.428168
v -0.145621 -2.795978 -0.454541
v -0.090274 -0.686952 -0.454541
v -0.053127 -2.679452 -0.463446
v -0.065331 -2.483616 -0.463446
v -0.080108 -2.238772 -0.463446
v -0.070871 -1.964138 -0.510488
v -0.010944 -1.680263 -0.581179
v 0.052257 -1.407317 -0.515308
v 0.048078 -1.165476 -0.463446
v 0.025793 -0.974910 -0.463446
v 0.011524 -0.855478 -0.463446
v 0.003988 -0.771215 -0.463446
v 0.094402 -0.771215 -0.454541
v 0.101938 -0.855478 -0.454541
v 0.116207 -0.974910 -0.454541
v 0.138507 -1.165476 -0.454541
v 0.143441 -1.407317 -0.496689
v 0.093337 -1.680263 -0.562505
v 0.029809 -1.964138 -0.503605
v 0.010306 -2.238772 -0.454541
v 0.025126 -2.486258 -0.454541
v 0.036954 -2.687295 -0.454541
v 0.181341 -0.771215 -0.428168
v 0.188877 -0.855478 -0.428168
v 0.203146 -0.974910 -0.428168
v 0.225475 -1.165476 -0.428168
v 0.230436 -1.407317 -0.454773
v 0.183355 -1.680263 -0.512322
v 0.118610 -1.964138 -0.469756
v 0.097245 -2.238772 -0.428168
v 0.112107 -2.488841 -0.428168
v 0.123572 -2.694847 -0.428168
v 0.261465 -0.771215 -0.385341
v 0.269001 -0.855478 -0.385341
v 0.283270 -0.974910 -0.385341
v 0.305641 -1.165476 -0.385341
v 0.310640 -1.407317 -0.396304
v 0.263554 -1.680263 -0.439864
v 0.198733 -1.964138 -0.412901
v 0.177368 -2.238772 -0.385341
v 0.192264 -2.491254 -0.385341
v 0.203400 -2.701815 -0.385341
v 0.331694 -0.771215 -0.327706
v 0.339230 -0.855478 -0.327706
v 0.353499 -0.974910 -0.327706
v 0.375913 -1.165476 -0.327706
v 0.380971 -1.407317 -0.328854
v 0.333826 -1.680263 -0.354395
v 0.268962 -1.964138 -0.340039
v 0.247597 -2.238772 -0.327706
v 0.262520 -2.493395 -0.327706
v 0.273368 -2.707929 -0.327706
v 0.389329 -0.771215 -0.257477
v 0.396865 -0.855478 -0.257477
v 0.411134 -0.974910 -0.257477
v 0.433549 -1.165476 -0.257477
v 0.438707 -1.407317 -0.257477
v 0.391461 -1.680263 -0.264468
v 0.326598 -1.964138 -0.259311
v 0.313461 -2.238772 -0.257477
v 0.320419 -2.495179 -0.257477
v 0.330790 -2.712952 -0.257477
v 0.432156 -0.771215 -0.177353
v 0.439692 -0.855478 -0.177353
v 0.453961 -0.974910 -0.177353
v 0.476376 -1.165476 -0.177353
v 0.481534 -1.407317 -0.177353
v 0.434288 -1.680263 -0.177353
v 0.375336 -1.964138 -0.177353
v 0.379399 -2.238772 -0.177353
v 0.372470 -2.496827 -0.177353
v 0.373457 -2.716686 -0.177353
v 0.458529 -0.771215 -0.090414
v 0.466065 -0.855478 -0.090414
v 0.480334 -0.974910 -0.090414
v 0.502748 -1.165476 -0.090414
v 0.507907 -1.407317 -0.090414
v 0.460661 -1.680263 -0.090414
v 0.416856 -1.964138 -0.090414
v 0.438385 -2.238772 -0.090414
v 0.417462 -2.498210 -0.090414
v 0.399732 -2.718987 -0.090414
v 0.467434 -0.771215 0.000000
v 0.474970 -0.855478 0.000000
v 0.489239 -0.974910 0.000000
v 0.511653 -1.165476 0.000000
v 0.516812 -1.407317 0.000000
v 0.469566 -1.680263 0.000000
v 0.444222 -1.964138 0.000000
v 0.481982 -2.238772 0.000000
v 0.447761 -2.498951 0.000000
v 0.410473 -2.719939 0.000000
v 0.458529 -0.771215 0.090414
v 0.466065 -0.855478 0.090414
v 0.480334 -0.974910 0.090414
v 0.502748 -1.165476 0.090414
v 0.507907 -1.407317 0.090414
v 0.460661 -1.680263 0.090414
v 0.450588 -1.964138 0.090414
v 0.500956 -2.238772 0.090414
v 0.455863 -2.498892 0.090414
v 0.405262 -2.719493 0.090414
v 0.432156 -0.771215 0.177353
v 0.439692 -0.855478 0.177353
v 0.453961 -0.974910 0.177353
v 0.476376 -1.165476 0.177353
v 0.481534 -1.407317 0.177353
v 0.434288 -1.680263 0.177353
v 0.430806 -1.964138 0.177353
v 0.486025 -2.238772 0.177353
v 0.436153 -2.498142 0.177353
v 0.380834 -2.717354 0.177353
v 0.389329 -0.771215 0.257477
v 0.396865 -0.855478 0.257477
v 0.411134 -0.974910 0.257477
v 0.433549 -1.165476 0.257477
v 0.438707 -1.407317 0.257477
v 0.391461 -1.680263 0.257477
v 0.383415 -1.964138 0.257477
v 0.431756 -2.238772 0.257477
v 0.387167 -2.496797 0.257477
v 0.336712 -2.713489 0.257477
v 0.331694 -0.771215 0.327706
v 0.339230 -0.855478 0.327706
v 0.353499 -0.974910 0.327706
v 0.375913 -1.165476 0.327706
v 0.380971 -1.407317 0.327706
v 0.333826 -1.680263 0.327706
v 0.308569 -1.964138 0.345425
v 0.346036 -2.238772 0.328379
v 0.312837 -2.494787 0.327706
v 0.275695 -2.708141 0.327706
v 0.261465 -0.771215 0.385341
v 0.269001 -0.855478 0.385341
v 0.283270 -0.974910 0.385341
v 0.305641 -1.165476 0.385341
v 0.310640 -1.407317 0.385341
v 0.263554 -1.680263 0.385529
v 0.211533 -1.964138 0.452832
v 0.235067 -2.238772 0.405175
v 0.221232 -2.492136 0.385341
v 0.203403 -2.701815 0.385341
v 0.181341 -0.771215 0.428168
v 0.188877 -0.855478 0.428168
v 0.203146 -0.974910 0.428168
v 0.225475 -1.165476 0.428168
v 0.230436 -1.407317 0.428168
v 0.183355 -1.680263 0.445421
v 0.118610 -1.964138 0.565894
v 0.115337 -2.238772 0.484701
v 0.122204 -2.489157 0.428168
v 0.123572 -2.694847 0.428168
v 0.094402 -0.771215 0.454541
v 0.101938 -0.855478 0.454541
v 0.116207 -0.974910 0.454541
v 0.138507 -1.165476 0.454541
v 0.143441 -1.407317 0.454541
v 0.096363 -1.680263 0.507335
v 0.031670 -1.964138 0.666979
v 0.010442 -2.238772 0.551126
v 0.025497 -2.486269 0.454541
v 0.036954 -2.687295 0.454541
v 0.003988 -0.771215 0.463446
v 0.011524 -0.855478 0.463446
v 0.025793 -0.974910 0.463446
v 0.048078 -1.165476 0.463446
v 0.052999 -1.407317 0.463446
v 0.005922 -1.680263 0.555124
v -0.058743 -1.964138 0.735923
v -0.080108 -2.238772 0.588864
v -0.065331 -2.483616 0.463446
v -0.053127 -2.679452 0.463446
v -0.086425 -0.771215 0.454541
v -0.078890 -0.855478 0.454541
v -0.064620 -0.974910 0.454541
v -0.042335 -1.165476 0.454541
v -0.037415 -1.407317 0.454541
v -0.084492 -1.680263 0.573259
v -0.149157 -1.964138 0.751660
v -0.170522 -2.238772 0.586729
v -0.155788 -2.481018 0.454541
v -0.143208 -2.671619 0.454541
v -0.173365 -0.771215 0.428168
v -0.165829 -0.855478 0.428168
v -0.151560 -0.974910 0.428168
v -0.129260 -1.165476 0.428168
v -0.124326 -1.407317 0.428168
v -0.171404 -1.680263 0.551317
v -0.236096 -1.964138 0.700646
v -0.257461 -2.238772 0.542426
v -0.242775 -2.478563 0.428168
v -0.229829 -2.664096 0.428168
v -0.253488 -0.771215 0.385341
v -0.245953 -0.855478 0.385341
v -0.231683 -0.974910 0.385341
v -0.209354 -1.165476 0.385341
v -0.204394 -1.407317 0.385341
v -0.251475 -1.680263 0.488519
v -0.316220 -1.964138 0.597779
v -0.337585 -2.238772 0.463868
v -0.322944 -2.476338 0.385341
v -0.309660 -2.657171 0.385341
v -0.323717 -0.771215 0.327706
v -0.316182 -0.855478 0.327706
v -0.301912 -0.974910 0.327706
v -0.279541 -1.165476 0.327706
v -0.274542 -1.407317 0.327706
v -0.321628 -1.680263 0.394569
v -0.386449 -1.964138 0.465432
v -0.407814 -2.238772 0.365871
v -0.393215 -2.474420 0.327706
v -0.379632 -2.651107 0.327706
v -0.381353 -0.771215 0.257477
v -0.373817 -0.855478 0.257477
v -0.359547 -0.974910 0.257477
v -0.337133 -1.165476 0.257477
v -0.332075 -1.407317 0.257477
v -0.379221 -1.680263 0.285851
v -0.444084 -1.964138 0.324968
v -0.465449 -2.238772 0.265461
v -0.450886 -2.472867 0.257477
v -0.437058 -2.646135 0.257477
v -0.424180 -0.771215 0.177353
v -0.416644 -0.855478 0.177353
v -0.402374 -0.974910 0.177353
v -0.379960 -1.165476 0.177353
v -0.374802 -1.407317 0.177353
v -0.422048 -1.680263 0.180596
v -0.486911 -1.964138 0.195072
v -0.508276 -2.238772 0.177353
v -0.493740 -2.471726 0.177353
v -0.479729 -2.642443 0.177353
v -0.450552 -0.771215 0.090414
v -0.443017 -0.855478 0.090414
v -0.428747 -0.974910 0.090414
v -0.406333 -1.165476 0.090414
v -0.401175 -1.407317 0.090414
v -0.452009 -1.680263 0.090414
v -0.513284 -1.964138 0.090414
v -0.534649 -2.238772 0.090414
v -0.520130 -2.471029 0.090414
v -0.506006 -2.640171 0.090414
v -0.459457 -0.771215 0.000000
v -0.451922 -0.855478 0.000000
v -0.437652 -0.974910 0.000000
v -0.415238 -1.165476 0.000000
v -0.414619 -1.407317 0.000000
v -0.479502 -1.680263 0.000000
v -0.522599 -1.964138 0.000000
v -0.543554 -2.238772 0.000000
v -0.529041 -2.470795 0.000000
v -0.514878 -2.639403 0.000000
v -0.450552 -0.771215 -0.090414
v -0.443017 -0.855478 -0.090414
v -0.428747 -0.974910 -0.090414
v -0.406333 -1.165476 -0.090414
v -0.420893 -1.407317 -0.090414
v -0.500484 -1.680263 -0.090414
v -0.522042 -1.964138 -0.090414
v -0.534649 -2.238772 -0.090414
v -0.520130 -2.471029 -0.090414
v -0.506006 -2.640171 -0.090414
v -0.424180 -0.771215 -0.177353
v -0.416644 -0.855478 -0.177353
v -0.402374 -0.974910 -0.177353
v -0.379960 -1.165476 -0.177353
v -0.413350 -1.407317 -0.177353
v -0.508188 -1.680263 -0.177353
v -0.511010 -1.964138 -0.177353
v -0.508276 -2.238772 -0.177353
v -0.493740 -2.471726 -0.177353
v -0.479729 -2.642443 -0.177353
v -0.381353 -0.771215 -0.257477
v -0.373817 -0.855478 -0.257477
v -0.359547 -0.974910 -0.257477
v -0.337133 -1.165476 -0.257477
v -0.385473 -1.407317 -0.258822
v -0.496440 -1.680263 -0.264528
v -0.484658 -1.964138 -0.257477
v -0.465449 -2.238772 -0.257477
v -0.450886 -2.472867 -0.257477
v -0.437058 -2.646135 -0.257477
v -0.323717 -0.771215 -0.327706
v -0.316182 -0.855478 -0.327706
v -0.301912 -0.974910 -0.327706
v -0.279541 -1.165476 -0.327706
v -0.332524 -1.407317 -0.339146
v -0.453624 -1.680263 -0.354491
v -0.438716 -1.964138 -0.327843
v -0.407814 -2.238772 -0.327706
v -0.393215 -2.474420 -0.327706
v -0.379632 -2.651107 -0.327706
v -0.253488 -0.771215 -0.385341
v -0.245953 -0.855478 -0.385341
v -0.231683 -0.974910 -0.385341
v -0.209354 -1.165476 -0.385341
v -0.252801 -1.407317 -0.412494
v -0.367730 -1.680263 -0.439941
v -0.370743 -1.964138 -0.392452
v -0.337585 -2.238772 -0.385341
v -0.322944 -2.476338 -0.385341
v -0.309660 -2.657171 -0.385341
v -0.173365 -0.771215 -0.428168
v -0.165829 -0.855478 -0.428168
v -0.151560 -0.974910 -0.428168
v -0.129260 -1.165476 -0.428168
v -0.153789 -1.407317 -0.470741
v -0.252206 -1.680263 -0.512355
v -0.281317 -1.964138 -0.449255
v -0.257461 -2.238772 -0.428168
v -0.242775 -2.478563 -0.428168
v -0.229829 -2.664096 -0.428168
v -0.086425 -0.771215 -0.454541
v -0.078890 -0.855478 -0.454541
v -0.064620 -0.974910 -0.454541
v -0.042335 -1.165476 -0.454541
v -0.048346 -1.407317 -0.506563
v -0.128176 -1.680263 -0.562510
v -0.177714 -1.964138 -0.490869
v -0.170522 -2.238772 -0.454541
v -0.155788 -2.481018 -0.454541
v -0.143208 -2.671619 -0.454541
v -0.009788 -0.387962 -0.515757
v 0.112015 -0.436577 -0.482504
v 0.219725 -0.436577 -0.466918
v 0.312838 -0.436577 -0.461487
v 0.344035 -0.436577 -0.401626
v 0.410303 -0.436577 -0.318991
v 0.442102 -0.436577 -0.219725
v 0.475582 -0.436577 -0.112015
v 0.477671 -0.436577 0.000000
v 0.461935 -0.436577 0.112015
v 0.430475 -0.372327 0.193787
v 0.393827 -0.370956 0.257456
v 0.341173 -0.375215 0.331107
v 0.270082 -0.385921 0.386414
v 0.190810 -0.377124 0.435384
v 0.102129 -0.368097 0.464174
v 0.015716 -0.374392 0.474669
v -0.075554 -0.373845 0.473327
v -0.183260 -0.386988 0.466042
v -0.288296 -0.390888 0.408592
v -0.369469 -0.400724 0.362892
v -0.413346 -0.385962 0.295561
v -0.454308 -0.381949 0.200421
v -0.480193 -0.390433 0.130721
v -0.502028 -0.380509 0.013403
v -0.500640 -0.393586 -0.047917
v -0.473004 -0.362565 -0.190791
v -0.424122 -0.371945 -0.299619
v -0.380151 -0.380431 -0.386458
v -0.301932 -0.396840 -0.444992
v -0.208195 -0.382348 -0.475564
v -0.113364 -0.386892 -0.504867
v -0.057331 -2.820696 -0.463446
v 0.032569 -2.830315 -0.454541
v 0.119015 -2.839565 -0.428168
v 0.198684 -2.848090 -0.385341
v 0.268514 -2.855562 -0.327706
v 0.325822 -2.861694 -0.257477
v 0.368406 -2.866251 -0.177353
v 0.394629 -2.869057 -0.090414
v 0.403484 -2.870004 0.000000
v 0.394629 -2.869057 0.090414
v 0.368406 -2.866251 0.177353
v 0.325822 -2.861694 0.257477
v 0.268514 -2.855562 0.327706
v 0.198684 -2.848090 0.385341
v 0.119015 -2.839565 0.428168
v 0.032569 -2.830315 0.454541
v -0.057331 -2.820696 0.463446
v -0.147232 -2.811076 0.454541
v -0.233678 -2.801826 0.428168
v -0.313347 -2.793302 0.385341
v -0.383177 -2.785830 0.327706
v -0.440485 -2.779697 0.257477
v -0.483069 -2.775141 0.177353
v -0.509292 -2.772335 0.090414
v -0.518147 -2.771388 0.000000
v -0.509292 -2.772335 -0.090414
v -0.483069 -2.775141 -0.177353
v -0.440485 -2.779697 -0.257477
v -0.383177 -2.785830 -0.327706
v -0.313347 -2.793302 -0.385341
v -0.233678 -2.801826 -0.428168
v -0.147232 -2.811076 -0.454541
vn 0.0014 0.0002 1.0000
vn -0.1938 -0.0130 0.9810
vn -0.1885 0.0715 0.9795
vn -0.0151 0.0810 0.9966
vn -0.3814 -0.0257 0.9241
vn -0.3086 0.0963 0.9463
vn -0.5542 -0.0374 0.8315
vn -0.5386 0.1320 0.8322
vn -0.7056 -0.0477 0.7070
vn -0.7325 0.1146 0.6710
vn -0.8297 -0.0561 0.5553
vn -0.8463 0.0753 0.5274
vn -0.9219 -0.0623 0.3824
vn -0.9323 0.0416 0.3594
vn -0.9786 -0.0662 0.1949
vn -0.9829 0.0215 0.1828
vn -0.9977 -0.0675 -0.0000
vn -0.9998 0.0072 -0.0168
vn -0.9786 -0.0662 -0.1949
vn -0.9776 -0.0007 -0.2104
vn -0.9219 -0.0623 -0.3824
vn -0.9179 -0.0045 -0.3968
vn -0.8297 -0.0561 -0.5553
vn -0.8336 -0.0044 -0.5524
vn -0.7056 -0.0477 -0.7070
vn -0.7098 -0.0003 -0.7044
vn -0.5542 -0.0374 -0.8315
vn -0.5579 0.0036 -0.8299
vn -0.3814 -0.0257 -0.9241
vn -0.3893 0.0090 -0.9211
vn -0.1938 -0.0130 -0.9810
vn -0.1978 0.0144 -0.9801
vn 0.0014 0.0002 -1.0000
vn -0.0108 0.0209 -0.9997
vn 0.1964 0.0133 -0.9804
vn 0.1551 0.0385 -0.9871
vn 0.3837 0.0260 -0.9231
vn 0.3553 0.0616 -0.9327
vn 0.5561 0.0376 -0.8303
vn 0.5346 0.0806 -0.8412
vn 0.7070 0.0477 -0.7056
vn 0.6984 0.0973 -0.7091
vn 0.8306 0.0561 -0.5541
vn 0.8446 0.0921 -0.5274
vn 0.9223 0.0622 -0.3815
vn 0.9226 0.0811 -0.3770
vn 0.9787 0.0660 -0.1944
vn 0.9744 0.0811 -0.2096
vn 0.9977 0.0673 -0.0000
vn 0.9960 0.0867 -0.0200
vn 0.9787 0.0660 0.1944
vn 0.9801 0.0893 0.1774
vn 0.9223 0.0622 0.3815
vn 0.9285 0.0930 0.3595
vn 0.8306 0.0561 0.5541
vn 0.8499 0.1099 0.5154
vn 0.7070 0.0477 0.7056
vn 0.7231 0.1325 0.6779
vn 0.5561 0.0376 0.8303
vn 0.5286 0.1298 0.8389
vn 0.3837 0.0260 0.9231
vn 0.3580 0.1068 0.9276
vn 0.1964 0.0134 0.9804
vn 0.1971 0.0936 0.9759
vn 0.1922 -0.0122 0.9813
vn -0.0027 0.0001 1.0000
vn -0.0026 -0.0002 1.0000
vn 0.1933 0.0043 0.9811
vn 0.0001 0.0001 1.0000
vn 0.1958 0.0125 0.9806
vn 0.0184 0.0821 0.9965
vn 0.2194 0.0730 0.9729
vn 0.0347 0.1961 0.9800
vn 0.2609 0.1598 0.9520
vn -0.0028 0.0030 1.0000
vn 0.2563 -0.0352 0.9659
vn -0.0419 -0.2106 0.9767
vn 0.2056 -0.2332 0.9505
vn -0.0175 -0.1025 0.9946
vn 0.1943 -0.0935 0.9765
vn -0.0001 -0.0000 1.0000
vn 0.1949 0.0230 0.9805
vn 0.0009 0.0002 1.0000
vn 0.1959 0.0206 0.9804
vn 0.3798 -0.0237 0.9248
vn 0.3817 0.0097 0.9242
vn 0.3838 0.0253 0.9231
vn 0.4026 0.0657 0.9130
vn 0.4419 0.1278 0.8879
vn 0.4469 -0.0684 0.8919
vn 0.4012 -0.2412 0.8837
vn 0.3871 -0.0777 0.9187
vn 0.3822 0.0452 0.9230
vn 0.3831 0.0401 0.9228
vn 0.5528 -0.0342 0.8326
vn 0.5552 0.0155 0.8316
vn 0.5566 0.0377 0.8299
vn 0.5697 0.0635 0.8194
vn 0.6049 0.1061 0.7892
vn 0.6149 -0.1004 0.7822
vn 0.5692 -0.2542 0.7819
vn 0.5608 -0.0641 0.8255
vn 0.5543 0.0656 0.8297
vn 0.5552 0.0580 0.8297
vn 0.7046 -0.0432 0.7083
vn 0.7071 0.0214 0.7068
vn 0.7076 0.0491 0.7049
vn 0.7206 0.0625 0.6906
vn 0.7673 0.0848 0.6356
vn 0.7897 -0.1322 0.5990
vn 0.7311 -0.2706 0.6263
vn 0.7163 -0.0527 0.6958
vn 0.7046 0.0835 0.7047
vn 0.7056 0.0737 0.7048
vn 0.8292 -0.0505 0.5567
vn 0.8314 0.0268 0.5550
vn 0.8310 0.0590 0.5532
vn 0.8486 0.0538 0.5264
vn 0.9031 0.0498 0.4266
vn 0.9228 -0.1566 0.3519
vn 0.8674 -0.2670 0.4200
vn 0.8458 -0.0369 0.5322
vn 0.8274 0.0981 0.5529
vn 0.8286 0.0865 0.5531
vn 0.9219 -0.0558 0.3835
vn 0.9236 0.0312 0.3821
vn 0.9223 0.0665 0.3806
vn 0.9387 0.0336 0.3431
vn 0.9769 -0.0015 0.2138
vn 0.9786 -0.1702 0.1157
vn 0.9516 -0.2310 0.2030
vn 0.9391 -0.0097 0.3435
vn 0.9184 0.1089 0.3805
vn 0.9197 0.0960 0.3806
vn 0.9789 -0.0591 0.1955
vn 0.9803 0.0340 0.1947
vn 0.9784 0.0713 0.1939
vn 0.9866 0.0108 0.1628
vn 0.9973 -0.0589 0.0430
vn 0.9820 -0.1794 -0.0590
vn 0.9846 -0.1741 0.0145
vn 0.9883 0.0259 0.1503
vn 0.9742 0.1155 0.1938
vn 0.9757 0.1018 0.1939
vn 0.9982 -0.0602 -0.0000
vn 0.9994 0.0350 -0.0000
vn 0.9973 0.0729 -0.0000
vn 0.9999 -0.0033 -0.0120
vn 0.9902 -0.1071 -0.0891
vn 0.9679 -0.1875 -0.1672
vn 0.9857 -0.1195 -0.1188
vn 0.9981 0.0544 -0.0271
vn 0.9930 0.1177 -0.0000
vn 0.9946 0.1038 -0.0000
vn 0.9789 -0.0591 -0.1955
vn 0.9803 0.0340 -0.1947
vn 0.9784 0.0713 -0.1939
vn 0.9821 -0.0053 -0.1885
vn 0.9688 -0.1338 -0.2088
vn 0.9500 -0.1923 -0.2459
vn 0.9683 -0.0860 -0.2345
vn 0.9773 0.0656 -0.2013
vn 0.9742 0.1155 -0.1938
vn 0.9757 0.1018 -0.1939
vn 0.9219 -0.0558 -0.3835
vn 0.9236 0.0312 -0.3821
vn 0.9242 0.0686 -0.3758
vn 0.9394 0.0083 -0.3428
vn 0.9406 -0.1354 -0.3114
vn 0.9227 -0.2016 -0.3286
vn 0.9248 -0.0786 -0.3722
vn 0.9216 0.0640 -0.3829
vn 0.9184 0.1089 -0.3805
vn 0.9197 0.0960 -0.3806
vn 0.8292 -0.0505 -0.5567
vn 0.8314 0.0268 -0.5550
vn 0.8461 0.0758 -0.5276
vn 0.8913 0.0482 -0.4509
vn 0.9129 -0.1194 -0.3904
vn 0.8772 -0.2332 -0.4198
vn 0.8508 -0.0959 -0.5167
vn 0.8293 0.0574 -0.5558
vn 0.8274 0.0981 -0.5529
vn 0.8286 0.0865 -0.5531
vn 0.7046 -0.0432 -0.7083
vn 0.7071 0.0214 -0.7068
vn 0.7483 0.1056 -0.6549
vn 0.8320 0.1273 -0.5399
vn 0.8716 -0.0999 -0.4798
vn 0.8010 -0.2955 -0.5206
vn 0.7442 -0.1339 -0.6544
vn 0.7050 0.0486 -0.7075
vn 0.7046 0.0835 -0.7047
vn 0.7056 0.0737 -0.7048
vn 0.5528 -0.0342 -0.8326
vn 0.5552 0.0155 -0.8316
vn 0.6166 0.1581 -0.7713
vn 0.7281 0.2436 -0.6408
vn 0.7844 -0.0817 -0.6149
vn 0.6699 -0.3794 -0.6382
vn 0.5934 -0.1813 -0.7842
vn 0.5533 0.0380 -0.8321
vn 0.5543 0.0656 -0.8297
vn 0.5552 0.0580 -0.8297
vn 0.3798 -0.0237 -0.9248
vn 0.3817 0.0097 -0.9242
vn 0.4375 0.2158 -0.8729
vn 0.5365 0.3747 -0.7561
vn 0.5484 0.3816 -0.7441
vn 0.4803 -0.4933 -0.7253
vn 0.4416 -0.4578 -0.7716
vn 0.3892 -0.2134 -0.8961
vn 0.3801 0.0260 -0.9246
vn 0.3822 0.0452 -0.9230
vn 0.3831 0.0401 -0.9228
vn 0.1922 -0.0122 -0.9813
vn 0.1933 0.0043 -0.9811
vn 0.2092 0.2471 -0.9461
vn 0.2090 0.4695 -0.8578
vn 0.1627 0.4833 -0.8602
vn 0.1038 -0.5316 -0.8406
vn 0.0859 -0.4688 -0.8791
vn 0.1453 -0.2006 -0.9688
vn 0.1922 0.0130 -0.9813
vn 0.1949 0.0230 -0.9805
vn 0.1959 0.0206 -0.9804
vn -0.0027 0.0001 -1.0000
vn -0.0025 -0.0002 -1.0000
vn -0.0436 0.2246 -0.9735
vn -0.1774 0.4540 -0.8731
vn -0.2526 0.4678 -0.8469
vn -0.2925 -0.4556 -0.8408
vn -0.2707 -0.3608 -0.8925
vn -0.0950 -0.1376 -0.9859
vn -0.0030 -0.0004 -1.0000
vn -0.0001 -0.0000 -1.0000
vn 0.0009 0.0002 -1.0000
vn -0.1973 0.0126 -0.9803
vn -0.1940 -0.0016 -0.9810
vn -0.2582 0.1587 -0.9530
vn -0.4359 0.3436 -0.8318
vn -0.5854 0.0286 -0.8102
vn -0.4967 -0.1975 -0.8452
vn -0.2930 -0.0562 -0.9545
vn -0.1979 -0.0138 -0.9801
vn -0.1951 -0.0231 -0.9805
vn -0.1941 -0.0202 -0.9808
vn -0.3843 0.0247 -0.9229
vn -0.3698 0.0068 -0.9291
vn -0.4024 0.0986 -0.9101
vn -0.5494 0.2080 -0.8092
vn -0.6778 0.0341 -0.7344
vn -0.5986 -0.0612 -0.7987
vn -0.4435 0.0065 -0.8962
vn -0.3849 -0.0267 -0.9226
vn -0.3823 -0.0452 -0.9229
vn -0.3816 -0.0398 -0.9235
vn -0.5545 0.0376 -0.8313
vn -0.5269 0.0308 -0.8494
vn -0.5114 0.0790 -0.8557
vn -0.5933 0.0931 -0.7996
vn -0.6865 0.0161 -0.7269
vn -0.6460 0.0216 -0.7630
vn -0.5738 0.0389 -0.8181
vn -0.5570 -0.0385 -0.8296
vn -0.5543 -0.0657 -0.8297
vn -0.5540 -0.0578 -0.8305
vn -0.7020 0.0536 -0.7102
vn -0.6697 0.0701 -0.7393
vn -0.6255 0.1023 -0.7735
vn -0.6489 0.0259 -0.7604
vn -0.7079 -0.0132 -0.7062
vn -0.7184 0.0645 -0.6926
vn -0.7088 0.0535 -0.7033
vn -0.7075 -0.0490 -0.7050
vn -0.7046 -0.0835 -0.7047
vn -0.7047 -0.0736 -0.7057
vn -0.8257 0.0715 -0.5596
vn -0.8026 0.1148 -0.5854
vn -0.7673 0.1519 -0.6230
vn -0.7739 0.0015 -0.6333
vn -0.7976 -0.0501 -0.6011
vn -0.8227 0.0820 -0.5625
vn -0.8315 0.0625 -0.5519
vn -0.8309 -0.0575 -0.5534
vn -0.8274 -0.0981 -0.5529
vn -0.8280 -0.0865 -0.5539
vn -0.9205 0.0834 -0.3817
vn -0.9133 0.1438 -0.3810
vn -0.9080 0.1921 -0.3724
vn -0.9305 -0.0037 -0.3664
vn -0.9228 -0.0772 -0.3774
vn -0.9207 0.0898 -0.3798
vn -0.9225 0.0691 -0.3797
vn -0.9224 -0.0638 -0.3809
vn -0.9184 -0.1089 -0.3804
vn -0.9195 -0.0961 -0.3813
vn -0.9787 0.0832 -0.1875
vn -0.9791 0.1384 -0.1491
vn -0.9796 0.1890 -0.0687
vn -0.9996 -0.0042 -0.0266
vn -0.9943 -0.0662 -0.0834
vn -0.9805 0.1059 -0.1657
vn -0.9784 0.0732 -0.1935
vn -0.9786 -0.0676 -0.1941
vn -0.9742 -0.1155 -0.1938
vn -0.9756 -0.1020 -0.1943
vn -0.9972 0.0747 0.0076
vn -0.9926 0.1012 0.0672
vn -0.9710 0.1420 0.1921
vn -0.9665 -0.0026 0.2568
vn -0.9844 -0.0191 0.1748
vn -0.9903 0.1313 0.0453
vn -0.9972 0.0745 -0.0000
vn -0.9976 -0.0689 -0.0000
vn -0.9930 -0.1177 -0.0000
vn -0.9946 -0.1040 -0.0000
vn -0.9781 0.0665 0.1971
vn -0.9664 0.0535 0.2513
vn -0.9239 0.0755 0.3752
vn -0.8984 0.0009 0.4392
vn -0.9319 0.0375 0.3608
vn -0.9595 0.1552 0.2353
vn -0.9784 0.0732 0.1935
vn -0.9786 -0.0676 0.1941
vn -0.9742 -0.1155 0.1938
vn -0.9756 -0.1020 0.1943
vn -0.9223 0.0609 0.3817
vn -0.9103 0.0153 0.4136
vn -0.8654 0.0146 0.5008
vn -0.8375 0.0053 0.5464
vn -0.8723 0.0849 0.4816
vn -0.9046 0.1671 0.3922
vn -0.9242 0.0681 0.3759
vn -0.9224 -0.0638 0.3809
vn -0.9184 -0.1089 0.3804
vn -0.9195 -0.0961 0.3813
vn -0.8306 0.0546 0.5542
vn -0.8264 -0.0044 0.5630
vn -0.7991 -0.0231 0.6007
vn -0.7868 0.0122 0.6171
vn -0.8195 0.1202 0.5603
vn -0.8427 0.1615 0.5135
vn -0.8437 0.0547 0.5341
vn -0.8315 -0.0579 0.5525
vn -0.8274 -0.0981 0.5529
vn -0.8280 -0.0865 0.5539
vn -0.7070 0.0463 0.7057
vn -0.7092 -0.0092 0.7049
vn -0.7011 -0.0351 0.7122
vn -0.7108 0.0256 0.7029
vn -0.7508 0.1484 0.6437
vn -0.7744 0.1396 0.6171
vn -0.7521 0.0261 0.6586
vn -0.7153 -0.0542 0.6967
vn -0.7046 -0.0835 0.7047
vn -0.7047 -0.0736 0.7057
vn -0.5564 0.0361 0.8302
vn -0.5585 -0.0082 0.8294
vn -0.5565 -0.0311 0.8303
vn -0.5798 0.0474 0.8134
vn -0.6375 0.1765 0.7500
vn -0.6817 0.1107 0.7232
vn -0.6484 -0.0229 0.7610
vn -0.5803 -0.0601 0.8121
vn -0.5543 -0.0657 0.8297
vn -0.5540 -0.0578 0.8305
vn -0.3843 0.0247 0.9229
vn -0.3859 -0.0065 0.9225
vn -0.3836 -0.0220 0.9233
vn -0.4031 0.0709 0.9124
vn -0.4668 0.2042 0.8605
vn -0.5347 0.0793 0.8413
vn -0.5062 -0.0894 0.8578
vn -0.4201 -0.0768 0.9042
vn -0.3823 -0.0452 0.9229
vn -0.3816 -0.0398 0.9235
vn -0.1973 0.0126 0.9803
vn -0.1982 -0.0038 0.9802
vn -0.1956 -0.0115 0.9806
vn -0.1962 0.0840 0.9770
vn -0.2295 0.2150 0.9493
vn -0.2989 0.0433 0.9533
vn -0.3005 -0.1593 0.9404
vn -0.2304 -0.0954 0.9684
vn -0.1951 -0.0231 0.9805
vn -0.1941 -0.0202 0.9808
vn -0.8373 0.0290 -0.5460
vn -0.9008 0.0312 -0.4332
vn 0.6915 0.1621 -0.7040
vn 0.5110 0.1351 -0.8489
vn 0.4988 0.2323 0.8350
vn 0.7356 0.2292 0.6375
vn -0.9796 0.0889 0.1800
vn -0.9314 0.1285 0.3405
vn -0.0313 0.0413 -0.9987
vn -0.2060 0.0376 -0.9778
vn 0.9809 0.1335 0.1418
vn 0.9908 0.1263 -0.0491
vn -0.2589 0.2636 0.9293
vn -0.2364 0.2149 0.9476
vn -0.7205 0.0315 -0.6927
vn 0.8540 0.1453 -0.4996
vn 0.3291 0.1940 0.9241
vn -0.9976 0.0600 -0.0332
vn 0.1065 0.0654 -0.9922
vn 0.9294 0.1434 0.3400
vn -0.7388 0.2634 0.6203
vn -0.7243 0.2907 0.6252
vn -0.5648 0.0325 -0.8246
vn 0.9188 0.1197 -0.3761
vn 0.2017 0.1766 0.9634
vn -0.9666 0.0422 -0.2529
vn 0.3127 0.1042 -0.9441
vn 0.8613 0.1805 0.4749
vn -0.8353 0.1947 0.5142
vn -0.3957 0.0354 -0.9177
vn 0.9643 0.1168 -0.2375
vn -0.1827 0.1503 0.9716
vn -0.0076 0.1634 0.9865
vn -0.7031 0.0750 0.7071
vn -0.8268 0.0882 0.5556
vn 0.1064 0.9943 -0.0000
vn -0.5524 0.0590 -0.8315
vn -0.3805 0.0406 -0.9239
vn 0.9187 -0.0980 -0.3827
vn 0.9752 -0.1041 -0.1951
vn -0.0000 -0.0000 1.0000
vn -0.1940 0.0207 0.9808
vn 0.1940 -0.0207 0.9808
vn -0.9752 0.1041 -0.1951
vn -0.9187 0.0980 -0.3827
vn 0.3805 -0.0406 -0.9239
vn 0.5524 -0.0590 -0.8315
vn 0.8268 -0.0882 0.5556
vn 0.7031 -0.0750 0.7071
vn -0.9187 0.0980 0.3827
vn -0.1940 0.0207 -0.9808
vn 0.9944 -0.1061 -0.0000
vn -0.3805 0.0406 0.9239
vn -0.8268 0.0882 -0.5556
vn 0.7031 -0.0750 -0.7071
vn 0.5524 -0.0590 0.8315
vn -0.9752 0.1041 0.1951
vn -0.0000 -0.0000 -1.0000
vn 0.9752 -0.1041 0.1951
vn -0.5524 0.0590 0.8315
vn -0.7031 0.0750 -0.7071
vn 0.8268 -0.0882 -0.5556
vn 0.3805 -0.0406 0.9239
vn -0.9944 0.1061 -0.0000
vn 0.1940 -0.0207 -0.9808
vn 0.9187 -0.0980 0.3827
vt 1.000000 0.954545
vt 0.968750 0.954545
vt 0.968750 1.000000
vt 1.000000 1.000000
vt 0.937500 0.954545
vt 0.937500 1.000000
vt 0.906250 0.954545
vt 0.906250 1.000000
vt 0.875000 0.954545
vt 0.875000 1.000000
vt 0.843750 0.954545
vt 0.843750 1.000000
vt 0.812500 0.954545
vt 0.812500 1.000000
vt 0.781250 0.954545
vt 0.781250 1.000000
vt 0.750000 0.954545
vt 0.750000 1.000000
vt 0.718750 0.954545
vt 0.718750 1.000000
vt 0.687500 0.954545
vt 0.687500 1.000000
vt 0.656250 0.954545
vt 0.656250 1.000000
vt 0.625000 0.954545
vt 0.625000 1.000000
vt 0.593750 0.954545
vt 0.593750 1.000000
vt 0.562500 0.954545
vt 0.562500 1.000000
vt 0.531250 0.954545
vt 0.531250 1.000000
vt 0.500000 0.954545
vt 0.500000 1.000000
vt 0.468750 0.954545
vt 0.468750 1.000000
vt 0.437500 0.954545
vt 0.437500 1.000000
vt 0.406250 0.954545
vt 0.406250 1.000000
vt 0.375000 0.954545
vt 0.375000 1.000000
vt 0.343750 0.954545
vt 0.343750 1.000000
vt 0.312500 0.954545
vt 0.312500 1.000000
vt 0.281250 0.954545
vt 0.281250 1.000000
vt 0.250000 0.954545
vt 0.250000 1.000000
vt 0.218750 0.954545
vt 0.218750 1.000000
vt 0.187500 0.954545
vt 0.187500 1.000000
vt 0.156250 0.954545
vt 0.156250 1.000000
vt 0.125000 0.954545
vt 0.125000 1.000000
vt 0.093750 0.954545
vt 0.093750 1.000000
vt 0.062500 0.954545
vt 0.062500 1.000000
vt 0.031250 0.954545
vt 0.031250 1.000000
vt 0.000000 0.954545
vt 0.000000 1.000000
vt 0.031250 0.500000
vt 0.000000 0.500000
vt 0.000000 0.545455
vt 0.031250 0.545455
vt 0.000000 0.590909
vt 0.031250 0.590909
vt 0.000000 0.636364
vt 0.031250 0.636364
vt 0.000000 0.681818
vt 0.031250 0.681818
vt 0.000000 0.727273
vt 0.031250 0.727273
vt 0.000000 0.772727
vt 0.031250 0.772727
vt 0.000000 0.818182
vt 0.031250 0.818182
vt 0.000000 0.863636
vt 0.031250 0.863636
vt 0.000000 0.909091
vt 0.031250 0.909091
vt 0.062500 0.500000
vt 0.062500 0.545455
vt 0.062500 0.590909
vt 0.062500 0.636364
vt 0.062500 0.681818
vt 0.062500 0.727273
vt 0.062500 0.772727
vt 0.062500 0.818182
vt 0.062500 0.863636
vt 0.062500 0.909091
vt 0.093750 0.500000
vt 0.093750 0.545455
vt 0.093750 0.590909
vt 0.093750 0.636364
vt 0.093750 0.681818
vt 0.093750 0.727273
vt 0.093750 0.772727
vt 0.093750 0.818182
vt 0.093750 0.863636
vt 0.093750 0.909091
vt 0.125000 0.500000
vt 0.125000 0.545455
vt 0.125000 0.590909
vt 0.125000 0.636364
vt 0.125000 0.681818
vt 0.125000 0.727273
vt 0.125000 0.772727
vt 0.125000 0.818182
vt 0.125000 0.863636
vt 0.125000 0.909091
vt 0.156250 0.500000
vt 0.156250 0.545455
vt 0.156250 0.590909
vt 0.156250 0.636364
vt 0.156250 0.681818
vt 0.156250 0.727273
vt 0.156250 0.772727
vt 0.156250 0.818182
vt 0.156250 0.863636
vt 0.156250 0.909091
vt 0.187500 0.500000
vt 0.187500 0.545455
vt 0.187500 0.590909
vt 0.187500 0.636364
vt 0.187500 0.681818
vt 0.187500 0.727273
vt 0.187500 0.772727
vt 0.187500 0.818182
vt 0.187500 0.863636
vt 0.187500 0.909091
vt 0.218750 0.500000
vt 0.218750 0.545455
vt 0.218750 0.590909
vt 0.218750 0.636364
vt 0.218750 0.681818
vt 0.218750 0.727273
vt 0.218750 0.772727
vt 0.218750 0.818182
vt 0.218750 0.863636
vt 0.218750 0.909091
vt 0.250000 0.500000
vt 0.250000 0.545455
vt 0.250000 0.590909
vt 0.250000 0.636364
vt 0.250000 0.681818
vt 0.250000 0.727273
vt 0.250000 0.772727
vt 0.250000 0.818182
vt 0.250000 0.863636
vt 0.250000 0.909091
vt 0.281250 0.500000
vt 0.281250 0.545455
vt 0.281250 0.590909
vt 0.281250 0.636364
vt 0.281250 0.681818
vt 0.281250 0.727273
vt 0.281250 0.772727
vt 0.281250 0.818182
vt 0.281250 0.863636
vt 0.281250 0.909091
vt 0.312500 0.500000
vt 0.312500 0.545455
vt 0.312500 0.590909
vt 0.312500 0.636364
vt 0.312500 0.681818
vt 0.312500 0.727273
vt 0.312500 0.772727
vt 0.312500 0.818182
vt 0.312500 0.863636
vt 0.312500 0.909091
vt 0.343750 0.500000
vt 0.343750 0.545455
vt 0.343750 0.590909
vt 0.343750 0.636364
vt 0.343750 0.681818
vt 0.343750 0.727273
vt 0.343750 0.772727
vt 0.343750 0.818182
vt 0.343750 0.863636
vt 0.343750 0.909091
vt 0.375000 0.500000
vt 0.375000 0.545455
vt 0.375000 0.590909
vt 0.375000 0.636364
vt 0.375000 0.681818
vt 0.375000 0.727273
vt 0.375000 0.772727
vt 0.375000 0.818182
vt 0.375000 0.863636
vt 0.375000 0.909091
vt 0.406250 0.500000
vt 0.406250 0.545455
vt 0.406250 0.590909
vt 0.406250 0.636364
vt 0.406250 0.681818
vt 0.406250 0.727273
vt 0.406250 0.772727
vt 0.406250 0.818182
vt 0.406250 0.863636
vt 0.406250 0.909091
vt 0.437500 0.500000
vt 0.437500 0.545455
vt 0.437500 0.590909
vt 0.437500 0.636364
vt 0.437500 0.681818
vt 0.437500 0.727273
vt 0.437500 0.772727
vt 0.437500 0.818182
vt 0.437500 0.863636
vt 0.437500 0.909091
vt 0.468750 0.500000
vt 0.468750 0.545455
vt 0.468750 0.590909
vt 0.468750 0.636364
vt 0.468750 0.681818
vt 0.468750 0.727273
vt 0.468750 0.772727
vt 0.468750 0.818182
vt 0.468750 0.863636
vt 0.468750 0.909091
vt 0.500000 0.500000
vt 0.500000 0.545455
vt 0.500000 0.590909
vt 0.500000 0.636364
vt 0.500000 0.681818
vt 0.500000 0.727273
vt 0.500000 0.772727
vt 0.500000 0.818182
vt 0.500000 0.863636
vt 0.500000 0.909091
vt 0.531250 0.500000
vt 0.531250 0.545455
vt 0.531250 0.590909
vt 0.531250 0.636364
vt 0.531250 0.681818
vt 0.531250 0.727273
vt 0.531250 0.772727
vt 0.531250 0.818182
vt 0.531250 0.863636
vt 0.531250 0.909091
vt 0.562500 0.500000
vt 0.562500 0.545455
vt 0.562500 0.590909
vt 0.562500 0.636364
vt 0.562500 0.681818
vt 0.562500 0.727273
vt 0.562500 0.772727
vt 0.562500 0.818182
vt 0.562500 0.863636
vt 0.562500 0.909091
vt 0.593750 0.500000
vt 0.593750 0.545455
vt 0.593750 0.590909
vt 0.593750 0.636364
vt 0.593750 0.681818
vt 0.593750 0.727273
vt 0.593750 0.772727
vt 0.593750 0.818182
vt 0.593750 0.863636
vt 0.593750 0.909091
vt 0.625000 0.500000
vt 0.625000 0.545455
vt 0.625000 0.590909
vt 0.625000 0.636364
vt 0.625000 0.681818
vt 0.625000 0.727273
vt 0.625000 0.772727
vt 0.625000 0.818182
vt 0.625000 0.863636
vt 0.625000 0.909091
vt 0.656250 0.500000
vt 0.656250 0.545455
vt 0.656250 0.590909
vt 0.656250 0.636364
vt 0.656250 0.681818
vt 0.656250 0.727273
vt 0.656250 0.772727
vt 0.656250 0.818182
vt 0.656250 0.863636
vt 0.656250 0.909091
vt 0.687500 0.500000
vt 0.687500 0.545455
vt 0.687500 0.590909
vt 0.687500 0.636364
vt 0.687500 0.681818
vt 0.687500 0.727273
vt 0.687500 0.772727
vt 0.687500 0.818182
vt 0.687500 0.863636
vt 0.687500 0.909091
vt 0.718750 0.500000
vt 0.718750 0.545455
vt 0.718750 0.590909
vt 0.718750 0.636364
vt 0.718750 0.681818
vt 0.718750 0.727273
vt 0.718750 0.772727
vt 0.718750 0.818182
vt 0.718750 0.863636
vt 0.718750 0.909091
vt 0.750000 0.500000
vt 0.750000 0.545455
vt 0.750000 0.590909
vt 0.750000 0.636364
vt 0.750000 0.681818
vt 0.750000 0.727273
vt 0.750000 0.772727
vt 0.750000 0.818182
vt 0.750000 0.863636
vt 0.750000 0.909091
vt 0.781250 0.500000
vt 0.781250 0.545455
vt 0.781250 0.590909
vt 0.781250 0.636364
vt 0.781250 0.681818
vt 0.781250 0.727273
vt 0.781250 0.772727
vt 0.781250 0.818182
vt 0.781250 0.863636
vt 0.781250 0.909091
vt 0.812500 0.500000
vt 0.812500 0.545455
vt 0.812500 0.590909
vt 0.812500 0.636364
vt 0.812500 0.681818
vt 0.812500 0.727273
vt 0.812500 0.772727
vt 0.812500 0.818182
vt 0.812500 0.863636
vt 0.812500 0.909091
vt 0.843750 0.500000
vt 0.843750 0.545455
vt 0.843750 0.590909
vt 0.843750 0.636364
vt 0.843750 0.681818
vt 0.843750 0.727273
vt 0.843750 0.772727
vt 0.843750 0.818182
vt 0.843750 0.863636
vt 0.843750 0.909091
vt 0.875000 0.500000
vt 0.875000 0.545455
vt 0.875000 0.590909
vt 0.875000 0.636364
vt 0.875000 0.681818
vt 0.875000 0.727273
vt 0.875000 0.772727
vt 0.875000 0.818182
vt 0.875000 0.863636
vt 0.875000 0.909091
vt 0.906250 0.500000
vt 0.906250 0.545455
vt 0.906250 0.590909
vt 0.906250 0.636364
vt 0.906250 0.681818
vt 0.906250 0.727273
vt 0.906250 0.772727
vt 0.906250 0.818182
vt 0.906250 0.863636
vt 0.906250 0.909091
vt 0.937500 0.500000
vt 0.937500 0.545455
vt 0.937500 0.590909
vt 0.937500 0.636364
vt 0.937500 0.681818
vt 0.937500 0.727273
vt 0.937500 0.772727
vt 0.937500 0.818182
vt 0.937500 0.863636
vt 0.937500 0.909091
vt 0.968750 0.500000
vt 0.968750 0.545455
vt 0.968750 0.590909
vt 0.968750 0.636364
vt 0.968750 0.681818
vt 0.968750 0.727273
vt 0.968750 0.772727
vt 0.968750 0.818182
vt 0.968750 0.863636
vt 0.968750 0.909091
vt 1.000000 0.500000
vt 1.000000 0.545455
vt 1.000000 0.590909
vt 1.000000 0.636364
vt 1.000000 0.681818
vt 1.000000 0.727273
vt 1.000000 0.772727
vt 1.000000 0.818182
vt 1.000000 0.863636
vt 1.000000 0.909091
s 1
f 2397/2324/1862 2398/2325/1863 2327/2326/1864 2325/2327/1865
f 2398/2325/1863 2408/2328/1866 2329/2329/1867 2327/2326/1864
f 2408/2328/1866 2418/2330/1868 2331/2331/1869 2329/2329/1867
f 2418/2330/1868 2428/2332/1870 2333/2333/1871 2331/2331/1869
f 2428/2332/1870 2438/2334/1872 2335/2335/1873 2333/2333/1871
f 2438/2334/1872 2448/2336/1874 2337/2337/1875 2335/2335/1873
f 2448/2336/1874 2458/2338/1876 2339/2339/1877 2337/2337/1875
f 2458/2338/1876 2468/2340/1878 2341/2341/1879 2339/2339/1877
f 2468/2340/1878 2478/2342/1880 2343/2343/1881 2341/2341/1879
f 2478/2342/1880 2488/2344/1882 2345/2345/1883 2343/2343/1881
f 2488/2344/1882 2498/2346/1884 2347/2347/1885 2345/2345/1883
f 2498/2346/1884 2508/2348/1886 2349/2349/1887 2347/2347/1885
f 2508/2348/1886 2518/2350/1888 2351/2351/1889 2349/2349/1887
f 2518/2350/1888 2528/2352/1890 2353/2353/1891 2351/2351/1889
f 2528/2352/1890 2538/2354/1892 2355/2355/1893 2353/2353/1891
f 2538/2354/1892 2548/2356/1894 2357/2357/1895 2355/2355/1893
f 2548/2356/1894 2558/2358/1896 2359/2359/1897 2357/2357/1895
f 2558/2358/1896 2568/2360/1898 2361/2361/1899 2359/2359/1897
f 2568/2360/1898 2578/2362/1900 2363/2363/1901 2361/2361/1899
f 2578/2362/1900 2588/2364/1902 2365/2365/1903 2363/2363/1901
f 2588/2364/1902 2598/2366/1904 2367/2367/1905 2365/2365/1903
f 2598/2366/1904 2608/2368/1906 2369/2369/1907 2367/2367/1905
f 2608/2368/1906 2618/2370/1908 2371/2371/1909 2369/2369/1907
f 2618/2370/1908 2628/2372/1910 2373/2373/1911 2371/2371/1909
f 2628/2372/1910 2638/2374/1912 2375/2375/1913 2373/2373/1911
f 2638/2374/1912 2648/2376/1914 2377/2377/1915 2375/2375/1913
f 2648/2376/1914 2658/2378/1916 2379/2379/1917 2377/2377/1915
f 2658/2378/1916 2668/2380/1918 2381/2381/1919 2379/2379/1917
f 2668/2380/1918 2678/2382/1920 2383/2383/1921 2381/2381/1919
f 2678/2382/1920 2688/2384/1922 2385/2385/1923 2383/2383/1921
f 2688/2384/1922 2698/2386/1924 2387/2387/1925 2385/2385/1923
f 2698/2386/1924 2397/2388/1862 2325/2389/1865 2387/2387/1925
f 2386/2390/1926 2324/2391/1927 2388/2392/1928 2707/2393/1929
f 2707/2393/1929 2388/2392/1928 2389/2394/1930 2706/2395/1931
f 2706/2395/1931 2389/2394/1930 2390/2396/1932 2705/2397/1933
f 2705/2397/1933 2390/2396/1932 2391/2398/1934 2704/2399/1935
f 2704/2399/1935 2391/2398/1934 2392/2400/1936 2703/2401/1937
f 2703/2401/1937 2392/2400/1936 2393/2402/1938 2702/2403/1939
f 2702/2403/1939 2393/2402/1938 2394/2404/1940 2701/2405/1941
f 2701/2405/1941 2394/2404/1940 2395/2406/1942 2700/2407/1943
f 2700/2407/1943 2395/2406/1942 2396/2408/1944 2699/2409/1945
f 2699/2409/1945 2396/2408/1944 2397/2388/1862 2698/2386/1924
f 2384/2410/1946 2386/2390/1926 2707/2393/1929 2697/2411/1947
f 2697/2411/1947 2707/2393/1929 2706/2395/1931 2696/2412/1948
f 2696/2412/1948 2706/2395/1931 2705/2397/1933 2695/2413/1949
f 2695/2413/1949 2705/2397/1933 2704/2399/1935 2694/2414/1950
f 2694/2414/1950 2704/2399/1935 2703/2401/1937 2693/2415/1951
f 2693/2415/1951 2703/2401/1937 2702/2403/1939 2692/2416/1952
f 2692/2416/1952 2702/2403/1939 2701/2405/1941 2691/2417/1953
f 2691/2417/1953 2701/2405/1941 2700/2407/1943 2690/2418/1954
f 2690/2418/1954 2700/2407/1943 2699/2409/1945 2689/2419/1955
f 2689/2419/1955 2699/2409/1945 2698/2386/1924 2688/2384/1922
f 2382/2420/1956 2384/2410/1946 2697/2411/1947 2687/2421/1957
f 2687/2421/1957 2697/2411/1947 2696/2412/1948 2686/2422/1958
f 2686/2422/1958 2696/2412/1948 2695/2413/1949 2685/2423/1959
f 2685/2423/1959 2695/2413/1949 2694/2414/1950 2684/2424/1960
f 2684/2424/1960 2694/2414/1950 2693/2415/1951 2683/2425/1961
f 2683/2425/1961 2693/2415/1951 2692/2416/1952 2682/2426/1962
f 2682/2426/1962 2692/2416/1952 2691/2417/1953 2681/2427/1963
f 2681/2427/1963 2691/2417/1953 2690/2418/1954 2680/2428/1964
f 2680/2428/1964 2690/2418/1954 2689/2419/1955 2679/2429/1965
f 2679/2429/1965 2689/2419/1955 2688/2384/1922 2678/2382/1920
f 2380/2430/1966 2382/2420/1956 2687/2421/1957 2677/2431/1967
f 2677/2431/1967 2687/2421/1957 2686/2422/1958 2676/2432/1968
f 2676/2432/1968 2686/2422/1958 2685/2423/1959 2675/2433/1969
f 2675/2433/1969 2685/2423/1959 2684/2424/1960 2674/2434/1970
f 2674/2434/1970 2684/2424/1960 2683/2425/1961 2673/2435/1971
f 2673/2435/1971 2683/2425/1961 2682/2426/1962 2672/2436/1972
f 2672/2436/1972 2682/2426/1962 2681/2427/1963 2671/2437/1973
f 2671/2437/1973 2681/2427/1963 2680/2428/1964 2670/2438/1974
f 2670/2438/1974 2680/2428/1964 2679/2429/1965 2669/2439/1975
f 2669/2439/1975 2679/2429/1965 2678/2382/1920 2668/2380/1918
f 2378/2440/1976 2380/2430/1966 2677/2431/1967 2667/2441/1977
f 2667/2441/1977 2677/2431/1967 2676/2432/1968 2666/2442/1978
f 2666/2442/1978 2676/2432/1968 2675/2433/1969 2665/2443/1979
f 2665/2443/1979 2675/2433/1969 2674/2434/1970 2664/2444/1980
f 2664/2444/1980 2674/2434/1970 2673/2435/1971 2663/2445/1981
f 2663/2445/1981 2673/2435/1971 2672/2436/1972 2662/2446/1982
f 2662/2446/1982 2672/2436/1972 2671/2437/1973 2661/2447/1983
f 2661/2447/1983 2671/2437/1973 2670/2438/1974 2660/2448/1984
f 2660/2448/1984 2670/2438/1974 2669/2439/1975 2659/2449/1985
f 2659/2449/1985 2669/2439/1975 2668/2380/1918 2658/2378/1916
f 2376/2450/1986 2378/2440/1976 2667/2441/1977 2657/2451/1987
f 2657/2451/1987 2667/2441/1977 2666/2442/1978 2656/2452/1988
f 2656/2452/1988 2666/2442/1978 2665/2443/1979 2655/2453/1989
f 2655/2453/1989 2665/2443/1979 2664/2444/1980 2654/2454/1990
f 2654/2454/1990 2664/2444/1980 2663/2445/1981 2653/2455/1991
f 2653/2455/1991 2663/2445/1981 2662/2446/1982 2652/2456/1992
f 2652/2456/1992 2662/2446/1982 2661/2447/1983 2651/2457/1993
f 2651/2457/1993 2661/2447/1983 2660/2448/1984 2650/2458/1994
f 2650/2458/1994 2660/2448/1984 2659/2449/1985 2649/2459/1995
f 2649/2459/1995 2659/2449/1985 2658/2378/1916 2648/2376/1914
f 2374/2460/1996 2376/2450/1986 2657/2451/1987 2647/2461/1997
f 2647/2461/1997 2657/2451/1987 2656/2452/1988 2646/2462/1998
f 2646/2462/1998 2656/2452/1988 2655/2453/1989 2645/2463/1999
f 2645/2463/1999 2655/2453/1989 2654/2454/1990 2644/2464/2000
f 2644/2464/2000 2654/2454/1990 2653/2455/1991 2643/2465/2001
f 2643/2465/2001 2653/2455/1991 2652/2456/1992 2642/2466/2002
f 2642/2466/2002 2652/2456/1992 2651/2457/1993 2641/2467/2003
f 2641/2467/2003 2651/2457/1993 2650/2458/1994 2640/2468/2004
f 2640/2468/2004 2650/2458/1994 2649/2459/1995 2639/2469/2005
f 2639/2469/2005 2649/2459/1995 2648/2376/1914 2638/2374/1912
f 2372/2470/2006 2374/2460/1996 2647/2461/1997 2637/2471/2007
f 2637/2471/2007 2647/2461/1997 2646/2462/1998 2636/2472/2008
f 2636/2472/2008 2646/2462/1998 2645/2463/1999 2635/2473/2009
f 2635/2473/2009 2645/2463/1999 2644/2464/2000 2634/2474/2010
f 2634/2474/2010 2644/2464/2000 2643/2465/2001 2633/2475/2011
f 2633/2475/2011 2643/2465/2001 2642/2466/2002 2632/2476/2012
f 2632/2476/2012 2642/2466/2002 2641/2467/2003 2631/2477/2013
f 2631/2477/2013 2641/2467/2003 2640/2468/2004 2630/2478/2014
f 2630/2478/2014 2640/2468/2004 2639/2469/2005 2629/2479/2015
f 2629/2479/2015 2639/2469/2005 2638/2374/1912 2628/2372/1910
f 2370/2480/2016 2372/2470/2006 2637/2471/2007 2627/2481/2017
f 2627/2481/2017 2637/2471/2007 2636/2472/2008 2626/2482/2018
f 2626/2482/2018 2636/2472/2008 2635/2473/2009 2625/2483/2019
f 2625/2483/2019 2635/2473/2009 2634/2474/2010 2624/2484/2020
f 2624/2484/2020 2634/2474/2010 2633/2475/2011 2623/2485/2021
f 2623/2485/2021 2633/2475/2011 2632/2476/2012 2622/2486/2022
f 2622/2486/2022 2632/2476/2012 2631/2477/2013 2621/2487/2023
f 2621/2487/2023 2631/2477/2013 2630/2478/2014 2620/2488/2024
f 2620/2488/2024 2630/2478/2014 2629/2479/2015 2619/2489/2025
f 2619/2489/2025 2629/2479/2015 2628/2372/1910 2618/2370/1908
f 2368/2490/2026 2370/2480/2016 2627/2481/2017 2617/2491/2027
f 2617/2491/2027 2627/2481/2017 2626/2482/2018 2616/2492/2028
f 2616/2492/2028 2626/2482/2018 2625/2483/2019 2615/2493/2029
f 2615/2493/2029 2625/2483/2019 2624/2484/2020 2614/2494/2030
f 2614/2494/2030 2624/2484/2020 2623/2485/2021 2613/2495/2031
f 2613/2495/2031 2623/2485/2021 2622/2486/2022 2612/2496/2032
f 2612/2496/2032 2622/2486/2022 2621/2487/2023 2611/2497/2033
f 2611/2497/2033 2621/2487/2023 2620/2488/2024 2610/2498/2034
f 2610/2498/2034 2620/2488/2024 2619/2489/2025 2609/2499/2035
f 2609/2499/2035 2619/2489/2025 2618/2370/1908 2608/2368/1906
f 2366/2500/2036 2368/2490/2026 2617/2491/2027 2607/2501/2037
f 2607/2501/2037 2617/2491/2027 2616/2492/2028 2606/2502/2038
f 2606/2502/2038 2616/2492/2028 2615/2493/2029 2605/2503/2039
f 2605/2503/2039 2615/2493/2029 2614/2494/2030 2604/2504/2040
f 2604/2504/2040 2614/2494/2030 2613/2495/2031 2603/2505/2041
f 2603/2505/2041 2613/2495/2031 2612/2496/2032 2602/2506/2042
f 2602/2506/2042 2612/2496/2032 2611/2497/2033 2601/2507/2043
f 2601/2507/2043 2611/2497/2033 2610/2498/2034 2600/2508/2044
f 2600/2508/2044 2610/2498/2034 2609/2499/2035 2599/2509/2045
f 2599/2509/2045 2609/2499/2035 2608/2368/1906 2598/2366/1904
f 2364/2510/2046 2366/2500/2036 2607/2501/2037 2597/2511/2047
f 2597/2511/2047 2607/2501/2037 2606/2502/2038 2596/2512/2048
f 2596/2512/2048 2606/2502/2038 2605/2503/2039 2595/2513/2049
f 2595/2513/2049 2605/2503/2039 2604/2504/2040 2594/2514/2050
f 2594/2514/2050 2604/2504/2040 2603/2505/2041 2593/2515/2051
f 2593/2515/2051 2603/2505/2041 2602/2506/2042 2592/2516/2052
f 2592/2516/2052 2602/2506/2042 2601/2507/2043 2591/2517/2053
f 2591/2517/2053 2601/2507/2043 2600/2508/2044 2590/2518/2054
f 2590/2518/2054 2600/2508/2044 2599/2509/2045 2589/2519/2055
f 2589/2519/2055 2599/2509/2045 2598/2366/1904 2588/2364/1902
f 2362/2520/2056 2364/2510/2046 2597/2511/2047 2587/2521/2057
f 2587/2521/2057 2597/2511/2047 2596/2512/2048 2586/2522/2058
f 2586/2522/2058 2596/2512/2048 2595/2513/2049 2585/2523/2059
f 2585/2523/2059 2595/2513/2049 2594/2514/2050 2584/2524/2060
f 2584/2524/2060 2594/2514/2050 2593/2515/2051 2583/2525/2061
f 2583/2525/2061 2593/2515/2051 2592/2516/2052 2582/2526/2062
f 2582/2526/2062 2592/2516/2052 2591/2517/2053 2581/2527/2063
f 2581/2527/2063 2591/2517/2053 2590/2518/2054 2580/2528/2064
f 2580/2528/2064 2590/2518/2054 2589/2519/2055 2579/2529/2065
f 2579/2529/2065 2589/2519/2055 2588/2364/1902 2578/2362/1900
f 2360/2530/2066 2362/2520/2056 2587/2521/2057 2577/2531/2067
f 2577/2531/2067 2587/2521/2057 2586/2522/2058 2576/2532/2068
f 2576/2532/2068 2586/2522/2058 2585/2523/2059 2575/2533/2069
f 2575/2533/2069 2585/2523/2059 2584/2524/2060 2574/2534/2070
f 2574/2534/2071 2584/2524/2060 2583/2525/2061 2573/2535/2072
f 2573/2535/2072 2583/2525/2061 2582/2526/2062 2572/2536/2073
f 2572/2536/2073 2582/2526/2062 2581/2527/2063 2571/2537/2074
f 2571/2537/2074 2581/2527/2063 2580/2528/2064 2570/2538/2075
f 2570/2538/2075 2580/2528/2064 2579/2529/2065 2569/2539/2076
f 2569/2539/2076 2579/2529/2065 2578/2362/1900 2568/2360/1898
f 2358/2540/2077 2360/2530/2066 2577/2531/2067 2567/2541/2078
f 2567/2541/2078 2577/2531/2067 2576/2532/2068 2566/2542/2079
f 2566/2542/2079 2576/2532/2068 2575/2533/2069 2565/2543/2080
f 2565/2543/2080 2575/2533/2069 2574/2534/2070 2564/2544/2081
f 2564/2544/2082 2574/2534/2071 2573/2535/2072 2563/2545/2083
f 2563/2545/2083 2573/2535/2072 2572/2536/2073 2562/2546/2084
f 2562/2546/2084 2572/2536/2073 2571/2537/2074 2561/2547/2085
f 2561/2547/2085 2571/2537/2074 2570/2538/2075 2560/2548/2086
f 2560/2548/2086 2570/2538/2075 2569/2539/2076 2559/2549/2087
f 2559/2549/2087 2569/2539/2076 2568/2360/1898 2558/2358/1896
f 2356/2550/2088 2358/2540/2077 2567/2541/2078 2557/2551/2089
f 2557/2551/2089 2567/2541/2078 2566/2542/2079 2556/2552/2090
f 2556/2552/2090 2566/2542/2079 2565/2543/2080 2555/2553/2091
f 2555/2553/2091 2565/2543/2080 2564/2544/2081 2554/2554/2092
f 2554/2554/2093 2564/2544/2082 2563/2545/2083 2553/2555/2094
f 2553/2555/2094 2563/2545/2083 2562/2546/2084 2552/2556/2095
f 2552/2556/2095 2562/2546/2084 2561/2547/2085 2551/2557/2096
f 2551/2557/2096 2561/2547/2085 2560/2548/2086 2550/2558/2097
f 2550/2558/2097 2560/2548/2086 2559/2549/2087 2549/2559/2098
f 2549/2559/2098 2559/2549/2087 2558/2358/1896 2548/2356/1894
f 2354/2560/2099 2356/2550/2088 2557/2551/2089 2547/2561/2100
f 2547/2561/2100 2557/2551/2089 2556/2552/2090 2546/2562/2101
f 2546/2562/2101 2556/2552/2090 2555/2553/2091 2545/2563/2102
f 2545/2563/2102 2555/2553/2091 2554/2554/2092 2544/2564/2103
f 2544/2564/2103 2554/2554/2093 2553/2555/2094 2543/2565/2104
f 2543/2565/2104 2553/2555/2094 2552/2556/2095 2542/2566/2105
f 2542/2566/2105 2552/2556/2095 2551/2557/2096 2541/2567/2106
f 2541/2567/2106 2551/2557/2096 2550/2558/2097 2540/2568/2107
f 2540/2568/2107 2550/2558/2097 2549/2559/2098 2539/2569/2108
f 2539/2569/2108 2549/2559/2098 2548/2356/1894 2538/2354/1892
f 2352/2570/2109 2354/2560/2099 2547/2561/2100 2537/2571/2110
f 2537/2571/2110 2547/2561/2100 2546/2562/2101 2536/2572/2111
f 2536/2572/2111 2546/2562/2101 2545/2563/2102 2535/2573/2112
f 2535/2573/2112 2545/2563/2102 2544/2564/2103 2534/2574/2113
f 2534/2574/2113 2544/2564/2103 2543/2565/2104 2533/2575/2114
f 2533/2575/2114 2543/2565/2104 2542/2566/2105 2532/2576/2115
f 2532/2576/2115 2542/2566/2105 2541/2567/2106 2531/2577/2116
f 2531/2577/2116 2541/2567/2106 2540/2568/2107 2530/2578/2117
f 2530/2578/2117 2540/2568/2107 2539/2569/2108 2529/2579/2118
f 2529/2579/2118 2539/2569/2108 2538/2354/1892 2528/2352/1890
f 2350/2580/2119 2352/2570/2109 2537/2571/2110 2527/2581/2120
f 2527/2581/2120 2537/2571/2110 2536/2572/2111 2526/2582/2121
f 2526/2582/2121 2536/2572/2111 2535/2573/2112 2525/2583/2122
f 2525/2583/2122 2535/2573/2112 2534/2574/2113 2524/2584/2123
f 2524/2584/2123 2534/2574/2113 2533/2575/2114 2523/2585/2124
f 2523/2585/2124 2533/2575/2114 2532/2576/2115 2522/2586/2125
f 2522/2586/2125 2532/2576/2115 2531/2577/2116 2521/2587/2126
f 2521/2587/2126 2531/2577/2116 2530/2578/2117 2520/2588/2127
f 2520/2588/2127 2530/2578/2117 2529/2579/2118 2519/2589/2128
f 2519/2589/2128 2529/2579/2118 2528/2352/1890 2518/2350/1888
f 2348/2590/2129 2350/2580/2119 2527/2581/2120 2517/2591/2130
f 2517/2591/2130 2527/2581/2120 2526/2582/2121 2516/2592/2131
f 2516/2592/2131 2526/2582/2121 2525/2583/2122 2515/2593/2132
f 2515/2593/2132 2525/2583/2122 2524/2584/2123 2514/2594/2133
f 2514/2594/2133 2524/2584/2123 2523/2585/2124 2513/2595/2134
f 2513/2595/2134 2523/2585/2124 2522/2586/2125 2512/2596/2135
f 2512/2596/2135 2522/2586/2125 2521/2587/2126 2511/2597/2136
f 2511/2597/2136 2521/2587/2126 2520/2588/2127 2510/2598/2137
f 2510/2598/2137 2520/2588/2127 2519/2589/2128 2509/2599/2138
f 2509/2599/2138 2519/2589/2128 2518/2350/1888 2508/2348/1886
f 2346/2600/2139 2348/2590/2129 2517/2591/2130 2507/2601/2140
f 2507/2601/2140 2517/2591/2130 2516/2592/2131 2506/2602/2141
f 2506/2602/2141 2516/2592/2131 2515/2593/2132 2505/2603/2142
f 2505/2603/2142 2515/2593/2132 2514/2594/2133 2504/2604/2143
f 2504/2604/2143 2514/2594/2133 2513/2595/2134 2503/2605/2144
f 2503/2605/2144 2513/2595/2134 2512/2596/2135 2502/2606/2145
f 2502/2606/2145 2512/2596/2135 2511/2597/2136 2501/2607/2146
f 2501/2607/2146 2511/2597/2136 2510/2598/2137 2500/2608/2147
f 2500/2608/2147 2510/2598/2137 2509/2599/2138 2499/2609/2148
f 2499/2609/2148 2509/2599/2138 2508/2348/1886 2498/2346/1884
f 2344/2610/2149 2346/2600/2139 2507/2601/2140 2497/2611/2150
f 2497/2611/2150 2507/2601/2140 2506/2602/2141 2496/2612/2151
f 2496/2612/2151 2506/2602/2141 2505/2603/2142 2495/2613/2152
f 2495/2613/2152 2505/2603/2142 2504/2604/2143 2494/2614/2153
f 2494/2614/2153 2504/2604/2143 2503/2605/2144 2493/2615/2154
f 2493/2615/2154 2503/2605/2144 2502/2606/2145 2492/2616/2155
f 2492/2616/2155 2502/2606/2145 2501/2607/2146 2491/2617/2156
f 2491/2617/2156 2501/2607/2146 2500/2608/2147 2490/2618/2157
f 2490/2618/2157 2500/2608/2147 2499/2609/2148 2489/2619/2158
f 2489/2619/2158 2499/2609/2148 2498/2346/1884 2488/2344/1882
f 2342/2620/2159 2344/2610/2149 2497/2611/2150 2487/2621/2160
f 2487/2621/2160 2497/2611/2150 2496/2612/2151 2486/2622/2161
f 2486/2622/2161 2496/2612/2151 2495/2613/2152 2485/2623/2162
f 2485/2623/2162 2495/2613/2152 2494/2614/2153 2484/2624/2163
f 2484/2624/2163 2494/2614/2153 2493/2615/2154 2483/2625/2164
f 2483/2625/2164 2493/2615/2154 2492/2616/2155 2482/2626/2165
f 2482/2626/2165 2492/2616/2155 2491/2617/2156 2481/2627/2166
f 2481/2627/2166 2491/2617/2156 2490/2618/2157 2480/2628/2167
f 2480/2628/2167 2490/2618/2157 2489/2619/2158 2479/2629/2168
f 2479/2629/2168 2489/2619/2158 2488/2344/1882 2478/2342/1880
f 2340/2630/2169 2342/2620/2159 2487/2621/2160 2477/2631/2170
f 2477/2631/2170 2487/2621/2160 2486/2622/2161 2476/2632/2171
f 2476/2632/2171 2486/2622/2161 2485/2623/2162 2475/2633/2172
f 2475/2633/2172 2485/2623/2162 2484/2624/2163 2474/2634/2173
f 2474/2634/2173 2484/2624/2163 2483/2625/2164 2473/2635/2174
f 2473/2635/2174 2483/2625/2164 2482/2626/2165 2472/2636/2175
f 2472/2636/2175 2482/2626/2165 2481/2627/2166 2471/2637/2176
f 2471/2637/2176 2481/2627/2166 2480/2628/2167 2470/2638/2177
f 2470/2638/2177 2480/2628/2167 2479/2629/2168 2469/2639/2178
f 2469/2639/2178 2479/2629/2168 2478/2342/1880 2468/2340/1878
f 2338/2640/2179 2340/2630/2169 2477/2631/2170 2467/2641/2180
f 2467/2641/2180 2477/2631/2170 2476/2632/2171 2466/2642/2181
f 2466/2642/2181 2476/2632/2171 2475/2633/2172 2465/2643/2182
f 2465/2643/2182 2475/2633/2172 2474/2634/2173 2464/2644/2183
f 2464/2644/2183 2474/2634/2173 2473/2635/2174 2463/2645/2184
f 2463/2645/2184 2473/2635/2174 2472/2636/2175 2462/2646/2185
f 2462/2646/2185 2472/2636/2175 2471/2637/2176 2461/2647/2186
f 2461/2647/2186 2471/2637/2176 2470/2638/2177 2460/2648/2187
f 2460/2648/2187 2470/2638/2177 2469/2639/2178 2459/2649/2188
f 2459/2649/2188 2469/2639/2178 2468/2340/1878 2458/2338/1876
f 2336/2650/2189 2338/2640/2179 2467/2641/2180 2457/2651/2190
f 2457/2651/2190 2467/2641/2180 2466/2642/2181 2456/2652/2191
f 2456/2652/2191 2466/2642/2181 2465/2643/2182 2455/2653/2192
f 2455/2653/2192 2465/2643/2182 2464/2644/2183 2454/2654/2193
f 2454/2654/2193 2464/2644/2183 2463/2645/2184 2453/2655/2194
f 2453/2655/2194 2463/2645/2184 2462/2646/2185 2452/2656/2195
f 2452/2656/2195 2462/2646/2185 2461/2647/2186 2451/2657/2196
f 2451/2657/2196 2461/2647/2186 2460/2648/2187 2450/2658/2197
f 2450/2658/2197 2460/2648/2187 2459/2649/2188 2449/2659/2198
f 2449/2659/2198 2459/2649/2188 2458/2338/1876 2448/2336/1874
f 2334/2660/2199 2336/2650/2189 2457/2651/2190 2447/2661/2200
f 2447/2661/2200 2457/2651/2190 2456/2652/2191 2446/2662/2201
f 2446/2662/2201 2456/2652/2191 2455/2653/2192 2445/2663/2202
f 2445/2663/2202 2455/2653/2192 2454/2654/2193 2444/2664/2203
f 2444/2664/2203 2454/2654/2193 2453/2655/2194 2443/2665/2204
f 2443/2665/2204 2453/2655/2194 2452/2656/2195 2442/2666/2205
f 2442/2666/2205 2452/2656/2195 2451/2657/2196 2441/2667/2206
f 2441/2667/2206 2451/2657/2196 2450/2658/2197 2440/2668/2207
f 2440/2668/2207 2450/2658/2197 2449/2659/2198 2439/2669/2208
f 2439/2669/2208 2449/2659/2198 2448/2336/1874 2438/2334/1872
f 2332/2670/2209 2334/2660/2199 2447/2661/2200 2437/2671/2210
f 2437/2671/2210 2447/2661/2200 2446/2662/2201 2436/2672/2211
f 2436/2672/2211 2446/2662/2201 2445/2663/2202 2435/2673/2212
f 2435/2673/2212 2445/2663/2202 2444/2664/2203 2434/2674/2213
f 2434/2674/2213 2444/2664/2203 2443/2665/2204 2433/2675/2214
f 2433/2675/2214 2443/2665/2204 2442/2666/2205 2432/2676/2215
f 2432/2676/2215 2442/2666/2205 2441/2667/2206 2431/2677/2216
f 2431/2677/2216 2441/2667/2206 2440/2668/2207 2430/2678/2217
f 2430/2678/2217 2440/2668/2207 2439/2669/2208 2429/2679/2218
f 2429/2679/2218 2439/2669/2208 2438/2334/1872 2428/2332/1870
f 2330/2680/2219 2332/2670/2209 2437/2671/2210 2427/2681/2220
f 2427/2681/2220 2437/2671/2210 2436/2672/2211 2426/2682/2221
f 2426/2682/2221 2436/2672/2211 2435/2673/2212 2425/2683/2222
f 2425/2683/2222 2435/2673/2212 2434/2674/2213 2424/2684/2223
f 2424/2684/2223 2434/2674/2213 2433/2675/2214 2423/2685/2224
f 2423/2685/2224 2433/2675/2214 2432/2676/2215 2422/2686/2225
f 2422/2686/2225 2432/2676/2215 2431/2677/2216 2421/2687/2226
f 2421/2687/2226 2431/2677/2216 2430/2678/2217 2420/2688/2227
f 2420/2688/2227 2430/2678/2217 2429/2679/2218 2419/2689/2228
f 2419/2689/2228 2429/2679/2218 2428/2332/1870 2418/2330/1868
f 2328/2690/2229 2330/2680/2219 2427/2681/2220 2417/2691/2230
f 2417/2691/2230 2427/2681/2220 2426/2682/2221 2416/2692/2231
f 2416/2692/2231 2426/2682/2221 2425/2683/2222 2415/2693/2232
f 2415/2693/2232 2425/2683/2222 2424/2684/2223 2414/2694/2233
f 2414/2694/2233 2424/2684/2223 2423/2685/2224 2413/2695/2234
f 2413/2695/2234 2423/2685/2224 2422/2686/2225 2412/2696/2235
f 2412/2696/2235 2422/2686/2225 2421/2687/2226 2411/2697/2236
f 2411/2697/2236 2421/2687/2226 2420/2688/2227 2410/2698/2237
f 2410/2698/2237 2420/2688/2227 2419/2689/2228 2409/2699/2238
f 2409/2699/2238 2419/2689/2228 2418/2330/1868 2408/2328/1866
f 2326/2700/2239 2328/2690/2229 2417/2691/2230 2407/2701/2240
f 2407/2701/2240 2417/2691/2230 2416/2692/2231 2406/2702/2241
f 2406/2702/2241 2416/2692/2231 2415/2693/2232 2405/2703/2242
f 2405/2703/2242 2415/2693/2232 2414/2694/2233 2404/2704/2243
f 2404/2704/2243 2414/2694/2233 2413/2695/2234 2403/2705/2244
f 2403/2705/2244 2413/2695/2234 2412/2696/2235 2402/2706/2245
f 2402/2706/2245 2412/2696/2235 2411/2697/2236 2401/2707/2246
f 2401/2707/2246 2411/2697/2236 2410/2698/2237 2400/2708/2247
f 2400/2708/2247 2410/2698/2237 2409/2699/2238 2399/2709/2248
f 2399/2709/2248 2409/2699/2238 2408/2328/1866 2398/2325/1863
f 2324/2710/1927 2326/2700/2239 2407/2701/2240 2388/2711/1928
f 2388/2711/1928 2407/2701/2240 2406/2702/2241 2389/2712/1930
f 2389/2712/1930 2406/2702/2241 2405/2703/2242 2390/2713/1932
f 2390/2713/1932 2405/2703/2242 2404/2704/2243 2391/2714/1934
f 2391/2714/1934 2404/2704/2243 2403/2705/2244 2392/2715/1936
f 2392/2715/1936 2403/2705/2244 2402/2706/2245 2393/2716/1938
f 2393/2716/1938 2402/2706/2245 2401/2707/2246 2394/2717/1940
f 2394/2717/1940 2401/2707/2246 2400/2708/2247 2395/2718/1942
f 2395/2718/1942 2400/2708/2247 2399/2709/2248 2396/2719/1944
f 2396/2719/1944 2399/2709/2248 2398/2325/1863 2397/2324/1862
f 2347/2347/1885 2719/2347/2249 2718/2345/2250 2345/2345/1883
f 2365/2365/1903 2728/2365/2251 2727/2363/2252 2363/2363/1901
f 2383/2383/1921 2737/2383/2253 2736/2381/2254 2381/2381/1919
f 2339/2339/1877 2715/2339/2255 2714/2337/2256 2337/2337/1875
f 2357/2357/1895 2724/2357/2257 2723/2355/2258 2355/2355/1893
f 2375/2375/1913 2733/2375/2259 2732/2373/2260 2373/2373/1911
f 2331/2331/1869 2711/2331/2261 2710/2329/2262 2329/2329/1867
f 2349/2349/1887 2720/2349/2263 2719/2347/2249 2347/2347/1885
f 2367/2367/1905 2729/2367/2264 2728/2365/2251 2365/2365/1903
f 2385/2385/1923 2738/2385/2265 2737/2383/2253 2383/2383/1921
f 2341/2341/1879 2716/2341/2266 2715/2339/2255 2339/2339/1877
f 2359/2359/1897 2725/2359/2267 2724/2357/2257 2357/2357/1895
f 2377/2377/1915 2734/2377/2268 2733/2375/2259 2375/2375/1913
f 2333/2333/1871 2712/2333/2269 2711/2331/2270 2331/2331/1869
f 2351/2351/1889 2721/2351/2271 2720/2349/2263 2349/2349/1887
f 2369/2369/1907 2730/2369/2272 2729/2367/2264 2367/2367/1905
f 2387/2387/1925 2739/2387/2273 2738/2385/2265 2385/2385/1923
f 2343/2343/1881 2717/2343/2274 2716/2341/2266 2341/2341/1879
f 2361/2361/1899 2726/2361/2275 2725/2359/2267 2359/2359/1897
f 2379/2379/1917 2735/2379/2276 2734/2377/2268 2377/2377/1915
f 2335/2335/1873 2713/2335/2277 2712/2333/2269 2333/2333/1871
f 2353/2353/1891 2722/2353/2278 2721/2351/2271 2351/2351/1889
f 2371/2371/1909 2731/2371/2279 2730/2369/2272 2369/2369/1907
f 2327/2326/1864 2709/2326/2280 2708/2327/2281 2325/2327/1865
f 2325/2389/1865 2708/2389/2281 2739/2387/2273 2387/2387/1925
f 2345/2345/1883 2718/2345/2250 2717/2343/2274 2343/2343/1881
f 2363/2363/1901 2727/2363/2252 2726/2361/2275 2361/2361/1899
f 2381/2381/1919 2736/2381/2254 2735/2379/2276 2379/2379/1917
f 2337/2337/1875 2714/2337/2256 2713/2335/2277 2335/2335/1873
f 2355/2355/1893 2723/2355/2258 2722/2353/2278 2353/2353/1891
f 2373/2373/1911 2732/2373/2260 2731/2371/2279 2371/2371/1909
f 2329/2329/1867 2710/2329/2262 2709/2326/2280 2327/2326/1864
f 2332/2670/2209 2744/2670/2282 2745/2660/2283 2334/2660/2199
f 2740/2391/2284 2771/2390/2284 2770/2410/2284 2769/2420/2284 2768/2430/2284 2767/2440/2284 2766/2450/2284 2765/2460/2284 2764/2470/2284 2763/2480/2284 2762/2490/2284 2761/2500/2284 2760/2510/2284 2759/2520/2284 2758/2530/2284 2757/2540/2284 2756/2550/2284 2755/2560/2284 2754/2570/2284 2753/2580/2284 2752/2590/2284 2751/2600/2284 2750/2610/2284 2749/2620/2284 2748/2630/2284 2747/2640/2284 2746/2650/2284 2745/2660/2284 2744/2670/2284 2743/2680/2284 2742/2690/2284 2741/2700/2284
f 2350/2580/2119 2753/2580/2285 2754/2570/2286 2352/2570/2109
f 2368/2490/2026 2762/2490/2287 2763/2480/2288 2370/2480/2016
f 2324/2710/1927 2740/2710/2289 2741/2700/2290 2326/2700/2239
f 2386/2390/1926 2771/2390/2291 2740/2391/2289 2324/2391/1927
f 2342/2620/2159 2749/2620/2292 2750/2610/2293 2344/2610/2149
f 2360/2530/2066 2758/2530/2294 2759/2520/2295 2362/2520/2056
f 2378/2440/1976 2767/2440/2296 2768/2430/2297 2380/2430/1966
f 2334/2660/2199 2745/2660/2283 2746/2650/2298 2336/2650/2189
f 2352/2570/2109 2754/2570/2286 2755/2560/2299 2354/2560/2099
f 2370/2480/2016 2763/2480/2288 2764/2470/2300 2372/2470/2006
f 2326/2700/2239 2741/2700/2290 2742/2690/2301 2328/2690/2229
f 2344/2610/2149 2750/2610/2293 2751/2600/2302 2346/2600/2139
f 2362/2520/2056 2759/2520/2295 2760/2510/2303 2364/2510/2046
f 2380/2430/1966 2768/2430/2297 2769/2420/2304 2382/2420/1956
f 2336/2650/2189 2746/2650/2298 2747/2640/2305 2338/2640/2179
f 2354/2560/2099 2755/2560/2299 2756/2550/2306 2356/2550/2088
f 2372/2470/2006 2764/2470/2300 2765/2460/2307 2374/2460/1996
f 2328/2690/2229 2742/2690/2301 2743/2680/2308 2330/2680/2219
f 2346/2600/2139 2751/2600/2302 2752/2590/2309 2348/2590/2129
f 2364/2510/2046 2760/2510/2303 2761/2500/2310 2366/2500/2036
f 2382/2420/1956 2769/2420/2304 2770/2410/2311 2384/2410/1946
f 2338/2640/2179 2747/2640/2305 2748/2630/2312 2340/2630/2169
f 2356/2550/2088 2756/2550/2306 2757/2540/2313 2358/2540/2077
f 2374/2460/1996 2765/2460/2307 2766/2450/2314 2376/2450/1986
f 2330/2680/2219 2743/2680/2308 2744/2670/2282 2332/2670/2209
f 2348/2590/2129 2752/2590/2309 2753/2580/2285 2350/2580/2119
f 2366/2500/2036 2761/2500/2310 2762/2490/2287 2368/2490/2026
f 2384/2410/1946 2770/2410/2311 2771/2390/2291 2386/2390/1926
f 2340/2630/2169 2748/2630/2312 2749/2620/2292 2342/2620/2159
f 2358/2540/2077 2757/2540/2313 2758/2530/2294 2360/2530/2066
f 2376/2450/1986 2766/2450/2314 2767/2440/2296 2378/2440/1976
